[LaunchTrace] +0ms app_init
2026-08-27 23:33:03.584 NuvioTV[87111:12635317] -canOpenURL: failed for URL: "infuse://" - error: "The operation couldn’t be completed. (OSStatus error -10814.)"
[ExtPlayerProbe] canOpenURL(infuse://) = false
2026-08-27 23:33:03.585 NuvioTV[87111:12635317] -canOpenURL: failed for URL: "vlc-x-callback://" - error: "The operation couldn’t be completed. (OSStatus error -10814.)"
[ExtPlayerProbe] canOpenURL(vlc-x-callback://) = false
2026-08-27 23:33:03.586 NuvioTV[87111:12635317] -canOpenURL: failed for URL: "outplayer://" - error: "The operation couldn’t be completed. (OSStatus error -10814.)"
[ExtPlayerProbe] canOpenURL(outplayer://) = false
2026-08-27 23:33:03.586 NuvioTV[87111:12635317] -canOpenURL: failed for URL: "open-vidhub://" - error: "The operation couldn’t be completed. (OSStatus error -10814.)"
[ExtPlayerProbe] canOpenURL(open-vidhub://) = false
2026-08-27 23:33:03.587 NuvioTV[87111:12635317] -canOpenURL: failed for URL: "vidhub://" - error: "The operation couldn’t be completed. (OSStatus error -10814.)"
[ExtPlayerProbe] canOpenURL(vidhub://) = false
2026-08-27 23:33:03.588 NuvioTV[87111:12635317] -canOpenURL: failed for URL: "infuse://" - error: "The operation couldn’t be completed. (OSStatus error -10814.)"
2026-08-27 23:33:03.588 NuvioTV[87111:12635317] -canOpenURL: failed for URL: "vlc-x-callback://" - error: "The operation couldn’t be completed. (OSStatus error -10814.)"
2026-08-27 23:33:03.589 NuvioTV[87111:12635317] -canOpenURL: failed for URL: "outplayer://" - error: "The operation couldn’t be completed. (OSStatus error -10814.)"
2026-08-27 23:33:03.589 NuvioTV[87111:12635317] -canOpenURL: failed for URL: "open-vidhub://" - error: "The operation couldn’t be completed. (OSStatus error -10814.)"
[ExtPlayerProbe] availablePlayers = []
[LaunchTrace] +972ms artwork #1: mem=0 disk=1 net=0 fail=0
[ProfileSelect] selecting profile 2
[ProfileSelect] selectProfile returned — requesting full pull
[ProfileSelect] full pull requested — tap complete
2026-08-27 23:33:21.947 NuvioTV[87111:12635317] [HomeScrollProbe] classic y=0 inset=0 residual=0
[LaunchTrace] +18704ms home_appear
2026-08-27 23:33:21.958 NuvioTV[87111:12635317] [TrailerPipeline] trailerLocation heroMode=NO
2026-08-27 23:33:22.010 NuvioTV[87111:12635317] [HomeScrollProbe] classic y=-302 inset=302 residual=0
2026-08-27 23:33:22.011 NuvioTV[87111:12635317] [HomeScrollProbe] classic y=-157 inset=157 residual=0
[LaunchTrace] +18833ms first_rows n=1 hero=0
[TopShelf] wrote 10 items to /Users/christianturnbull/Library/Developer/CoreSimulator/Devices/FA87E9B6-F28D-4DF9-84E4-A5A4C5DBFC4E/data/Containers/Shared/AppGroup/E705B090-DA3F-472C-93BC-23BC3D1912B8/Library/Caches/top-shelf.json
[TopShelf] wrote 10 items to /Users/christianturnbull/Library/Developer/CoreSimulator/Devices/FA87E9B6-F28D-4DF9-84E4-A5A4C5DBFC4E/data/Containers/Shared/AppGroup/E705B090-DA3F-472C-93BC-23BC3D1912B8/Library/Caches/top-shelf.json
[TopShelf] wrote 10 items to /Users/christianturnbull/Library/Developer/CoreSimulator/Devices/FA87E9B6-F28D-4DF9-84E4-A5A4C5DBFC4E/data/Containers/Shared/AppGroup/E705B090-DA3F-472C-93BC-23BC3D1912B8/Library/Caches/top-shelf.json
[LaunchTrace] +19093ms rows n=5
2026-08-27 23:33:22.343 NuvioTV[87111:12635317] [TrailerPipeline] gates inlineTrailersEnabled=YES systemAutoplay=YES
[LaunchTrace] +19165ms artwork #10: mem=0 disk=10 net=0 fail=0
2026-08-27 23:33:22.415 NuvioTV[87111:12635317] [HomeScrollProbe] REST classic y=-157 inset=157 residual=0
[LaunchTrace] +19209ms rows n=9
[LaunchTrace] +19410ms rows n=13
[LaunchTrace] +19433ms rows n=17
[LaunchTrace] +19615ms rows n=21
[LaunchTrace] +19828ms first_hero n=8
2026-08-27 23:33:23.114 NuvioTV[87111:12635317] [HomeScrollProbe] title row=app.xperience.21e577a3-adc1-47c4-a75b-34493a8dab94:movie:recs_movies_for_you margin=758 slide=0 net=758
2026-08-27 23:33:23.114 NuvioTV[87111:12635317] [HomeScrollProbe] title row=continue-watching margin=56 slide=0 net=56
2026-08-27 23:33:23.114 NuvioTV[87111:12635317] [HomeScrollProbe] title row=58eddeb3-875e-47be-b94c-9e71577dcc88 margin=482 slide=0 net=482
2026-08-27 23:33:23.114 NuvioTV[87111:12635317] [HomeScrollProbe] title row=app.xperience.21e577a3-adc1-47c4-a75b-34493a8dab94:movie:recs_movies_for_you margin=834 slide=0 net=834
2026-08-27 23:33:23.123 NuvioTV[87111:12635317] [TrailerPipeline] trailerLocation heroMode=YES
2026-08-27 23:33:23.153 NuvioTV[87111:12635317] [HomeScrollProbe] pinned-hero y=0 inset=0 residual=0
[LaunchTrace] +19936ms artwork #25: mem=0 disk=25 net=0 fail=0
[LaunchTrace] +20109ms rows n=23
[LaunchTrace] +20240ms artwork #50: mem=0 disk=50 net=0 fail=0
2026-08-27 23:33:23.570 NuvioTV[87111:12635317] [HomeScrollProbe] REST pinned-hero y=0 inset=0 residual=0
[LaunchTrace] +20686ms rows n=31
[LaunchTrace] +21238ms rows n=35
2026-08-27 23:33:27.793 NuvioTV[87111:12635317] [HomeScrollProbe] title row=upcoming margin=482 slide=0 net=482
2026-08-27 23:33:27.793 NuvioTV[87111:12635317] [HomeScrollProbe] title row=58eddeb3-875e-47be-b94c-9e71577dcc88 margin=910 slide=0 net=910
2026-08-27 23:33:40.917 NuvioTV[87111:12635317] [HomeScrollProbe] pinned-hero y=10 inset=0 residual=10
2026-08-27 23:33:40.917 NuvioTV[87111:12635317] [HomeScrollProbe] title row=continue-watching margin=46 slide=0 net=46
2026-08-27 23:33:40.917 NuvioTV[87111:12635317] [HomeScrollProbe] title row=upcoming margin=472 slide=0 net=472
2026-08-27 23:33:40.926 NuvioTV[87111:12635317] [HomeScrollProbe] pinned-hero y=30 inset=0 residual=30
2026-08-27 23:33:40.926 NuvioTV[87111:12635317] [HomeScrollProbe] title row=continue-watching margin=26 slide=0 net=26
2026-08-27 23:33:40.926 NuvioTV[87111:12635317] [HomeScrollProbe] title row=upcoming margin=452 slide=0 net=452
2026-08-27 23:33:40.942 NuvioTV[87111:12635317] [HomeScrollProbe] pinned-hero y=60 inset=0 residual=60
2026-08-27 23:33:40.942 NuvioTV[87111:12635317] [HomeScrollProbe] title row=continue-watching margin=-4 slide=4 net=0
2026-08-27 23:33:40.942 NuvioTV[87111:12635317] [HomeScrollProbe] title row=upcoming margin=422 slide=0 net=422
2026-08-27 23:33:40.965 NuvioTV[87111:12635317] [HomeScrollProbe] pinned-hero y=100 inset=0 residual=100
2026-08-27 23:33:40.965 NuvioTV[87111:12635317] [HomeScrollProbe] title row=continue-watching margin=-44 slide=44 net=0
2026-08-27 23:33:40.965 NuvioTV[87111:12635317] [HomeScrollProbe] title row=upcoming margin=382 slide=0 net=382
2026-08-27 23:33:40.991 NuvioTV[87111:12635317] [HomeScrollProbe] pinned-hero y=146 inset=0 residual=146
2026-08-27 23:33:40.991 NuvioTV[87111:12635317] [HomeScrollProbe] title row=continue-watching margin=-90 slide=72 net=-18
2026-08-27 23:33:40.991 NuvioTV[87111:12635317] [HomeScrollProbe] title row=upcoming margin=336 slide=0 net=336
2026-08-27 23:33:41.008 NuvioTV[87111:12635317] [HomeScrollProbe] pinned-hero y=171 inset=0 residual=171
2026-08-27 23:33:41.008 NuvioTV[87111:12635317] [HomeScrollProbe] title row=continue-watching margin=-114 slide=72 net=-42
2026-08-27 23:33:41.008 NuvioTV[87111:12635317] [HomeScrollProbe] title row=upcoming margin=312 slide=0 net=312
2026-08-27 23:33:41.025 NuvioTV[87111:12635317] [HomeScrollProbe] pinned-hero y=193 inset=0 residual=193
2026-08-27 23:33:41.025 NuvioTV[87111:12635317] [HomeScrollProbe] title row=continue-watching margin=-136 slide=72 net=-64
2026-08-27 23:33:41.025 NuvioTV[87111:12635317] [HomeScrollProbe] title row=upcoming margin=290 slide=0 net=290
2026-08-27 23:33:41.042 NuvioTV[87111:12635317] [HomeScrollProbe] pinned-hero y=213 inset=0 residual=213
2026-08-27 23:33:41.042 NuvioTV[87111:12635317] [HomeScrollProbe] title row=continue-watching margin=-156 slide=72 net=-84
2026-08-27 23:33:41.042 NuvioTV[87111:12635317] [HomeScrollProbe] title row=upcoming margin=270 slide=0 net=270
2026-08-27 23:33:41.058 NuvioTV[87111:12635317] [HomeScrollProbe] pinned-hero y=231 inset=0 residual=231
2026-08-27 23:33:41.058 NuvioTV[87111:12635317] [HomeScrollProbe] title row=continue-watching margin=-174 slide=72 net=-102
2026-08-27 23:33:41.058 NuvioTV[87111:12635317] [HomeScrollProbe] title row=upcoming margin=252 slide=0 net=252
2026-08-27 23:33:41.075 NuvioTV[87111:12635317] [HomeScrollProbe] pinned-hero y=247 inset=0 residual=247
2026-08-27 23:33:41.075 NuvioTV[87111:12635317] [HomeScrollProbe] title row=continue-watching margin=-190 slide=72 net=-118
2026-08-27 23:33:41.075 NuvioTV[87111:12635317] [HomeScrollProbe] title row=upcoming margin=236 slide=0 net=236
2026-08-27 23:33:41.091 NuvioTV[87111:12635317] [HomeScrollProbe] pinned-hero y=261 inset=0 residual=261
2026-08-27 23:33:41.091 NuvioTV[87111:12635317] [HomeScrollProbe] title row=continue-watching margin=-206 slide=72 net=-134
2026-08-27 23:33:41.091 NuvioTV[87111:12635317] [HomeScrollProbe] title row=upcoming margin=222 slide=0 net=222
2026-08-27 23:33:41.108 NuvioTV[87111:12635317] [HomeScrollProbe] pinned-hero y=274 inset=0 residual=274
2026-08-27 23:33:41.108 NuvioTV[87111:12635317] [HomeScrollProbe] title row=continue-watching margin=-218 slide=72 net=-146
2026-08-27 23:33:41.108 NuvioTV[87111:12635317] [HomeScrollProbe] title row=upcoming margin=208 slide=0 net=208
2026-08-27 23:33:41.124 NuvioTV[87111:12635317] [HomeScrollProbe] pinned-hero y=286 inset=0 residual=286
2026-08-27 23:33:41.124 NuvioTV[87111:12635317] [HomeScrollProbe] title row=continue-watching margin=-230 slide=72 net=-158
2026-08-27 23:33:41.124 NuvioTV[87111:12635317] [HomeScrollProbe] title row=upcoming margin=198 slide=0 net=198
2026-08-27 23:33:41.143 NuvioTV[87111:12635317] [HomeScrollProbe] pinned-hero y=298 inset=0 residual=298
2026-08-27 23:33:41.143 NuvioTV[87111:12635317] [HomeScrollProbe] title row=continue-watching margin=-242 slide=72 net=-170
2026-08-27 23:33:41.143 NuvioTV[87111:12635317] [HomeScrollProbe] title row=upcoming margin=186 slide=0 net=186
2026-08-27 23:33:41.174 NuvioTV[87111:12635317] [HomeScrollProbe] pinned-hero y=315 inset=0 residual=315
2026-08-27 23:33:41.175 NuvioTV[87111:12635317] [HomeScrollProbe] title row=continue-watching margin=-258 slide=72 net=-186
2026-08-27 23:33:41.175 NuvioTV[87111:12635317] [HomeScrollProbe] title row=upcoming margin=168 slide=0 net=168
2026-08-27 23:33:41.191 NuvioTV[87111:12635317] [HomeScrollProbe] pinned-hero y=322 inset=0 residual=322
2026-08-27 23:33:41.191 NuvioTV[87111:12635317] [HomeScrollProbe] title row=continue-watching margin=-266 slide=72 net=-194
2026-08-27 23:33:41.191 NuvioTV[87111:12635317] [HomeScrollProbe] title row=upcoming margin=160 slide=0 net=160
2026-08-27 23:33:41.208 NuvioTV[87111:12635317] [HomeScrollProbe] pinned-hero y=329 inset=0 residual=329
2026-08-27 23:33:41.208 NuvioTV[87111:12635317] [HomeScrollProbe] title row=continue-watching margin=-274 slide=72 net=-202
2026-08-27 23:33:41.208 NuvioTV[87111:12635317] [HomeScrollProbe] title row=upcoming margin=154 slide=0 net=154
2026-08-27 23:33:41.224 NuvioTV[87111:12635317] [HomeScrollProbe] pinned-hero y=335 inset=0 residual=335
2026-08-27 23:33:41.225 NuvioTV[87111:12635317] [HomeScrollProbe] title row=continue-watching margin=-280 slide=72 net=-208
2026-08-27 23:33:41.225 NuvioTV[87111:12635317] [HomeScrollProbe] title row=upcoming margin=148 slide=0 net=148
2026-08-27 23:33:41.243 NuvioTV[87111:12635317] [HomeScrollProbe] pinned-hero y=341 inset=0 residual=341
2026-08-27 23:33:41.243 NuvioTV[87111:12635317] [HomeScrollProbe] title row=continue-watching margin=-284 slide=72 net=-212
2026-08-27 23:33:41.243 NuvioTV[87111:12635317] [HomeScrollProbe] title row=upcoming margin=142 slide=0 net=142
2026-08-27 23:33:41.258 NuvioTV[87111:12635317] [HomeScrollProbe] pinned-hero y=346 inset=0 residual=346
2026-08-27 23:33:41.258 NuvioTV[87111:12635317] [HomeScrollProbe] title row=continue-watching margin=-290 slide=72 net=-218
2026-08-27 23:33:41.258 NuvioTV[87111:12635317] [HomeScrollProbe] title row=upcoming margin=138 slide=0 net=138
2026-08-27 23:33:41.279 NuvioTV[87111:12635317] [HomeScrollProbe] pinned-hero y=350 inset=0 residual=350
2026-08-27 23:33:41.279 NuvioTV[87111:12635317] [HomeScrollProbe] title row=58eddeb3-875e-47be-b94c-9e71577dcc88 margin=560 slide=0 net=560
2026-08-27 23:33:41.279 NuvioTV[87111:12635317] [HomeScrollProbe] title row=continue-watching margin=-294 slide=72 net=-222
2026-08-27 23:33:41.279 NuvioTV[87111:12635317] [HomeScrollProbe] title row=upcoming margin=132 slide=0 net=132
2026-08-27 23:33:41.291 NuvioTV[87111:12635317] [HomeScrollProbe] pinned-hero y=354 inset=0 residual=354
2026-08-27 23:33:41.291 NuvioTV[87111:12635317] [HomeScrollProbe] title row=58eddeb3-875e-47be-b94c-9e71577dcc88 margin=556 slide=0 net=556
2026-08-27 23:33:41.292 NuvioTV[87111:12635317] [HomeScrollProbe] title row=continue-watching margin=-298 slide=72 net=-226
2026-08-27 23:33:41.292 NuvioTV[87111:12635317] [HomeScrollProbe] title row=upcoming margin=128 slide=0 net=128
2026-08-27 23:33:41.308 NuvioTV[87111:12635317] [HomeScrollProbe] pinned-hero y=358 inset=0 residual=358
2026-08-27 23:33:41.308 NuvioTV[87111:12635317] [HomeScrollProbe] title row=58eddeb3-875e-47be-b94c-9e71577dcc88 margin=552 slide=0 net=552
2026-08-27 23:33:41.309 NuvioTV[87111:12635317] [HomeScrollProbe] title row=continue-watching margin=-302 slide=72 net=-230
2026-08-27 23:33:41.309 NuvioTV[87111:12635317] [HomeScrollProbe] title row=upcoming margin=124 slide=0 net=124
2026-08-27 23:33:41.325 NuvioTV[87111:12635317] [HomeScrollProbe] pinned-hero y=361 inset=0 residual=361
2026-08-27 23:33:41.325 NuvioTV[87111:12635317] [HomeScrollProbe] title row=58eddeb3-875e-47be-b94c-9e71577dcc88 margin=548 slide=0 net=548
2026-08-27 23:33:41.325 NuvioTV[87111:12635317] [HomeScrollProbe] title row=continue-watching margin=-306 slide=72 net=-234
2026-08-27 23:33:41.325 NuvioTV[87111:12635317] [HomeScrollProbe] title row=upcoming margin=122 slide=0 net=122
2026-08-27 23:33:41.342 NuvioTV[87111:12635317] [HomeScrollProbe] pinned-hero y=364 inset=0 residual=364
2026-08-27 23:33:41.342 NuvioTV[87111:12635317] [HomeScrollProbe] title row=58eddeb3-875e-47be-b94c-9e71577dcc88 margin=546 slide=0 net=546
2026-08-27 23:33:41.342 NuvioTV[87111:12635317] [HomeScrollProbe] title row=continue-watching margin=-308 slide=72 net=-236
2026-08-27 23:33:41.342 NuvioTV[87111:12635317] [HomeScrollProbe] title row=upcoming margin=118 slide=0 net=118
2026-08-27 23:33:41.358 NuvioTV[87111:12635317] [HomeScrollProbe] pinned-hero y=367 inset=0 residual=367
2026-08-27 23:33:41.358 NuvioTV[87111:12635317] [HomeScrollProbe] title row=58eddeb3-875e-47be-b94c-9e71577dcc88 margin=542 slide=0 net=542
2026-08-27 23:33:41.358 NuvioTV[87111:12635317] [HomeScrollProbe] title row=continue-watching margin=-310 slide=72 net=-238
2026-08-27 23:33:41.358 NuvioTV[87111:12635317] [HomeScrollProbe] title row=upcoming margin=116 slide=0 net=116
2026-08-27 23:33:41.375 NuvioTV[87111:12635317] [HomeScrollProbe] pinned-hero y=369 inset=0 residual=369
2026-08-27 23:33:41.375 NuvioTV[87111:12635317] [HomeScrollProbe] title row=58eddeb3-875e-47be-b94c-9e71577dcc88 margin=540 slide=0 net=540
2026-08-27 23:33:41.375 NuvioTV[87111:12635317] [HomeScrollProbe] title row=continue-watching margin=-314 slide=72 net=-242
2026-08-27 23:33:41.375 NuvioTV[87111:12635317] [HomeScrollProbe] title row=upcoming margin=114 slide=0 net=114
2026-08-27 23:33:41.392 NuvioTV[87111:12635317] [HomeScrollProbe] pinned-hero y=371 inset=0 residual=371
2026-08-27 23:33:41.392 NuvioTV[87111:12635317] [HomeScrollProbe] title row=58eddeb3-875e-47be-b94c-9e71577dcc88 margin=538 slide=0 net=538
2026-08-27 23:33:41.392 NuvioTV[87111:12635317] [HomeScrollProbe] title row=continue-watching margin=-316 slide=72 net=-244
2026-08-27 23:33:41.392 NuvioTV[87111:12635317] [HomeScrollProbe] title row=upcoming margin=112 slide=0 net=112
2026-08-27 23:33:41.425 NuvioTV[87111:12635317] [HomeScrollProbe] pinned-hero y=375 inset=0 residual=375
2026-08-27 23:33:41.425 NuvioTV[87111:12635317] [HomeScrollProbe] title row=58eddeb3-875e-47be-b94c-9e71577dcc88 margin=534 slide=0 net=534
2026-08-27 23:33:41.425 NuvioTV[87111:12635317] [HomeScrollProbe] title row=continue-watching margin=-320 slide=72 net=-248
2026-08-27 23:33:41.425 NuvioTV[87111:12635317] [HomeScrollProbe] title row=upcoming margin=108 slide=0 net=108
2026-08-27 23:33:41.442 NuvioTV[87111:12635317] [HomeScrollProbe] pinned-hero y=377 inset=0 residual=377
2026-08-27 23:33:41.442 NuvioTV[87111:12635317] [HomeScrollProbe] title row=58eddeb3-875e-47be-b94c-9e71577dcc88 margin=532 slide=0 net=532
2026-08-27 23:33:41.442 NuvioTV[87111:12635317] [HomeScrollProbe] title row=upcoming margin=106 slide=0 net=106
2026-08-27 23:33:41.458 NuvioTV[87111:12635317] [HomeScrollProbe] pinned-hero y=378 inset=0 residual=378
2026-08-27 23:33:41.458 NuvioTV[87111:12635317] [HomeScrollProbe] title row=continue-watching margin=-322 slide=72 net=-250
2026-08-27 23:33:41.458 NuvioTV[87111:12635317] [HomeScrollProbe] title row=upcoming margin=104 slide=0 net=104
2026-08-27 23:33:41.475 NuvioTV[87111:12635317] [HomeScrollProbe] pinned-hero y=379 inset=0 residual=379
2026-08-27 23:33:41.475 NuvioTV[87111:12635317] [HomeScrollProbe] title row=58eddeb3-875e-47be-b94c-9e71577dcc88 margin=530 slide=0 net=530
2026-08-27 23:33:41.475 NuvioTV[87111:12635317] [HomeScrollProbe] title row=continue-watching margin=-324 slide=72 net=-252
2026-08-27 23:33:41.492 NuvioTV[87111:12635317] [HomeScrollProbe] pinned-hero y=380 inset=0 residual=380
2026-08-27 23:33:41.492 NuvioTV[87111:12635317] [HomeScrollProbe] title row=upcoming margin=102 slide=0 net=102
2026-08-27 23:33:41.508 NuvioTV[87111:12635317] [HomeScrollProbe] pinned-hero y=381 inset=0 residual=381
2026-08-27 23:33:41.509 NuvioTV[87111:12635317] [HomeScrollProbe] title row=58eddeb3-875e-47be-b94c-9e71577dcc88 margin=528 slide=0 net=528
2026-08-27 23:33:41.509 NuvioTV[87111:12635317] [HomeScrollProbe] title row=continue-watching margin=-326 slide=72 net=-254
2026-08-27 23:33:41.525 NuvioTV[87111:12635317] [HomeScrollProbe] pinned-hero y=382 inset=0 residual=382
2026-08-27 23:33:41.526 NuvioTV[87111:12635317] [HomeScrollProbe] title row=upcoming margin=100 slide=0 net=100
2026-08-27 23:33:41.542 NuvioTV[87111:12635317] [HomeScrollProbe] pinned-hero y=383 inset=0 residual=383
2026-08-27 23:33:41.542 NuvioTV[87111:12635317] [HomeScrollProbe] title row=58eddeb3-875e-47be-b94c-9e71577dcc88 margin=526 slide=0 net=526
2026-08-27 23:33:41.542 NuvioTV[87111:12635317] [HomeScrollProbe] title row=continue-watching margin=-328 slide=72 net=-256
2026-08-27 23:33:41.558 NuvioTV[87111:12635317] [HomeScrollProbe] pinned-hero y=384 inset=0 residual=384
2026-08-27 23:33:41.575 NuvioTV[87111:12635317] [HomeScrollProbe] pinned-hero y=385 inset=0 residual=385
2026-08-27 23:33:41.575 NuvioTV[87111:12635317] [HomeScrollProbe] title row=58eddeb3-875e-47be-b94c-9e71577dcc88 margin=524 slide=0 net=524
2026-08-27 23:33:41.575 NuvioTV[87111:12635317] [HomeScrollProbe] title row=upcoming margin=98 slide=0 net=98
2026-08-27 23:33:41.592 NuvioTV[87111:12635317] [HomeScrollProbe] title row=continue-watching margin=-330 slide=72 net=-258
2026-08-27 23:33:41.608 NuvioTV[87111:12635317] [HomeScrollProbe] pinned-hero y=386 inset=0 residual=386
2026-08-27 23:33:41.626 NuvioTV[87111:12635317] [HomeScrollProbe] title row=upcoming margin=96 slide=0 net=96
2026-08-27 23:33:41.642 NuvioTV[87111:12635317] [HomeScrollProbe] pinned-hero y=387 inset=0 residual=387
2026-08-27 23:33:41.642 NuvioTV[87111:12635317] [HomeScrollProbe] title row=58eddeb3-875e-47be-b94c-9e71577dcc88 margin=522 slide=0 net=522
2026-08-27 23:33:41.659 NuvioTV[87111:12635317] [HomeScrollProbe] title row=continue-watching margin=-332 slide=72 net=-260
2026-08-27 23:33:41.692 NuvioTV[87111:12635317] [HomeScrollProbe] pinned-hero y=388 inset=0 residual=388
2026-08-27 23:33:41.725 NuvioTV[87111:12635317] [HomeScrollProbe] title row=upcoming margin=94 slide=0 net=94
2026-08-27 23:33:41.759 NuvioTV[87111:12635317] [HomeScrollProbe] pinned-hero y=389 inset=0 residual=389
2026-08-27 23:33:41.759 NuvioTV[87111:12635317] [HomeScrollProbe] title row=58eddeb3-875e-47be-b94c-9e71577dcc88 margin=520 slide=0 net=520
2026-08-27 23:33:41.792 NuvioTV[87111:12635317] [HomeScrollProbe] title row=continue-watching margin=-334 slide=72 net=-262
2026-08-27 23:33:41.859 NuvioTV[87111:12635317] [HomeScrollProbe] pinned-hero y=390 inset=0 residual=390
2026-08-27 23:33:41.975 NuvioTV[87111:12635317] [HomeScrollProbe] title row=upcoming margin=92 slide=0 net=92
2026-08-27 23:33:41.994 NuvioTV[87111:12635317] [HomeScrollProbe] pinned-hero y=391 inset=0 residual=391
2026-08-27 23:33:41.994 NuvioTV[87111:12635317] [HomeScrollProbe] title row=58eddeb3-875e-47be-b94c-9e71577dcc88 margin=518 slide=0 net=518
2026-08-27 23:33:42.349 NuvioTV[87111:12636624] [TrailerExtract] client=android_vr NO streamingData (playability=LOGIN_REQUIRED reason=Sign in to confirm you’re not a bot)
2026-08-27 23:33:42.412 NuvioTV[87111:12635317] [HomeScrollProbe] REST pinned-hero y=391 inset=0 residual=391
2026-08-27 23:33:42.503 NuvioTV[87111:12636001] [TrailerExtract] client=android video=_ARTcQh2P8o hls=false formats=1 adaptive=31 sdKeys=expiresInSeconds,formats,adaptiveFormats,serverAbrStreamingUrl,metadataFormats
2026-08-27 23:33:42.632 NuvioTV[87111:12636626] [TrailerExtract] client=ios video=_ARTcQh2P8o hls=false formats=0 adaptive=28 sdKeys=expiresInSeconds,adaptiveFormats,aspectRatio,serverAbrStreamingUrl,metadataFormats
2026-08-27 23:33:42.634 NuvioTV[87111:12636626] [TrailerExtract] selection: manifest=none progressive=360 (manifests collected=0)
2026-08-27 23:33:42.634 NuvioTV[87111:12636626] [TrailerExtract] repack candidates: avcVideo=1080p avc1.640028 (android) m4aAudio=mp4a.40.2 (android)
2026-08-27 23:33:43.049 NuvioTV[87111:12636001] [TrailerExtract] repack decision: avc=1080p vs progressive=360p -> ELIGIBLE
2026-08-27 23:33:43.500 NuvioTV[87111:12636626] [TrailerRepack] serving 1920x1080 avc1+mp4a (30+15 segments) at http://127.0.0.1:8230/911df9eb5e251e0bec7e83995a30a71b/master.m3u8
2026-08-27 23:33:45.341 NuvioTV[87111:12635317] [HomeScrollProbe] pinned-hero y=401 inset=0 residual=401
2026-08-27 23:33:45.341 NuvioTV[87111:12635317] [HomeScrollProbe] title row=58eddeb3-875e-47be-b94c-9e71577dcc88 margin=508 slide=0 net=508
2026-08-27 23:33:45.341 NuvioTV[87111:12635317] [HomeScrollProbe] title row=continue-watching margin=-344 slide=72 net=-272
2026-08-27 23:33:45.341 NuvioTV[87111:12635317] [HomeScrollProbe] title row=upcoming margin=82 slide=0 net=82
2026-08-27 23:33:45.350 NuvioTV[87111:12635317] [HomeScrollProbe] pinned-hero y=421 inset=0 residual=421
2026-08-27 23:33:45.350 NuvioTV[87111:12635317] [HomeScrollProbe] title row=58eddeb3-875e-47be-b94c-9e71577dcc88 margin=488 slide=0 net=488
2026-08-27 23:33:45.350 NuvioTV[87111:12635317] [HomeScrollProbe] title row=continue-watching margin=-364 slide=72 net=-292
2026-08-27 23:33:45.350 NuvioTV[87111:12635317] [HomeScrollProbe] title row=upcoming margin=62 slide=0 net=62
2026-08-27 23:33:45.358 NuvioTV[87111:12635317] [HomeScrollProbe] pinned-hero y=441 inset=0 residual=441
2026-08-27 23:33:45.358 NuvioTV[87111:12635317] [HomeScrollProbe] title row=58eddeb3-875e-47be-b94c-9e71577dcc88 margin=468 slide=0 net=468
2026-08-27 23:33:45.358 NuvioTV[87111:12635317] [HomeScrollProbe] title row=upcoming margin=42 slide=0 net=42
2026-08-27 23:33:45.377 NuvioTV[87111:12635317] [HomeScrollProbe] pinned-hero y=470 inset=0 residual=470
2026-08-27 23:33:45.377 NuvioTV[87111:12635317] [HomeScrollProbe] title row=58eddeb3-875e-47be-b94c-9e71577dcc88 margin=440 slide=0 net=440
2026-08-27 23:33:45.377 NuvioTV[87111:12635317] [HomeScrollProbe] title row=upcoming margin=12 slide=0 net=12
2026-08-27 23:33:45.411 NuvioTV[87111:12635317] [HomeScrollProbe] pinned-hero y=510 inset=0 residual=510
2026-08-27 23:33:45.411 NuvioTV[87111:12635317] [HomeScrollProbe] title row=58eddeb3-875e-47be-b94c-9e71577dcc88 margin=400 slide=0 net=400
2026-08-27 23:33:45.412 NuvioTV[87111:12635317] [HomeScrollProbe] title row=upcoming margin=-28 slide=28 net=0
2026-08-27 23:33:45.430 NuvioTV[87111:12635317] [HomeScrollProbe] pinned-hero y=560 inset=0 residual=560
2026-08-27 23:33:45.431 NuvioTV[87111:12635317] [HomeScrollProbe] title row=58eddeb3-875e-47be-b94c-9e71577dcc88 margin=350 slide=0 net=350
2026-08-27 23:33:45.432 NuvioTV[87111:12635317] [HomeScrollProbe] title row=upcoming margin=-78 slide=72 net=-6
2026-08-27 23:33:45.442 NuvioTV[87111:12635317] [HomeScrollProbe] pinned-hero y=581 inset=0 residual=581
2026-08-27 23:33:45.442 NuvioTV[87111:12635317] [HomeScrollProbe] title row=58eddeb3-875e-47be-b94c-9e71577dcc88 margin=328 slide=0 net=328
2026-08-27 23:33:45.442 NuvioTV[87111:12635317] [HomeScrollProbe] title row=upcoming margin=-98 slide=72 net=-26
2026-08-27 23:33:45.471 NuvioTV[87111:12635317] [HomeScrollProbe] pinned-hero y=613 inset=0 residual=613
2026-08-27 23:33:45.471 NuvioTV[87111:12635317] [HomeScrollProbe] title row=58eddeb3-875e-47be-b94c-9e71577dcc88 margin=296 slide=0 net=296
2026-08-27 23:33:45.471 NuvioTV[87111:12635317] [HomeScrollProbe] title row=upcoming margin=-130 slide=72 net=-58
2026-08-27 23:33:45.475 NuvioTV[87111:12635317] [HomeScrollProbe] pinned-hero y=617 inset=0 residual=617
2026-08-27 23:33:45.475 NuvioTV[87111:12635317] [HomeScrollProbe] title row=58eddeb3-875e-47be-b94c-9e71577dcc88 margin=292 slide=0 net=292
2026-08-27 23:33:45.475 NuvioTV[87111:12635317] [HomeScrollProbe] title row=upcoming margin=-134 slide=72 net=-62
2026-08-27 23:33:45.492 NuvioTV[87111:12635317] [HomeScrollProbe] pinned-hero y=630 inset=0 residual=630
2026-08-27 23:33:45.492 NuvioTV[87111:12635317] [HomeScrollProbe] title row=58eddeb3-875e-47be-b94c-9e71577dcc88 margin=280 slide=0 net=280
2026-08-27 23:33:45.492 NuvioTV[87111:12635317] [HomeScrollProbe] title row=upcoming margin=-148 slide=72 net=-76
2026-08-27 23:33:45.509 NuvioTV[87111:12635317] [HomeScrollProbe] pinned-hero y=648 inset=0 residual=648
2026-08-27 23:33:45.509 NuvioTV[87111:12635317] [HomeScrollProbe] title row=58eddeb3-875e-47be-b94c-9e71577dcc88 margin=262 slide=0 net=262
2026-08-27 23:33:45.509 NuvioTV[87111:12635317] [HomeScrollProbe] title row=upcoming margin=-166 slide=72 net=-94
2026-08-27 23:33:45.525 NuvioTV[87111:12635317] [HomeScrollProbe] pinned-hero y=664 inset=0 residual=664
2026-08-27 23:33:45.525 NuvioTV[87111:12635317] [HomeScrollProbe] title row=58eddeb3-875e-47be-b94c-9e71577dcc88 margin=246 slide=0 net=246
2026-08-27 23:33:45.525 NuvioTV[87111:12635317] [HomeScrollProbe] title row=upcoming margin=-182 slide=72 net=-110
2026-08-27 23:33:45.542 NuvioTV[87111:12635317] [HomeScrollProbe] pinned-hero y=678 inset=0 residual=678
2026-08-27 23:33:45.542 NuvioTV[87111:12635317] [HomeScrollProbe] title row=58eddeb3-875e-47be-b94c-9e71577dcc88 margin=232 slide=0 net=232
2026-08-27 23:33:45.542 NuvioTV[87111:12635317] [HomeScrollProbe] title row=upcoming margin=-196 slide=72 net=-124
2026-08-27 23:33:45.608 NuvioTV[87111:12635317] [HomeScrollProbe] pinned-hero y=702 inset=0 residual=702
2026-08-27 23:33:45.608 NuvioTV[87111:12635317] [HomeScrollProbe] title row=58eddeb3-875e-47be-b94c-9e71577dcc88 margin=208 slide=0 net=208
2026-08-27 23:33:45.608 NuvioTV[87111:12635317] [HomeScrollProbe] title row=upcoming margin=-220 slide=72 net=-148
2026-08-27 23:33:45.624 NuvioTV[87111:12635317] [HomeScrollProbe] pinned-hero y=712 inset=0 residual=712
2026-08-27 23:33:45.625 NuvioTV[87111:12635317] [HomeScrollProbe] title row=58eddeb3-875e-47be-b94c-9e71577dcc88 margin=198 slide=0 net=198
2026-08-27 23:33:45.625 NuvioTV[87111:12635317] [HomeScrollProbe] title row=upcoming margin=-230 slide=72 net=-158
2026-08-27 23:33:45.641 NuvioTV[87111:12635317] [HomeScrollProbe] pinned-hero y=721 inset=0 residual=721
2026-08-27 23:33:45.641 NuvioTV[87111:12635317] [HomeScrollProbe] title row=58eddeb3-875e-47be-b94c-9e71577dcc88 margin=188 slide=0 net=188
2026-08-27 23:33:45.641 NuvioTV[87111:12635317] [HomeScrollProbe] title row=upcoming margin=-238 slide=72 net=-166
2026-08-27 23:33:45.658 NuvioTV[87111:12635317] [HomeScrollProbe] pinned-hero y=730 inset=0 residual=730
2026-08-27 23:33:45.658 NuvioTV[87111:12635317] [HomeScrollProbe] title row=58eddeb3-875e-47be-b94c-9e71577dcc88 margin=180 slide=0 net=180
2026-08-27 23:33:45.658 NuvioTV[87111:12635317] [HomeScrollProbe] title row=upcoming margin=-248 slide=72 net=-176
2026-08-27 23:33:45.676 NuvioTV[87111:12635317] [HomeScrollProbe] pinned-hero y=737 inset=0 residual=737
2026-08-27 23:33:45.676 NuvioTV[87111:12635317] [HomeScrollProbe] title row=app.xperience.21e577a3-adc1-47c4-a75b-34493a8dab94:movie:recs_movies_for_you margin=560 slide=0 net=560
2026-08-27 23:33:45.677 NuvioTV[87111:12635317] [HomeScrollProbe] title row=58eddeb3-875e-47be-b94c-9e71577dcc88 margin=172 slide=0 net=172
2026-08-27 23:33:45.677 NuvioTV[87111:12635317] [HomeScrollProbe] title row=upcoming margin=-254 slide=72 net=-182
[LaunchTrace] +42445ms artwork #100: mem=0 disk=100 net=0 fail=0
2026-08-27 23:33:45.693 NuvioTV[87111:12635317] [HomeScrollProbe] pinned-hero y=744 inset=0 residual=744
2026-08-27 23:33:45.693 NuvioTV[87111:12635317] [HomeScrollProbe] title row=app.xperience.21e577a3-adc1-47c4-a75b-34493a8dab94:movie:recs_movies_for_you margin=554 slide=0 net=554
2026-08-27 23:33:45.693 NuvioTV[87111:12635317] [HomeScrollProbe] title row=58eddeb3-875e-47be-b94c-9e71577dcc88 margin=166 slide=0 net=166
2026-08-27 23:33:45.693 NuvioTV[87111:12635317] [HomeScrollProbe] title row=upcoming margin=-262 slide=72 net=-190
2026-08-27 23:33:45.708 NuvioTV[87111:12635317] [HomeScrollProbe] pinned-hero y=750 inset=0 residual=750
2026-08-27 23:33:45.709 NuvioTV[87111:12635317] [HomeScrollProbe] title row=app.xperience.21e577a3-adc1-47c4-a75b-34493a8dab94:movie:recs_movies_for_you margin=548 slide=0 net=548
2026-08-27 23:33:45.709 NuvioTV[87111:12635317] [HomeScrollProbe] title row=58eddeb3-875e-47be-b94c-9e71577dcc88 margin=160 slide=0 net=160
2026-08-27 23:33:45.709 NuvioTV[87111:12635317] [HomeScrollProbe] title row=upcoming margin=-268 slide=72 net=-196
2026-08-27 23:33:45.725 NuvioTV[87111:12635317] [HomeScrollProbe] pinned-hero y=755 inset=0 residual=755
2026-08-27 23:33:45.725 NuvioTV[87111:12635317] [HomeScrollProbe] title row=app.xperience.21e577a3-adc1-47c4-a75b-34493a8dab94:movie:recs_movies_for_you margin=542 slide=0 net=542
2026-08-27 23:33:45.725 NuvioTV[87111:12635317] [HomeScrollProbe] title row=58eddeb3-875e-47be-b94c-9e71577dcc88 margin=154 slide=0 net=154
2026-08-27 23:33:45.725 NuvioTV[87111:12635317] [HomeScrollProbe] title row=upcoming margin=-272 slide=72 net=-200
2026-08-27 23:33:45.742 NuvioTV[87111:12635317] [HomeScrollProbe] pinned-hero y=760 inset=0 residual=760
2026-08-27 23:33:45.742 NuvioTV[87111:12635317] [HomeScrollProbe] title row=app.xperience.21e577a3-adc1-47c4-a75b-34493a8dab94:movie:recs_movies_for_you margin=538 slide=0 net=538
2026-08-27 23:33:45.742 NuvioTV[87111:12635317] [HomeScrollProbe] title row=58eddeb3-875e-47be-b94c-9e71577dcc88 margin=150 slide=0 net=150
2026-08-27 23:33:45.742 NuvioTV[87111:12635317] [HomeScrollProbe] title row=upcoming margin=-278 slide=72 net=-206
2026-08-27 23:33:45.758 NuvioTV[87111:12635317] [HomeScrollProbe] pinned-hero y=764 inset=0 residual=764
2026-08-27 23:33:45.759 NuvioTV[87111:12635317] [HomeScrollProbe] title row=app.xperience.21e577a3-adc1-47c4-a75b-34493a8dab94:movie:recs_movies_for_you margin=534 slide=0 net=534
2026-08-27 23:33:45.759 NuvioTV[87111:12635317] [HomeScrollProbe] title row=58eddeb3-875e-47be-b94c-9e71577dcc88 margin=146 slide=0 net=146
2026-08-27 23:33:45.759 NuvioTV[87111:12635317] [HomeScrollProbe] title row=upcoming margin=-282 slide=72 net=-210
2026-08-27 23:33:45.775 NuvioTV[87111:12635317] [HomeScrollProbe] pinned-hero y=768 inset=0 residual=768
2026-08-27 23:33:45.775 NuvioTV[87111:12635317] [HomeScrollProbe] title row=app.xperience.21e577a3-adc1-47c4-a75b-34493a8dab94:movie:recs_movies_for_you margin=530 slide=0 net=530
2026-08-27 23:33:45.776 NuvioTV[87111:12635317] [HomeScrollProbe] title row=58eddeb3-875e-47be-b94c-9e71577dcc88 margin=142 slide=0 net=142
2026-08-27 23:33:45.776 NuvioTV[87111:12635317] [HomeScrollProbe] title row=upcoming margin=-286 slide=72 net=-214
2026-08-27 23:33:45.792 NuvioTV[87111:12635317] [HomeScrollProbe] pinned-hero y=772 inset=0 residual=772
2026-08-27 23:33:45.792 NuvioTV[87111:12635317] [HomeScrollProbe] title row=app.xperience.21e577a3-adc1-47c4-a75b-34493a8dab94:movie:recs_movies_for_you margin=526 slide=0 net=526
2026-08-27 23:33:45.792 NuvioTV[87111:12635317] [HomeScrollProbe] title row=58eddeb3-875e-47be-b94c-9e71577dcc88 margin=138 slide=0 net=138
2026-08-27 23:33:45.792 NuvioTV[87111:12635317] [HomeScrollProbe] title row=upcoming margin=-290 slide=72 net=-218
2026-08-27 23:33:45.808 NuvioTV[87111:12635317] [HomeScrollProbe] pinned-hero y=775 inset=0 residual=775
2026-08-27 23:33:45.809 NuvioTV[87111:12635317] [HomeScrollProbe] title row=app.xperience.21e577a3-adc1-47c4-a75b-34493a8dab94:movie:recs_movies_for_you margin=522 slide=0 net=522
2026-08-27 23:33:45.809 NuvioTV[87111:12635317] [HomeScrollProbe] title row=58eddeb3-875e-47be-b94c-9e71577dcc88 margin=134 slide=0 net=134
2026-08-27 23:33:45.809 NuvioTV[87111:12635317] [HomeScrollProbe] title row=upcoming margin=-292 slide=72 net=-220
2026-08-27 23:33:45.825 NuvioTV[87111:12635317] [HomeScrollProbe] pinned-hero y=778 inset=0 residual=778
2026-08-27 23:33:45.825 NuvioTV[87111:12635317] [HomeScrollProbe] title row=app.xperience.21e577a3-adc1-47c4-a75b-34493a8dab94:movie:recs_movies_for_you margin=520 slide=0 net=520
2026-08-27 23:33:45.825 NuvioTV[87111:12635317] [HomeScrollProbe] title row=58eddeb3-875e-47be-b94c-9e71577dcc88 margin=132 slide=0 net=132
2026-08-27 23:33:45.825 NuvioTV[87111:12635317] [HomeScrollProbe] title row=upcoming margin=-296 slide=72 net=-224
2026-08-27 23:33:45.842 NuvioTV[87111:12635317] [HomeScrollProbe] pinned-hero y=781 inset=0 residual=781
2026-08-27 23:33:45.842 NuvioTV[87111:12635317] [HomeScrollProbe] title row=app.xperience.21e577a3-adc1-47c4-a75b-34493a8dab94:movie:recs_movies_for_you margin=516 slide=0 net=516
2026-08-27 23:33:45.842 NuvioTV[87111:12635317] [HomeScrollProbe] title row=58eddeb3-875e-47be-b94c-9e71577dcc88 margin=128 slide=0 net=128
2026-08-27 23:33:45.842 NuvioTV[87111:12635317] [HomeScrollProbe] title row=upcoming margin=-298 slide=72 net=-226
2026-08-27 23:33:45.859 NuvioTV[87111:12635317] [HomeScrollProbe] pinned-hero y=783 inset=0 residual=783
2026-08-27 23:33:45.859 NuvioTV[87111:12635317] [HomeScrollProbe] title row=app.xperience.21e577a3-adc1-47c4-a75b-34493a8dab94:movie:recs_movies_for_you margin=514 slide=0 net=514
2026-08-27 23:33:45.859 NuvioTV[87111:12635317] [HomeScrollProbe] title row=58eddeb3-875e-47be-b94c-9e71577dcc88 margin=126 slide=0 net=126
2026-08-27 23:33:45.859 NuvioTV[87111:12635317] [HomeScrollProbe] title row=upcoming margin=-300 slide=72 net=-228
2026-08-27 23:33:45.876 NuvioTV[87111:12635317] [HomeScrollProbe] pinned-hero y=785 inset=0 residual=785
2026-08-27 23:33:45.876 NuvioTV[87111:12635317] [HomeScrollProbe] title row=app.xperience.21e577a3-adc1-47c4-a75b-34493a8dab94:movie:recs_movies_for_you margin=512 slide=0 net=512
2026-08-27 23:33:45.876 NuvioTV[87111:12635317] [HomeScrollProbe] title row=58eddeb3-875e-47be-b94c-9e71577dcc88 margin=124 slide=0 net=124
2026-08-27 23:33:45.876 NuvioTV[87111:12635317] [HomeScrollProbe] title row=upcoming margin=-302 slide=72 net=-230
2026-08-27 23:33:45.892 NuvioTV[87111:12635317] [HomeScrollProbe] pinned-hero y=787 inset=0 residual=787
2026-08-27 23:33:45.892 NuvioTV[87111:12635317] [HomeScrollProbe] title row=app.xperience.21e577a3-adc1-47c4-a75b-34493a8dab94:movie:recs_movies_for_you margin=510 slide=0 net=510
2026-08-27 23:33:45.892 NuvioTV[87111:12635317] [HomeScrollProbe] title row=58eddeb3-875e-47be-b94c-9e71577dcc88 margin=122 slide=0 net=122
2026-08-27 23:33:45.892 NuvioTV[87111:12635317] [HomeScrollProbe] title row=upcoming margin=-304 slide=72 net=-232
2026-08-27 23:33:45.909 NuvioTV[87111:12635317] [HomeScrollProbe] pinned-hero y=789 inset=0 residual=789
2026-08-27 23:33:45.909 NuvioTV[87111:12635317] [HomeScrollProbe] title row=app.xperience.21e577a3-adc1-47c4-a75b-34493a8dab94:movie:recs_movies_for_you margin=508 slide=0 net=508
2026-08-27 23:33:45.909 NuvioTV[87111:12635317] [HomeScrollProbe] title row=58eddeb3-875e-47be-b94c-9e71577dcc88 margin=120 slide=0 net=120
2026-08-27 23:33:45.909 NuvioTV[87111:12635317] [HomeScrollProbe] title row=upcoming margin=-306 slide=72 net=-234
2026-08-27 23:33:45.925 NuvioTV[87111:12635317] [HomeScrollProbe] pinned-hero y=790 inset=0 residual=790
2026-08-27 23:33:45.925 NuvioTV[87111:12635317] [HomeScrollProbe] title row=upcoming margin=-308 slide=72 net=-236
2026-08-27 23:33:45.942 NuvioTV[87111:12635317] [HomeScrollProbe] pinned-hero y=791 inset=0 residual=791
2026-08-27 23:33:45.942 NuvioTV[87111:12635317] [HomeScrollProbe] title row=app.xperience.21e577a3-adc1-47c4-a75b-34493a8dab94:movie:recs_movies_for_you margin=506 slide=0 net=506
2026-08-27 23:33:45.942 NuvioTV[87111:12635317] [HomeScrollProbe] title row=58eddeb3-875e-47be-b94c-9e71577dcc88 margin=118 slide=0 net=118
2026-08-27 23:33:45.959 NuvioTV[87111:12635317] [HomeScrollProbe] pinned-hero y=793 inset=0 residual=793
2026-08-27 23:33:45.959 NuvioTV[87111:12635317] [HomeScrollProbe] title row=app.xperience.21e577a3-adc1-47c4-a75b-34493a8dab94:movie:recs_movies_for_you margin=504 slide=0 net=504
2026-08-27 23:33:45.959 NuvioTV[87111:12635317] [HomeScrollProbe] title row=58eddeb3-875e-47be-b94c-9e71577dcc88 margin=116 slide=0 net=116
2026-08-27 23:33:45.959 NuvioTV[87111:12635317] [HomeScrollProbe] title row=upcoming margin=-310 slide=72 net=-238
2026-08-27 23:33:45.975 NuvioTV[87111:12635317] [HomeScrollProbe] pinned-hero y=794 inset=0 residual=794
2026-08-27 23:33:45.976 NuvioTV[87111:12635317] [HomeScrollProbe] title row=upcoming margin=-312 slide=72 net=-240
2026-08-27 23:33:45.992 NuvioTV[87111:12635317] [HomeScrollProbe] pinned-hero y=795 inset=0 residual=795
2026-08-27 23:33:45.992 NuvioTV[87111:12635317] [HomeScrollProbe] title row=app.xperience.21e577a3-adc1-47c4-a75b-34493a8dab94:movie:recs_movies_for_you margin=502 slide=0 net=502
2026-08-27 23:33:45.992 NuvioTV[87111:12635317] [HomeScrollProbe] title row=58eddeb3-875e-47be-b94c-9e71577dcc88 margin=114 slide=0 net=114
2026-08-27 23:33:46.008 NuvioTV[87111:12635317] [HomeScrollProbe] pinned-hero y=796 inset=0 residual=796
2026-08-27 23:33:46.008 NuvioTV[87111:12635317] [HomeScrollProbe] title row=upcoming margin=-314 slide=72 net=-242
2026-08-27 23:33:46.025 NuvioTV[87111:12635317] [HomeScrollProbe] pinned-hero y=797 inset=0 residual=797
2026-08-27 23:33:46.025 NuvioTV[87111:12635317] [HomeScrollProbe] title row=app.xperience.21e577a3-adc1-47c4-a75b-34493a8dab94:movie:recs_movies_for_you margin=500 slide=0 net=500
2026-08-27 23:33:46.025 NuvioTV[87111:12635317] [HomeScrollProbe] title row=58eddeb3-875e-47be-b94c-9e71577dcc88 margin=112 slide=0 net=112
2026-08-27 23:33:46.058 NuvioTV[87111:12635317] [HomeScrollProbe] pinned-hero y=798 inset=0 residual=798
2026-08-27 23:33:46.058 NuvioTV[87111:12635317] [HomeScrollProbe] title row=upcoming margin=-316 slide=72 net=-244
2026-08-27 23:33:46.091 NuvioTV[87111:12635317] [HomeScrollProbe] pinned-hero y=799 inset=0 residual=799
2026-08-27 23:33:46.092 NuvioTV[87111:12635317] [HomeScrollProbe] title row=app.xperience.21e577a3-adc1-47c4-a75b-34493a8dab94:movie:recs_movies_for_you margin=498 slide=0 net=498
2026-08-27 23:33:46.092 NuvioTV[87111:12635317] [HomeScrollProbe] title row=58eddeb3-875e-47be-b94c-9e71577dcc88 margin=110 slide=0 net=110
2026-08-27 23:33:46.108 NuvioTV[87111:12635317] [HomeScrollProbe] pinned-hero y=800 inset=0 residual=800
2026-08-27 23:33:46.108 NuvioTV[87111:12635317] [HomeScrollProbe] title row=upcoming margin=-318 slide=72 net=-246
2026-08-27 23:33:46.158 NuvioTV[87111:12635317] [HomeScrollProbe] pinned-hero y=801 inset=0 residual=801
2026-08-27 23:33:46.158 NuvioTV[87111:12635317] [HomeScrollProbe] title row=app.xperience.21e577a3-adc1-47c4-a75b-34493a8dab94:movie:recs_movies_for_you margin=496 slide=0 net=496
2026-08-27 23:33:46.159 NuvioTV[87111:12635317] [HomeScrollProbe] title row=58eddeb3-875e-47be-b94c-9e71577dcc88 margin=108 slide=0 net=108
2026-08-27 23:33:46.209 NuvioTV[87111:12635317] [HomeScrollProbe] pinned-hero y=802 inset=0 residual=802
2026-08-27 23:33:46.209 NuvioTV[87111:12635317] [HomeScrollProbe] title row=upcoming margin=-320 slide=72 net=-248
2026-08-27 23:33:46.309 NuvioTV[87111:12635317] [HomeScrollProbe] pinned-hero y=803 inset=0 residual=803
2026-08-27 23:33:46.309 NuvioTV[87111:12635317] [HomeScrollProbe] title row=app.xperience.21e577a3-adc1-47c4-a75b-34493a8dab94:movie:recs_movies_for_you margin=494 slide=0 net=494
2026-08-27 23:33:46.309 NuvioTV[87111:12635317] [HomeScrollProbe] title row=58eddeb3-875e-47be-b94c-9e71577dcc88 margin=106 slide=0 net=106
2026-08-27 23:33:46.477 NuvioTV[87111:12635317] [HomeScrollProbe] pinned-hero y=804 inset=0 residual=804
2026-08-27 23:33:46.477 NuvioTV[87111:12635317] [HomeScrollProbe] title row=upcoming margin=-322 slide=72 net=-250
2026-08-27 23:33:46.917 NuvioTV[87111:12635317] [HomeScrollProbe] pinned-hero y=810 inset=0 residual=810
2026-08-27 23:33:46.917 NuvioTV[87111:12635317] [HomeScrollProbe] title row=app.xperience.21e577a3-adc1-47c4-a75b-34493a8dab94:movie:recs_movies_for_you margin=488 slide=0 net=488
2026-08-27 23:33:46.917 NuvioTV[87111:12635317] [HomeScrollProbe] title row=58eddeb3-875e-47be-b94c-9e71577dcc88 margin=100 slide=0 net=100
2026-08-27 23:33:46.918 NuvioTV[87111:12635317] [HomeScrollProbe] title row=upcoming margin=-328 slide=72 net=-256
2026-08-27 23:33:46.930 NuvioTV[87111:12635317] [HomeScrollProbe] pinned-hero y=826 inset=0 residual=826
2026-08-27 23:33:46.930 NuvioTV[87111:12635317] [HomeScrollProbe] title row=app.xperience.21e577a3-adc1-47c4-a75b-34493a8dab94:movie:recs_movies_for_you margin=472 slide=0 net=472
2026-08-27 23:33:46.930 NuvioTV[87111:12635317] [HomeScrollProbe] title row=58eddeb3-875e-47be-b94c-9e71577dcc88 margin=84 slide=0 net=84
2026-08-27 23:33:46.930 NuvioTV[87111:12635317] [HomeScrollProbe] title row=upcoming margin=-344 slide=72 net=-272
2026-08-27 23:33:46.942 NuvioTV[87111:12635317] [HomeScrollProbe] pinned-hero y=852 inset=0 residual=852
2026-08-27 23:33:46.942 NuvioTV[87111:12635317] [HomeScrollProbe] title row=app.xperience.21e577a3-adc1-47c4-a75b-34493a8dab94:movie:recs_movies_for_you margin=446 slide=0 net=446
2026-08-27 23:33:46.942 NuvioTV[87111:12635317] [HomeScrollProbe] title row=58eddeb3-875e-47be-b94c-9e71577dcc88 margin=58 slide=0 net=58
2026-08-27 23:33:46.942 NuvioTV[87111:12635317] [HomeScrollProbe] title row=upcoming margin=-370 slide=72 net=-298
2026-08-27 23:33:46.976 NuvioTV[87111:12635317] [HomeScrollProbe] pinned-hero y=889 inset=0 residual=889
2026-08-27 23:33:46.976 NuvioTV[87111:12635317] [HomeScrollProbe] title row=58eddeb3-875e-47be-b94c-9e71577dcc88 margin=20 slide=0 net=20
2026-08-27 23:33:46.976 NuvioTV[87111:12635317] [HomeScrollProbe] title row=app.xperience.21e577a3-adc1-47c4-a75b-34493a8dab94:movie:recs_movies_for_you margin=408 slide=0 net=408
2026-08-27 23:33:46.992 NuvioTV[87111:12635317] [HomeScrollProbe] pinned-hero y=928 inset=0 residual=928
2026-08-27 23:33:46.992 NuvioTV[87111:12635317] [HomeScrollProbe] title row=58eddeb3-875e-47be-b94c-9e71577dcc88 margin=-18 slide=18 net=0
2026-08-27 23:33:46.992 NuvioTV[87111:12635317] [HomeScrollProbe] title row=app.xperience.21e577a3-adc1-47c4-a75b-34493a8dab94:movie:recs_movies_for_you margin=370 slide=0 net=370
2026-08-27 23:33:47.008 NuvioTV[87111:12635317] [HomeScrollProbe] pinned-hero y=963 inset=0 residual=963
2026-08-27 23:33:47.008 NuvioTV[87111:12635317] [HomeScrollProbe] title row=58eddeb3-875e-47be-b94c-9e71577dcc88 margin=-54 slide=54 net=0
2026-08-27 23:33:47.008 NuvioTV[87111:12635317] [HomeScrollProbe] title row=app.xperience.21e577a3-adc1-47c4-a75b-34493a8dab94:movie:recs_movies_for_you margin=334 slide=0 net=334
2026-08-27 23:33:47.025 NuvioTV[87111:12635317] [HomeScrollProbe] pinned-hero y=995 inset=0 residual=995
2026-08-27 23:33:47.025 NuvioTV[87111:12635317] [HomeScrollProbe] title row=58eddeb3-875e-47be-b94c-9e71577dcc88 margin=-86 slide=72 net=-14
2026-08-27 23:33:47.025 NuvioTV[87111:12635317] [HomeScrollProbe] title row=app.xperience.21e577a3-adc1-47c4-a75b-34493a8dab94:movie:recs_movies_for_you margin=302 slide=0 net=302
2026-08-27 23:33:47.041 NuvioTV[87111:12635317] [HomeScrollProbe] pinned-hero y=1023 inset=0 residual=1023
2026-08-27 23:33:47.042 NuvioTV[87111:12635317] [HomeScrollProbe] title row=58eddeb3-875e-47be-b94c-9e71577dcc88 margin=-114 slide=72 net=-42
2026-08-27 23:33:47.042 NuvioTV[87111:12635317] [HomeScrollProbe] title row=app.xperience.21e577a3-adc1-47c4-a75b-34493a8dab94:movie:recs_movies_for_you margin=274 slide=0 net=274
2026-08-27 23:33:47.058 NuvioTV[87111:12635317] [HomeScrollProbe] pinned-hero y=1049 inset=0 residual=1049
2026-08-27 23:33:47.058 NuvioTV[87111:12635317] [HomeScrollProbe] title row=58eddeb3-875e-47be-b94c-9e71577dcc88 margin=-140 slide=72 net=-68
2026-08-27 23:33:47.058 NuvioTV[87111:12635317] [HomeScrollProbe] title row=app.xperience.21e577a3-adc1-47c4-a75b-34493a8dab94:movie:recs_movies_for_you margin=248 slide=0 net=248
2026-08-27 23:33:47.075 NuvioTV[87111:12635317] [HomeScrollProbe] pinned-hero y=1072 inset=0 residual=1072
2026-08-27 23:33:47.075 NuvioTV[87111:12635317] [HomeScrollProbe] title row=58eddeb3-875e-47be-b94c-9e71577dcc88 margin=-162 slide=72 net=-90
2026-08-27 23:33:47.075 NuvioTV[87111:12635317] [HomeScrollProbe] title row=app.xperience.21e577a3-adc1-47c4-a75b-34493a8dab94:movie:recs_movies_for_you margin=226 slide=0 net=226
2026-08-27 23:33:47.091 NuvioTV[87111:12635317] [HomeScrollProbe] pinned-hero y=1093 inset=0 residual=1093
2026-08-27 23:33:47.092 NuvioTV[87111:12635317] [HomeScrollProbe] title row=58eddeb3-875e-47be-b94c-9e71577dcc88 margin=-184 slide=72 net=-112
2026-08-27 23:33:47.092 NuvioTV[87111:12635317] [HomeScrollProbe] title row=app.xperience.21e577a3-adc1-47c4-a75b-34493a8dab94:movie:recs_movies_for_you margin=204 slide=0 net=204
2026-08-27 23:33:47.108 NuvioTV[87111:12635317] [HomeScrollProbe] pinned-hero y=1111 inset=0 residual=1111
2026-08-27 23:33:47.108 NuvioTV[87111:12635317] [HomeScrollProbe] title row=58eddeb3-875e-47be-b94c-9e71577dcc88 margin=-202 slide=72 net=-130
2026-08-27 23:33:47.108 NuvioTV[87111:12635317] [HomeScrollProbe] title row=app.xperience.21e577a3-adc1-47c4-a75b-34493a8dab94:movie:recs_movies_for_you margin=186 slide=0 net=186
2026-08-27 23:33:47.125 NuvioTV[87111:12635317] [HomeScrollProbe] pinned-hero y=1128 inset=0 residual=1128
2026-08-27 23:33:47.125 NuvioTV[87111:12635317] [HomeScrollProbe] title row=58eddeb3-875e-47be-b94c-9e71577dcc88 margin=-218 slide=72 net=-146
2026-08-27 23:33:47.125 NuvioTV[87111:12635317] [HomeScrollProbe] title row=app.xperience.21e577a3-adc1-47c4-a75b-34493a8dab94:movie:recs_movies_for_you margin=170 slide=0 net=170
2026-08-27 23:33:47.141 NuvioTV[87111:12635317] [HomeScrollProbe] pinned-hero y=1143 inset=0 residual=1143
2026-08-27 23:33:47.142 NuvioTV[87111:12635317] [HomeScrollProbe] title row=58eddeb3-875e-47be-b94c-9e71577dcc88 margin=-234 slide=72 net=-162
2026-08-27 23:33:47.142 NuvioTV[87111:12635317] [HomeScrollProbe] title row=app.xperience.21e577a3-adc1-47c4-a75b-34493a8dab94:movie:recs_movies_for_you margin=154 slide=0 net=154
2026-08-27 23:33:47.173 NuvioTV[87111:12635317] [HomeScrollProbe] pinned-hero y=1168 inset=0 residual=1168
2026-08-27 23:33:47.173 NuvioTV[87111:12635317] [HomeScrollProbe] title row=58eddeb3-875e-47be-b94c-9e71577dcc88 margin=-260 slide=72 net=-188
2026-08-27 23:33:47.173 NuvioTV[87111:12635317] [HomeScrollProbe] title row=app.xperience.21e577a3-adc1-47c4-a75b-34493a8dab94:movie:recs_movies_for_you margin=130 slide=0 net=130
2026-08-27 23:33:47.208 NuvioTV[87111:12635317] [HomeScrollProbe] pinned-hero y=1191 inset=0 residual=1191
2026-08-27 23:33:47.208 NuvioTV[87111:12635317] [HomeScrollProbe] title row=58eddeb3-875e-47be-b94c-9e71577dcc88 margin=-282 slide=72 net=-210
2026-08-27 23:33:47.208 NuvioTV[87111:12635317] [HomeScrollProbe] title row=app.xperience.21e577a3-adc1-47c4-a75b-34493a8dab94:movie:recs_movies_for_you margin=106 slide=0 net=106
2026-08-27 23:33:47.225 NuvioTV[87111:12635317] [HomeScrollProbe] pinned-hero y=1200 inset=0 residual=1200
2026-08-27 23:33:47.225 NuvioTV[87111:12635317] [HomeScrollProbe] title row=58eddeb3-875e-47be-b94c-9e71577dcc88 margin=-290 slide=72 net=-218
2026-08-27 23:33:47.225 NuvioTV[87111:12635317] [HomeScrollProbe] title row=app.xperience.21e577a3-adc1-47c4-a75b-34493a8dab94:movie:recs_movies_for_you margin=98 slide=0 net=98
2026-08-27 23:33:47.242 NuvioTV[87111:12635317] [HomeScrollProbe] pinned-hero y=1207 inset=0 residual=1207
2026-08-27 23:33:47.242 NuvioTV[87111:12635317] [HomeScrollProbe] title row=58eddeb3-875e-47be-b94c-9e71577dcc88 margin=-298 slide=72 net=-226
2026-08-27 23:33:47.242 NuvioTV[87111:12635317] [HomeScrollProbe] title row=app.xperience.21e577a3-adc1-47c4-a75b-34493a8dab94:movie:recs_movies_for_you margin=90 slide=0 net=90
2026-08-27 23:33:47.258 NuvioTV[87111:12635317] [HomeScrollProbe] pinned-hero y=1215 inset=0 residual=1215
2026-08-27 23:33:47.258 NuvioTV[87111:12635317] [HomeScrollProbe] title row=58eddeb3-875e-47be-b94c-9e71577dcc88 margin=-306 slide=72 net=-234
2026-08-27 23:33:47.258 NuvioTV[87111:12635317] [HomeScrollProbe] title row=app.xperience.21e577a3-adc1-47c4-a75b-34493a8dab94:movie:recs_movies_for_you margin=82 slide=0 net=82
2026-08-27 23:33:47.275 NuvioTV[87111:12635317] [HomeScrollProbe] pinned-hero y=1221 inset=0 residual=1221
2026-08-27 23:33:47.275 NuvioTV[87111:12635317] [HomeScrollProbe] title row=58eddeb3-875e-47be-b94c-9e71577dcc88 margin=-312 slide=72 net=-240
2026-08-27 23:33:47.275 NuvioTV[87111:12635317] [HomeScrollProbe] title row=app.xperience.21e577a3-adc1-47c4-a75b-34493a8dab94:movie:recs_movies_for_you margin=76 slide=0 net=76
2026-08-27 23:33:47.292 NuvioTV[87111:12635317] [HomeScrollProbe] pinned-hero y=1227 inset=0 residual=1227
2026-08-27 23:33:47.292 NuvioTV[87111:12635317] [HomeScrollProbe] title row=58eddeb3-875e-47be-b94c-9e71577dcc88 margin=-318 slide=72 net=-246
2026-08-27 23:33:47.292 NuvioTV[87111:12635317] [HomeScrollProbe] title row=app.xperience.21e577a3-adc1-47c4-a75b-34493a8dab94:movie:recs_movies_for_you margin=70 slide=0 net=70
2026-08-27 23:33:47.308 NuvioTV[87111:12635317] [HomeScrollProbe] pinned-hero y=1232 inset=0 residual=1232
2026-08-27 23:33:47.308 NuvioTV[87111:12635317] [HomeScrollProbe] title row=58eddeb3-875e-47be-b94c-9e71577dcc88 margin=-322 slide=72 net=-250
2026-08-27 23:33:47.308 NuvioTV[87111:12635317] [HomeScrollProbe] title row=app.xperience.21e577a3-adc1-47c4-a75b-34493a8dab94:movie:recs_movies_for_you margin=66 slide=0 net=66
2026-08-27 23:33:47.324 NuvioTV[87111:12635317] [HomeScrollProbe] pinned-hero y=1236 inset=0 residual=1236
2026-08-27 23:33:47.324 NuvioTV[87111:12635317] [HomeScrollProbe] title row=58eddeb3-875e-47be-b94c-9e71577dcc88 margin=-328 slide=72 net=-256
2026-08-27 23:33:47.325 NuvioTV[87111:12635317] [HomeScrollProbe] title row=app.xperience.21e577a3-adc1-47c4-a75b-34493a8dab94:movie:recs_movies_for_you margin=62 slide=0 net=62
2026-08-27 23:33:47.341 NuvioTV[87111:12635317] [HomeScrollProbe] pinned-hero y=1241 inset=0 residual=1241
2026-08-27 23:33:47.341 NuvioTV[87111:12635317] [HomeScrollProbe] title row=58eddeb3-875e-47be-b94c-9e71577dcc88 margin=-332 slide=72 net=-260
2026-08-27 23:33:47.341 NuvioTV[87111:12635317] [HomeScrollProbe] title row=app.xperience.21e577a3-adc1-47c4-a75b-34493a8dab94:movie:recs_movies_for_you margin=56 slide=0 net=56
2026-08-27 23:33:47.358 NuvioTV[87111:12635317] [HomeScrollProbe] pinned-hero y=1244 inset=0 residual=1244
2026-08-27 23:33:47.358 NuvioTV[87111:12635317] [HomeScrollProbe] title row=58eddeb3-875e-47be-b94c-9e71577dcc88 margin=-336 slide=72 net=-264
2026-08-27 23:33:47.358 NuvioTV[87111:12635317] [HomeScrollProbe] title row=app.xperience.21e577a3-adc1-47c4-a75b-34493a8dab94:movie:recs_movies_for_you margin=54 slide=0 net=54
2026-08-27 23:33:47.374 NuvioTV[87111:12635317] [HomeScrollProbe] pinned-hero y=1248 inset=0 residual=1248
2026-08-27 23:33:47.374 NuvioTV[87111:12635317] [HomeScrollProbe] title row=58eddeb3-875e-47be-b94c-9e71577dcc88 margin=-338 slide=72 net=-266
2026-08-27 23:33:47.374 NuvioTV[87111:12635317] [HomeScrollProbe] title row=app.xperience.21e577a3-adc1-47c4-a75b-34493a8dab94:movie:recs_movies_for_you margin=50 slide=0 net=50
2026-08-27 23:33:47.390 NuvioTV[87111:12635317] [HomeScrollProbe] pinned-hero y=1251 inset=0 residual=1251
2026-08-27 23:33:47.391 NuvioTV[87111:12635317] [HomeScrollProbe] title row=app.xperience.21e577a3-adc1-47c4-a75b-34493a8dab94:movie:recs_movies_for_you margin=46 slide=0 net=46
2026-08-27 23:33:47.408 NuvioTV[87111:12635317] [HomeScrollProbe] pinned-hero y=1254 inset=0 residual=1254
2026-08-27 23:33:47.408 NuvioTV[87111:12635317] [HomeScrollProbe] title row=app.xperience.21e577a3-adc1-47c4-a75b-34493a8dab94:movie:recs_movies_for_you margin=44 slide=0 net=44
2026-08-27 23:33:47.424 NuvioTV[87111:12635317] [HomeScrollProbe] pinned-hero y=1256 inset=0 residual=1256
2026-08-27 23:33:47.425 NuvioTV[87111:12635317] [HomeScrollProbe] title row=app.xperience.21e577a3-adc1-47c4-a75b-34493a8dab94:movie:recs_movies_for_you margin=42 slide=0 net=42
2026-08-27 23:33:47.441 NuvioTV[87111:12635317] [HomeScrollProbe] pinned-hero y=1258 inset=0 residual=1258
2026-08-27 23:33:47.441 NuvioTV[87111:12635317] [HomeScrollProbe] title row=app.xperience.21e577a3-adc1-47c4-a75b-34493a8dab94:movie:recs_movies_for_you margin=40 slide=0 net=40
2026-08-27 23:33:47.458 NuvioTV[87111:12635317] [HomeScrollProbe] pinned-hero y=1260 inset=0 residual=1260
2026-08-27 23:33:47.458 NuvioTV[87111:12635317] [HomeScrollProbe] title row=app.xperience.21e577a3-adc1-47c4-a75b-34493a8dab94:movie:recs_movies_for_you margin=38 slide=0 net=38
2026-08-27 23:33:47.475 NuvioTV[87111:12635317] [HomeScrollProbe] pinned-hero y=1262 inset=0 residual=1262
2026-08-27 23:33:47.475 NuvioTV[87111:12635317] [HomeScrollProbe] title row=app.xperience.21e577a3-adc1-47c4-a75b-34493a8dab94:movie:recs_movies_for_you margin=36 slide=0 net=36
2026-08-27 23:33:47.491 NuvioTV[87111:12635317] [HomeScrollProbe] pinned-hero y=1264 inset=0 residual=1264
2026-08-27 23:33:47.491 NuvioTV[87111:12635317] [HomeScrollProbe] title row=app.xperience.21e577a3-adc1-47c4-a75b-34493a8dab94:movie:recs_movies_for_you margin=34 slide=0 net=34
2026-08-27 23:33:47.508 NuvioTV[87111:12635317] [HomeScrollProbe] pinned-hero y=1265 inset=0 residual=1265
2026-08-27 23:33:47.508 NuvioTV[87111:12635317] [HomeScrollProbe] title row=app.xperience.21e577a3-adc1-47c4-a75b-34493a8dab94:movie:recs_movies_for_you margin=32 slide=0 net=32
2026-08-27 23:33:47.525 NuvioTV[87111:12635317] [HomeScrollProbe] pinned-hero y=1266 inset=0 residual=1266
2026-08-27 23:33:47.541 NuvioTV[87111:12635317] [HomeScrollProbe] pinned-hero y=1268 inset=0 residual=1268
2026-08-27 23:33:47.542 NuvioTV[87111:12635317] [HomeScrollProbe] title row=app.xperience.21e577a3-adc1-47c4-a75b-34493a8dab94:movie:recs_movies_for_you margin=30 slide=0 net=30
2026-08-27 23:33:47.558 NuvioTV[87111:12635317] [HomeScrollProbe] pinned-hero y=1269 inset=0 residual=1269
2026-08-27 23:33:47.559 NuvioTV[87111:12635317] [HomeScrollProbe] title row=app.xperience.21e577a3-adc1-47c4-a75b-34493a8dab94:movie:recs_movies_for_you margin=28 slide=0 net=28
2026-08-27 23:33:47.575 NuvioTV[87111:12635317] [HomeScrollProbe] pinned-hero y=1270 inset=0 residual=1270
2026-08-27 23:33:47.608 NuvioTV[87111:12635317] [HomeScrollProbe] pinned-hero y=1271 inset=0 residual=1271
2026-08-27 23:33:47.608 NuvioTV[87111:12635317] [HomeScrollProbe] title row=app.xperience.21e577a3-adc1-47c4-a75b-34493a8dab94:movie:recs_movies_for_you margin=26 slide=0 net=26
2026-08-27 23:33:47.624 NuvioTV[87111:12635317] [HomeScrollProbe] pinned-hero y=1272 inset=0 residual=1272
2026-08-27 23:33:47.658 NuvioTV[87111:12635317] [HomeScrollProbe] pinned-hero y=1273 inset=0 residual=1273
2026-08-27 23:33:47.658 NuvioTV[87111:12635317] [HomeScrollProbe] title row=app.xperience.21e577a3-adc1-47c4-a75b-34493a8dab94:movie:recs_movies_for_you margin=24 slide=0 net=24
2026-08-27 23:33:47.674 NuvioTV[87111:12635317] [HomeScrollProbe] pinned-hero y=1274 inset=0 residual=1274
2026-08-27 23:33:47.724 NuvioTV[87111:12635317] [HomeScrollProbe] pinned-hero y=1275 inset=0 residual=1275
2026-08-27 23:33:47.724 NuvioTV[87111:12635317] [HomeScrollProbe] title row=app.xperience.21e577a3-adc1-47c4-a75b-34493a8dab94:movie:recs_movies_for_you margin=22 slide=0 net=22
2026-08-27 23:33:47.775 NuvioTV[87111:12635317] [HomeScrollProbe] pinned-hero y=1276 inset=0 residual=1276
2026-08-27 23:33:47.858 NuvioTV[87111:12635317] [HomeScrollProbe] pinned-hero y=1277 inset=0 residual=1277
2026-08-27 23:33:47.858 NuvioTV[87111:12635317] [HomeScrollProbe] title row=app.xperience.21e577a3-adc1-47c4-a75b-34493a8dab94:movie:recs_movies_for_you margin=20 slide=0 net=20
2026-08-27 23:33:48.025 NuvioTV[87111:12635317] [HomeScrollProbe] pinned-hero y=1278 inset=0 residual=1278
2026-08-27 23:33:48.445 NuvioTV[87111:12635317] [HomeScrollProbe] REST pinned-hero y=1278 inset=0 residual=1278
2026-08-27 23:33:48.537 NuvioTV[87111:12635317] [HomeScrollProbe] pinned-hero y=1288 inset=0 residual=1288
2026-08-27 23:33:48.537 NuvioTV[87111:12635317] [HomeScrollProbe] title row=app.xperience.21e577a3-adc1-47c4-a75b-34493a8dab94:series:recs_series_for_you margin=562 slide=0 net=562
2026-08-27 23:33:48.537 NuvioTV[87111:12635317] [HomeScrollProbe] title row=app.xperience.21e577a3-adc1-47c4-a75b-34493a8dab94:movie:recs_movies_for_you margin=10 slide=0 net=10
2026-08-27 23:33:48.559 NuvioTV[87111:12635317] [HomeScrollProbe] pinned-hero y=1308 inset=0 residual=1308
2026-08-27 23:33:48.559 NuvioTV[87111:12635317] [HomeScrollProbe] title row=app.xperience.21e577a3-adc1-47c4-a75b-34493a8dab94:series:recs_series_for_you margin=542 slide=0 net=542
2026-08-27 23:33:48.559 NuvioTV[87111:12635317] [HomeScrollProbe] title row=app.xperience.21e577a3-adc1-47c4-a75b-34493a8dab94:movie:recs_movies_for_you margin=-12 slide=12 net=0
2026-08-27 23:33:48.593 NuvioTV[87111:12635317] [HomeScrollProbe] pinned-hero y=1338 inset=0 residual=1338
2026-08-27 23:33:48.593 NuvioTV[87111:12635317] [HomeScrollProbe] title row=app.xperience.21e577a3-adc1-47c4-a75b-34493a8dab94:series:recs_series_for_you margin=512 slide=0 net=512
2026-08-27 23:33:48.593 NuvioTV[87111:12635317] [HomeScrollProbe] title row=app.xperience.21e577a3-adc1-47c4-a75b-34493a8dab94:movie:recs_movies_for_you margin=-42 slide=42 net=0
2026-08-27 23:33:48.625 NuvioTV[87111:12635317] [HomeScrollProbe] pinned-hero y=1378 inset=0 residual=1378
2026-08-27 23:33:48.625 NuvioTV[87111:12635317] [HomeScrollProbe] title row=app.xperience.21e577a3-adc1-47c4-a75b-34493a8dab94:series:recs_series_for_you margin=472 slide=0 net=472
2026-08-27 23:33:48.625 NuvioTV[87111:12635317] [HomeScrollProbe] title row=app.xperience.21e577a3-adc1-47c4-a75b-34493a8dab94:movie:recs_movies_for_you margin=-82 slide=72 net=-10
2026-08-27 23:33:48.642 NuvioTV[87111:12635317] [HomeScrollProbe] pinned-hero y=1424 inset=0 residual=1424
2026-08-27 23:33:48.642 NuvioTV[87111:12635317] [HomeScrollProbe] title row=app.xperience.21e577a3-adc1-47c4-a75b-34493a8dab94:series:recs_series_for_you margin=428 slide=0 net=428
2026-08-27 23:33:48.642 NuvioTV[87111:12635317] [HomeScrollProbe] title row=app.xperience.21e577a3-adc1-47c4-a75b-34493a8dab94:movie:recs_movies_for_you margin=-126 slide=72 net=-54
2026-08-27 23:33:48.659 NuvioTV[87111:12635317] [HomeScrollProbe] pinned-hero y=1465 inset=0 residual=1465
2026-08-27 23:33:48.659 NuvioTV[87111:12635317] [HomeScrollProbe] title row=app.xperience.21e577a3-adc1-47c4-a75b-34493a8dab94:series:recs_series_for_you margin=386 slide=0 net=386
2026-08-27 23:33:48.659 NuvioTV[87111:12635317] [HomeScrollProbe] title row=app.xperience.21e577a3-adc1-47c4-a75b-34493a8dab94:movie:recs_movies_for_you margin=-168 slide=72 net=-96
2026-08-27 23:33:48.675 NuvioTV[87111:12635317] [HomeScrollProbe] pinned-hero y=1502 inset=0 residual=1502
2026-08-27 23:33:48.675 NuvioTV[87111:12635317] [HomeScrollProbe] title row=app.xperience.21e577a3-adc1-47c4-a75b-34493a8dab94:series:recs_series_for_you margin=350 slide=0 net=350
2026-08-27 23:33:48.675 NuvioTV[87111:12635317] [HomeScrollProbe] title row=app.xperience.21e577a3-adc1-47c4-a75b-34493a8dab94:movie:recs_movies_for_you margin=-204 slide=72 net=-132
2026-08-27 23:33:48.709 NuvioTV[87111:12635317] [HomeScrollProbe] pinned-hero y=1549 inset=0 residual=1549
2026-08-27 23:33:48.709 NuvioTV[87111:12635317] [HomeScrollProbe] title row=app.xperience.21e577a3-adc1-47c4-a75b-34493a8dab94:series:recs_series_for_you margin=302 slide=0 net=302
2026-08-27 23:33:48.709 NuvioTV[87111:12635317] [HomeScrollProbe] title row=app.xperience.21e577a3-adc1-47c4-a75b-34493a8dab94:movie:recs_movies_for_you margin=-252 slide=72 net=-180
2026-08-27 23:33:48.725 NuvioTV[87111:12635317] [HomeScrollProbe] pinned-hero y=1577 inset=0 residual=1577
2026-08-27 23:33:48.725 NuvioTV[87111:12635317] [HomeScrollProbe] title row=app.xperience.21e577a3-adc1-47c4-a75b-34493a8dab94:series:recs_series_for_you margin=274 slide=0 net=274
2026-08-27 23:33:48.725 NuvioTV[87111:12635317] [HomeScrollProbe] title row=app.xperience.21e577a3-adc1-47c4-a75b-34493a8dab94:movie:recs_movies_for_you margin=-280 slide=72 net=-208
2026-08-27 23:33:48.742 NuvioTV[87111:12635317] [HomeScrollProbe] pinned-hero y=1603 inset=0 residual=1603
2026-08-27 23:33:48.742 NuvioTV[87111:12635317] [HomeScrollProbe] title row=app.xperience.21e577a3-adc1-47c4-a75b-34493a8dab94:series:recs_series_for_you margin=248 slide=0 net=248
2026-08-27 23:33:48.742 NuvioTV[87111:12635317] [HomeScrollProbe] title row=app.xperience.21e577a3-adc1-47c4-a75b-34493a8dab94:movie:recs_movies_for_you margin=-306 slide=72 net=-234
2026-08-27 23:33:48.758 NuvioTV[87111:12635317] [HomeScrollProbe] pinned-hero y=1626 inset=0 residual=1626
2026-08-27 23:33:48.758 NuvioTV[87111:12635317] [HomeScrollProbe] title row=app.xperience.21e577a3-adc1-47c4-a75b-34493a8dab94:series:recs_series_for_you margin=226 slide=0 net=226
2026-08-27 23:33:48.758 NuvioTV[87111:12635317] [HomeScrollProbe] title row=app.xperience.21e577a3-adc1-47c4-a75b-34493a8dab94:movie:recs_movies_for_you margin=-328 slide=72 net=-256
2026-08-27 23:33:48.775 NuvioTV[87111:12635317] [HomeScrollProbe] pinned-hero y=1646 inset=0 residual=1646
2026-08-27 23:33:48.775 NuvioTV[87111:12635317] [HomeScrollProbe] title row=app.xperience.21e577a3-adc1-47c4-a75b-34493a8dab94:series:recs_series_for_you margin=204 slide=0 net=204
2026-08-27 23:33:48.775 NuvioTV[87111:12635317] [HomeScrollProbe] title row=app.xperience.21e577a3-adc1-47c4-a75b-34493a8dab94:movie:recs_movies_for_you margin=-350 slide=72 net=-278
2026-08-27 23:33:48.792 NuvioTV[87111:12635317] [HomeScrollProbe] pinned-hero y=1665 inset=0 residual=1665
2026-08-27 23:33:48.792 NuvioTV[87111:12635317] [HomeScrollProbe] title row=app.xperience.21e577a3-adc1-47c4-a75b-34493a8dab94:series:recs_series_for_you margin=186 slide=0 net=186
2026-08-27 23:33:48.792 NuvioTV[87111:12635317] [HomeScrollProbe] title row=app.xperience.21e577a3-adc1-47c4-a75b-34493a8dab94:movie:recs_movies_for_you margin=-368 slide=72 net=-296
2026-08-27 23:33:48.808 NuvioTV[87111:12635317] [HomeScrollProbe] pinned-hero y=1682 inset=0 residual=1682
2026-08-27 23:33:48.808 NuvioTV[87111:12635317] [HomeScrollProbe] title row=app.xperience.21e577a3-adc1-47c4-a75b-34493a8dab94:series:recs_series_for_you margin=170 slide=0 net=170
2026-08-27 23:33:48.808 NuvioTV[87111:12635317] [HomeScrollProbe] title row=app.xperience.21e577a3-adc1-47c4-a75b-34493a8dab94:movie:recs_movies_for_you margin=-384 slide=72 net=-312
2026-08-27 23:33:48.834 NuvioTV[87111:12635317] [HomeScrollProbe] pinned-hero y=1705 inset=0 residual=1705
2026-08-27 23:33:48.834 NuvioTV[87111:12635317] [HomeScrollProbe] title row=app.xperience.21e577a3-adc1-47c4-a75b-34493a8dab94:series:recs_series_for_you margin=146 slide=0 net=146
2026-08-27 23:33:48.834 NuvioTV[87111:12635317] [HomeScrollProbe] title row=app.xperience.21e577a3-adc1-47c4-a75b-34493a8dab94:movie:recs_movies_for_you margin=-408 slide=72 net=-336
2026-08-27 23:33:48.842 NuvioTV[87111:12635317] [HomeScrollProbe] pinned-hero y=1711 inset=0 residual=1711
2026-08-27 23:33:48.842 NuvioTV[87111:12635317] [HomeScrollProbe] title row=app.xperience.21e577a3-adc1-47c4-a75b-34493a8dab94:series:recs_series_for_you margin=140 slide=0 net=140
2026-08-27 23:33:48.842 NuvioTV[87111:12635317] [HomeScrollProbe] title row=app.xperience.21e577a3-adc1-47c4-a75b-34493a8dab94:movie:recs_movies_for_you margin=-414 slide=72 net=-342
2026-08-27 23:33:48.858 NuvioTV[87111:12635317] [HomeScrollProbe] pinned-hero y=1722 inset=0 residual=1722
2026-08-27 23:33:48.858 NuvioTV[87111:12635317] [HomeScrollProbe] title row=app.xperience.21e577a3-adc1-47c4-a75b-34493a8dab94:series:recs_series_for_you margin=128 slide=0 net=128
2026-08-27 23:33:48.858 NuvioTV[87111:12635317] [HomeScrollProbe] title row=app.xperience.21e577a3-adc1-47c4-a75b-34493a8dab94:movie:recs_movies_for_you margin=-426 slide=72 net=-354
2026-08-27 23:33:48.876 NuvioTV[87111:12635317] [HomeScrollProbe] pinned-hero y=1734 inset=0 residual=1734
2026-08-27 23:33:48.876 NuvioTV[87111:12635317] [HomeScrollProbe] title row=app.xperience.21e577a3-adc1-47c4-a75b-34493a8dab94:series:recs_series_for_you margin=116 slide=0 net=116
2026-08-27 23:33:48.876 NuvioTV[87111:12635317] [HomeScrollProbe] title row=app.xperience.21e577a3-adc1-47c4-a75b-34493a8dab94:movie:recs_movies_for_you margin=-438 slide=72 net=-366
2026-08-27 23:33:48.891 NuvioTV[87111:12635317] [HomeScrollProbe] pinned-hero y=1743 inset=0 residual=1743
2026-08-27 23:33:48.891 NuvioTV[87111:12635317] [HomeScrollProbe] title row=app.xperience.21e577a3-adc1-47c4-a75b-34493a8dab94:series:recs_series_for_you margin=108 slide=0 net=108
2026-08-27 23:33:48.892 NuvioTV[87111:12635317] [HomeScrollProbe] title row=app.xperience.21e577a3-adc1-47c4-a75b-34493a8dab94:movie:recs_movies_for_you margin=-446 slide=72 net=-374
2026-08-27 23:33:48.908 NuvioTV[87111:12635317] [HomeScrollProbe] pinned-hero y=1752 inset=0 residual=1752
2026-08-27 23:33:48.908 NuvioTV[87111:12635317] [HomeScrollProbe] title row=app.xperience.21e577a3-adc1-47c4-a75b-34493a8dab94:series:recs_series_for_you margin=98 slide=0 net=98
2026-08-27 23:33:48.908 NuvioTV[87111:12635317] [HomeScrollProbe] title row=app.xperience.21e577a3-adc1-47c4-a75b-34493a8dab94:movie:recs_movies_for_you margin=-456 slide=72 net=-384
2026-08-27 23:33:48.925 NuvioTV[87111:12635317] [HomeScrollProbe] pinned-hero y=1760 inset=0 residual=1760
2026-08-27 23:33:48.925 NuvioTV[87111:12635317] [HomeScrollProbe] title row=app.xperience.21e577a3-adc1-47c4-a75b-34493a8dab94:series:recs_series_for_you margin=90 slide=0 net=90
2026-08-27 23:33:48.925 NuvioTV[87111:12635317] [HomeScrollProbe] title row=app.xperience.21e577a3-adc1-47c4-a75b-34493a8dab94:movie:recs_movies_for_you margin=-464 slide=72 net=-392
2026-08-27 23:33:48.942 NuvioTV[87111:12635317] [HomeScrollProbe] pinned-hero y=1767 inset=0 residual=1767
2026-08-27 23:33:48.942 NuvioTV[87111:12635317] [HomeScrollProbe] title row=app.xperience.21e577a3-adc1-47c4-a75b-34493a8dab94:series:recs_series_for_you margin=84 slide=0 net=84
2026-08-27 23:33:48.942 NuvioTV[87111:12635317] [HomeScrollProbe] title row=app.xperience.21e577a3-adc1-47c4-a75b-34493a8dab94:movie:recs_movies_for_you margin=-470 slide=72 net=-398
2026-08-27 23:33:48.975 NuvioTV[87111:12635317] [HomeScrollProbe] pinned-hero y=1780 inset=0 residual=1780
2026-08-27 23:33:48.976 NuvioTV[87111:12635317] [HomeScrollProbe] title row=app.xperience.21e577a3-adc1-47c4-a75b-34493a8dab94:series:recs_series_for_you margin=72 slide=0 net=72
2026-08-27 23:33:48.976 NuvioTV[87111:12635317] [HomeScrollProbe] title row=app.xperience.21e577a3-adc1-47c4-a75b-34493a8dab94:movie:recs_movies_for_you margin=-482 slide=72 net=-410
2026-08-27 23:33:48.992 NuvioTV[87111:12635317] [HomeScrollProbe] pinned-hero y=1785 inset=0 residual=1785
2026-08-27 23:33:48.992 NuvioTV[87111:12635317] [HomeScrollProbe] title row=app.xperience.21e577a3-adc1-47c4-a75b-34493a8dab94:series:recs_series_for_you margin=66 slide=0 net=66
2026-08-27 23:33:48.992 NuvioTV[87111:12635317] [HomeScrollProbe] title row=app.xperience.21e577a3-adc1-47c4-a75b-34493a8dab94:movie:recs_movies_for_you margin=-488 slide=72 net=-416
2026-08-27 23:33:49.008 NuvioTV[87111:12635317] [HomeScrollProbe] pinned-hero y=1790 inset=0 residual=1790
2026-08-27 23:33:49.008 NuvioTV[87111:12635317] [HomeScrollProbe] title row=app.xperience.21e577a3-adc1-47c4-a75b-34493a8dab94:series:recs_series_for_you margin=62 slide=0 net=62
2026-08-27 23:33:49.008 NuvioTV[87111:12635317] [HomeScrollProbe] title row=app.xperience.21e577a3-adc1-47c4-a75b-34493a8dab94:movie:recs_movies_for_you margin=-492 slide=72 net=-420
2026-08-27 23:33:49.025 NuvioTV[87111:12635317] [HomeScrollProbe] pinned-hero y=1794 inset=0 residual=1794
2026-08-27 23:33:49.025 NuvioTV[87111:12635317] [HomeScrollProbe] title row=app.xperience.21e577a3-adc1-47c4-a75b-34493a8dab94:series:recs_series_for_you margin=58 slide=0 net=58
2026-08-27 23:33:49.025 NuvioTV[87111:12635317] [HomeScrollProbe] title row=app.xperience.21e577a3-adc1-47c4-a75b-34493a8dab94:movie:recs_movies_for_you margin=-496 slide=72 net=-424
2026-08-27 23:33:49.041 NuvioTV[87111:12635317] [HomeScrollProbe] pinned-hero y=1798 inset=0 residual=1798
2026-08-27 23:33:49.041 NuvioTV[87111:12635317] [HomeScrollProbe] title row=app.xperience.21e577a3-adc1-47c4-a75b-34493a8dab94:series:recs_series_for_you margin=54 slide=0 net=54
2026-08-27 23:33:49.042 NuvioTV[87111:12635317] [HomeScrollProbe] title row=app.xperience.21e577a3-adc1-47c4-a75b-34493a8dab94:movie:recs_movies_for_you margin=-500 slide=72 net=-428
2026-08-27 23:33:49.058 NuvioTV[87111:12635317] [HomeScrollProbe] pinned-hero y=1801 inset=0 residual=1801
2026-08-27 23:33:49.058 NuvioTV[87111:12635317] [HomeScrollProbe] title row=app.xperience.21e577a3-adc1-47c4-a75b-34493a8dab94:series:recs_series_for_you margin=50 slide=0 net=50
2026-08-27 23:33:49.058 NuvioTV[87111:12635317] [HomeScrollProbe] title row=app.xperience.21e577a3-adc1-47c4-a75b-34493a8dab94:movie:recs_movies_for_you margin=-504 slide=72 net=-432
2026-08-27 23:33:49.074 NuvioTV[87111:12635317] [HomeScrollProbe] pinned-hero y=1804 inset=0 residual=1804
2026-08-27 23:33:49.074 NuvioTV[87111:12635317] [HomeScrollProbe] title row=app.xperience.21e577a3-adc1-47c4-a75b-34493a8dab94:series:recs_series_for_you margin=46 slide=0 net=46
2026-08-27 23:33:49.091 NuvioTV[87111:12635317] [HomeScrollProbe] pinned-hero y=1807 inset=0 residual=1807
2026-08-27 23:33:49.091 NuvioTV[87111:12635317] [HomeScrollProbe] title row=app.xperience.21e577a3-adc1-47c4-a75b-34493a8dab94:series:recs_series_for_you margin=44 slide=0 net=44
2026-08-27 23:33:49.108 NuvioTV[87111:12635317] [HomeScrollProbe] pinned-hero y=1809 inset=0 residual=1809
2026-08-27 23:33:49.108 NuvioTV[87111:12635317] [HomeScrollProbe] title row=app.xperience.21e577a3-adc1-47c4-a75b-34493a8dab94:series:recs_series_for_you margin=42 slide=0 net=42
2026-08-27 23:33:49.124 NuvioTV[87111:12635317] [HomeScrollProbe] pinned-hero y=1812 inset=0 residual=1812
2026-08-27 23:33:49.124 NuvioTV[87111:12635317] [HomeScrollProbe] title row=app.xperience.21e577a3-adc1-47c4-a75b-34493a8dab94:series:recs_series_for_you margin=40 slide=0 net=40
2026-08-27 23:33:49.141 NuvioTV[87111:12635317] [HomeScrollProbe] pinned-hero y=1814 inset=0 residual=1814
2026-08-27 23:33:49.141 NuvioTV[87111:12635317] [HomeScrollProbe] title row=app.xperience.21e577a3-adc1-47c4-a75b-34493a8dab94:series:recs_series_for_you margin=38 slide=0 net=38
2026-08-27 23:33:49.157 NuvioTV[87111:12635317] [HomeScrollProbe] pinned-hero y=1815 inset=0 residual=1815
2026-08-27 23:33:49.157 NuvioTV[87111:12635317] [HomeScrollProbe] title row=app.xperience.21e577a3-adc1-47c4-a75b-34493a8dab94:series:recs_series_for_you margin=36 slide=0 net=36
2026-08-27 23:33:49.174 NuvioTV[87111:12635317] [HomeScrollProbe] pinned-hero y=1817 inset=0 residual=1817
2026-08-27 23:33:49.174 NuvioTV[87111:12635317] [HomeScrollProbe] title row=app.xperience.21e577a3-adc1-47c4-a75b-34493a8dab94:series:recs_series_for_you margin=34 slide=0 net=34
2026-08-27 23:33:49.190 NuvioTV[87111:12635317] [HomeScrollProbe] pinned-hero y=1818 inset=0 residual=1818
2026-08-27 23:33:49.190 NuvioTV[87111:12635317] [HomeScrollProbe] title row=app.xperience.21e577a3-adc1-47c4-a75b-34493a8dab94:series:recs_series_for_you margin=32 slide=0 net=32
2026-08-27 23:33:49.207 NuvioTV[87111:12635317] [HomeScrollProbe] pinned-hero y=1820 inset=0 residual=1820
2026-08-27 23:33:49.224 NuvioTV[87111:12635317] [HomeScrollProbe] pinned-hero y=1821 inset=0 residual=1821
2026-08-27 23:33:49.224 NuvioTV[87111:12635317] [HomeScrollProbe] title row=app.xperience.21e577a3-adc1-47c4-a75b-34493a8dab94:series:recs_series_for_you margin=30 slide=0 net=30
2026-08-27 23:33:49.241 NuvioTV[87111:12635317] [HomeScrollProbe] pinned-hero y=1822 inset=0 residual=1822
2026-08-27 23:33:49.241 NuvioTV[87111:12635317] [HomeScrollProbe] title row=app.xperience.21e577a3-adc1-47c4-a75b-34493a8dab94:series:recs_series_for_you margin=28 slide=0 net=28
2026-08-27 23:33:49.257 NuvioTV[87111:12635317] [HomeScrollProbe] pinned-hero y=1823 inset=0 residual=1823
2026-08-27 23:33:49.275 NuvioTV[87111:12635317] [HomeScrollProbe] pinned-hero y=1824 inset=0 residual=1824
2026-08-27 23:33:49.291 NuvioTV[87111:12635317] [HomeScrollProbe] pinned-hero y=1825 inset=0 residual=1825
2026-08-27 23:33:49.292 NuvioTV[87111:12635317] [HomeScrollProbe] title row=app.xperience.21e577a3-adc1-47c4-a75b-34493a8dab94:series:recs_series_for_you margin=26 slide=0 net=26
2026-08-27 23:33:49.325 NuvioTV[87111:12635317] [HomeScrollProbe] pinned-hero y=1826 inset=0 residual=1826
2026-08-27 23:33:49.342 NuvioTV[87111:12635317] [HomeScrollProbe] title row=app.xperience.21e577a3-adc1-47c4-a75b-34493a8dab94:series:recs_series_for_you margin=24 slide=0 net=24
2026-08-27 23:33:49.358 NuvioTV[87111:12635317] [HomeScrollProbe] pinned-hero y=1827 inset=0 residual=1827
2026-08-27 23:33:49.391 NuvioTV[87111:12635317] [HomeScrollProbe] pinned-hero y=1828 inset=0 residual=1828
2026-08-27 23:33:49.408 NuvioTV[87111:12635317] [HomeScrollProbe] title row=app.xperience.21e577a3-adc1-47c4-a75b-34493a8dab94:series:recs_series_for_you margin=22 slide=0 net=22
2026-08-27 23:33:49.424 NuvioTV[87111:12635317] [HomeScrollProbe] pinned-hero y=1829 inset=0 residual=1829
2026-08-27 23:33:49.491 NuvioTV[87111:12635317] [HomeScrollProbe] pinned-hero y=1830 inset=0 residual=1830
2026-08-27 23:33:49.543 NuvioTV[87111:12635317] [HomeScrollProbe] title row=app.xperience.21e577a3-adc1-47c4-a75b-34493a8dab94:series:recs_series_for_you margin=20 slide=0 net=20
2026-08-27 23:33:49.608 NuvioTV[87111:12635317] [HomeScrollProbe] pinned-hero y=1831 inset=0 residual=1831
2026-08-27 23:33:49.726 NuvioTV[87111:12635317] [HomeScrollProbe] pinned-hero y=1832 inset=0 residual=1832
2026-08-27 23:33:50.060 NuvioTV[87111:12635317] [HomeScrollProbe] pinned-hero y=1842 inset=0 residual=1842
2026-08-27 23:33:50.060 NuvioTV[87111:12635317] [HomeScrollProbe] title row=app.xperience.21e577a3-adc1-47c4-a75b-34493a8dab94:movie:recs_because_movies margin=562 slide=0 net=562
2026-08-27 23:33:50.060 NuvioTV[87111:12635317] [HomeScrollProbe] title row=app.xperience.21e577a3-adc1-47c4-a75b-34493a8dab94:series:recs_series_for_you margin=10 slide=0 net=10
2026-08-27 23:33:50.075 NuvioTV[87111:12635317] [HomeScrollProbe] pinned-hero y=1862 inset=0 residual=1862
2026-08-27 23:33:50.075 NuvioTV[87111:12635317] [HomeScrollProbe] title row=app.xperience.21e577a3-adc1-47c4-a75b-34493a8dab94:movie:recs_because_movies margin=542 slide=0 net=542
2026-08-27 23:33:50.076 NuvioTV[87111:12635317] [HomeScrollProbe] title row=app.xperience.21e577a3-adc1-47c4-a75b-34493a8dab94:series:recs_series_for_you margin=-12 slide=12 net=0
2026-08-27 23:33:50.109 NuvioTV[87111:12635317] [HomeScrollProbe] pinned-hero y=1892 inset=0 residual=1892
2026-08-27 23:33:50.109 NuvioTV[87111:12635317] [HomeScrollProbe] title row=app.xperience.21e577a3-adc1-47c4-a75b-34493a8dab94:movie:recs_because_movies margin=512 slide=0 net=512
2026-08-27 23:33:50.109 NuvioTV[87111:12635317] [HomeScrollProbe] title row=app.xperience.21e577a3-adc1-47c4-a75b-34493a8dab94:series:recs_series_for_you margin=-42 slide=42 net=0
2026-08-27 23:33:50.126 NuvioTV[87111:12635317] [HomeScrollProbe] pinned-hero y=1932 inset=0 residual=1932
2026-08-27 23:33:50.126 NuvioTV[87111:12635317] [HomeScrollProbe] title row=app.xperience.21e577a3-adc1-47c4-a75b-34493a8dab94:movie:recs_because_movies margin=472 slide=0 net=472
2026-08-27 23:33:50.126 NuvioTV[87111:12635317] [HomeScrollProbe] title row=app.xperience.21e577a3-adc1-47c4-a75b-34493a8dab94:series:recs_series_for_you margin=-82 slide=72 net=-10
2026-08-27 23:33:50.142 NuvioTV[87111:12635317] [HomeScrollProbe] pinned-hero y=1977 inset=0 residual=1977
2026-08-27 23:33:50.142 NuvioTV[87111:12635317] [HomeScrollProbe] title row=app.xperience.21e577a3-adc1-47c4-a75b-34493a8dab94:movie:recs_because_movies margin=428 slide=0 net=428
2026-08-27 23:33:50.142 NuvioTV[87111:12635317] [HomeScrollProbe] title row=app.xperience.21e577a3-adc1-47c4-a75b-34493a8dab94:series:recs_series_for_you margin=-126 slide=72 net=-54
2026-08-27 23:33:50.159 NuvioTV[87111:12635317] [HomeScrollProbe] pinned-hero y=2018 inset=0 residual=2018
2026-08-27 23:33:50.159 NuvioTV[87111:12635317] [HomeScrollProbe] title row=app.xperience.21e577a3-adc1-47c4-a75b-34493a8dab94:movie:recs_because_movies margin=386 slide=0 net=386
2026-08-27 23:33:50.159 NuvioTV[87111:12635317] [HomeScrollProbe] title row=app.xperience.21e577a3-adc1-47c4-a75b-34493a8dab94:series:recs_series_for_you margin=-168 slide=72 net=-96
2026-08-27 23:33:50.176 NuvioTV[87111:12635317] [HomeScrollProbe] pinned-hero y=2055 inset=0 residual=2055
2026-08-27 23:33:50.176 NuvioTV[87111:12635317] [HomeScrollProbe] title row=app.xperience.21e577a3-adc1-47c4-a75b-34493a8dab94:movie:recs_because_movies margin=350 slide=0 net=350
2026-08-27 23:33:50.176 NuvioTV[87111:12635317] [HomeScrollProbe] title row=app.xperience.21e577a3-adc1-47c4-a75b-34493a8dab94:series:recs_series_for_you margin=-204 slide=72 net=-132
2026-08-27 23:33:50.209 NuvioTV[87111:12635317] [HomeScrollProbe] pinned-hero y=2102 inset=0 residual=2102
2026-08-27 23:33:50.209 NuvioTV[87111:12635317] [HomeScrollProbe] title row=app.xperience.21e577a3-adc1-47c4-a75b-34493a8dab94:movie:recs_because_movies margin=302 slide=0 net=302
2026-08-27 23:33:50.209 NuvioTV[87111:12635317] [HomeScrollProbe] title row=app.xperience.21e577a3-adc1-47c4-a75b-34493a8dab94:series:recs_series_for_you margin=-252 slide=72 net=-180
2026-08-27 23:33:50.225 NuvioTV[87111:12635317] [HomeScrollProbe] pinned-hero y=2130 inset=0 residual=2130
2026-08-27 23:33:50.226 NuvioTV[87111:12635317] [HomeScrollProbe] title row=app.xperience.21e577a3-adc1-47c4-a75b-34493a8dab94:movie:recs_because_movies margin=274 slide=0 net=274
2026-08-27 23:33:50.226 NuvioTV[87111:12635317] [HomeScrollProbe] title row=app.xperience.21e577a3-adc1-47c4-a75b-34493a8dab94:series:recs_series_for_you margin=-280 slide=72 net=-208
2026-08-27 23:33:50.242 NuvioTV[87111:12635317] [HomeScrollProbe] pinned-hero y=2156 inset=0 residual=2156
2026-08-27 23:33:50.242 NuvioTV[87111:12635317] [HomeScrollProbe] title row=app.xperience.21e577a3-adc1-47c4-a75b-34493a8dab94:movie:recs_because_movies margin=248 slide=0 net=248
2026-08-27 23:33:50.242 NuvioTV[87111:12635317] [HomeScrollProbe] title row=app.xperience.21e577a3-adc1-47c4-a75b-34493a8dab94:series:recs_series_for_you margin=-306 slide=72 net=-234
2026-08-27 23:33:50.258 NuvioTV[87111:12635317] [HomeScrollProbe] pinned-hero y=2179 inset=0 residual=2179
2026-08-27 23:33:50.258 NuvioTV[87111:12635317] [HomeScrollProbe] title row=app.xperience.21e577a3-adc1-47c4-a75b-34493a8dab94:movie:recs_because_movies margin=226 slide=0 net=226
2026-08-27 23:33:50.258 NuvioTV[87111:12635317] [HomeScrollProbe] title row=app.xperience.21e577a3-adc1-47c4-a75b-34493a8dab94:series:recs_series_for_you margin=-328 slide=72 net=-256
2026-08-27 23:33:50.275 NuvioTV[87111:12635317] [HomeScrollProbe] pinned-hero y=2200 inset=0 residual=2200
2026-08-27 23:33:50.275 NuvioTV[87111:12635317] [HomeScrollProbe] title row=app.xperience.21e577a3-adc1-47c4-a75b-34493a8dab94:movie:recs_because_movies margin=204 slide=0 net=204
2026-08-27 23:33:50.275 NuvioTV[87111:12635317] [HomeScrollProbe] title row=app.xperience.21e577a3-adc1-47c4-a75b-34493a8dab94:series:recs_series_for_you margin=-350 slide=72 net=-278
2026-08-27 23:33:50.291 NuvioTV[87111:12635317] [HomeScrollProbe] pinned-hero y=2218 inset=0 residual=2218
2026-08-27 23:33:50.292 NuvioTV[87111:12635317] [HomeScrollProbe] title row=app.xperience.21e577a3-adc1-47c4-a75b-34493a8dab94:movie:recs_because_movies margin=186 slide=0 net=186
2026-08-27 23:33:50.292 NuvioTV[87111:12635317] [HomeScrollProbe] title row=app.xperience.21e577a3-adc1-47c4-a75b-34493a8dab94:series:recs_series_for_you margin=-368 slide=72 net=-296
2026-08-27 23:33:50.308 NuvioTV[87111:12635317] [HomeScrollProbe] pinned-hero y=2235 inset=0 residual=2235
2026-08-27 23:33:50.308 NuvioTV[87111:12635317] [HomeScrollProbe] title row=app.xperience.21e577a3-adc1-47c4-a75b-34493a8dab94:movie:recs_because_movies margin=170 slide=0 net=170
2026-08-27 23:33:50.308 NuvioTV[87111:12635317] [HomeScrollProbe] title row=app.xperience.21e577a3-adc1-47c4-a75b-34493a8dab94:series:recs_series_for_you margin=-384 slide=72 net=-312
2026-08-27 23:33:50.325 NuvioTV[87111:12635317] [HomeScrollProbe] pinned-hero y=2250 inset=0 residual=2250
2026-08-27 23:33:50.325 NuvioTV[87111:12635317] [HomeScrollProbe] title row=app.xperience.21e577a3-adc1-47c4-a75b-34493a8dab94:movie:recs_because_movies margin=154 slide=0 net=154
2026-08-27 23:33:50.325 NuvioTV[87111:12635317] [HomeScrollProbe] title row=app.xperience.21e577a3-adc1-47c4-a75b-34493a8dab94:series:recs_series_for_you margin=-400 slide=72 net=-328
2026-08-27 23:33:50.345 NuvioTV[87111:12635317] [HomeScrollProbe] pinned-hero y=2266 inset=0 residual=2266
2026-08-27 23:33:50.345 NuvioTV[87111:12635317] [HomeScrollProbe] title row=app.xperience.21e577a3-adc1-47c4-a75b-34493a8dab94:movie:recs_because_movies margin=138 slide=0 net=138
2026-08-27 23:33:50.345 NuvioTV[87111:12635317] [HomeScrollProbe] title row=app.xperience.21e577a3-adc1-47c4-a75b-34493a8dab94:series:recs_series_for_you margin=-416 slide=72 net=-344
2026-08-27 23:33:50.358 NuvioTV[87111:12635317] [HomeScrollProbe] pinned-hero y=2276 inset=0 residual=2276
2026-08-27 23:33:50.358 NuvioTV[87111:12635317] [HomeScrollProbe] title row=app.xperience.21e577a3-adc1-47c4-a75b-34493a8dab94:movie:recs_because_movies margin=128 slide=0 net=128
2026-08-27 23:33:50.358 NuvioTV[87111:12635317] [HomeScrollProbe] title row=app.xperience.21e577a3-adc1-47c4-a75b-34493a8dab94:series:recs_series_for_you margin=-426 slide=72 net=-354
2026-08-27 23:33:50.375 NuvioTV[87111:12635317] [HomeScrollProbe] pinned-hero y=2287 inset=0 residual=2287
2026-08-27 23:33:50.375 NuvioTV[87111:12635317] [HomeScrollProbe] title row=app.xperience.21e577a3-adc1-47c4-a75b-34493a8dab94:movie:recs_because_movies margin=118 slide=0 net=118
2026-08-27 23:33:50.375 NuvioTV[87111:12635317] [HomeScrollProbe] title row=app.xperience.21e577a3-adc1-47c4-a75b-34493a8dab94:series:recs_series_for_you margin=-436 slide=72 net=-364
2026-08-27 23:33:50.391 NuvioTV[87111:12635317] [HomeScrollProbe] pinned-hero y=2297 inset=0 residual=2297
2026-08-27 23:33:50.391 NuvioTV[87111:12635317] [HomeScrollProbe] title row=app.xperience.21e577a3-adc1-47c4-a75b-34493a8dab94:movie:recs_because_movies margin=108 slide=0 net=108
2026-08-27 23:33:50.391 NuvioTV[87111:12635317] [HomeScrollProbe] title row=app.xperience.21e577a3-adc1-47c4-a75b-34493a8dab94:series:recs_series_for_you margin=-446 slide=72 net=-374
2026-08-27 23:33:50.408 NuvioTV[87111:12635317] [HomeScrollProbe] pinned-hero y=2306 inset=0 residual=2306
2026-08-27 23:33:50.408 NuvioTV[87111:12635317] [HomeScrollProbe] title row=app.xperience.21e577a3-adc1-47c4-a75b-34493a8dab94:movie:recs_because_movies margin=98 slide=0 net=98
2026-08-27 23:33:50.408 NuvioTV[87111:12635317] [HomeScrollProbe] title row=app.xperience.21e577a3-adc1-47c4-a75b-34493a8dab94:series:recs_series_for_you margin=-456 slide=72 net=-384
2026-08-27 23:33:50.425 NuvioTV[87111:12635317] [HomeScrollProbe] pinned-hero y=2314 inset=0 residual=2314
2026-08-27 23:33:50.425 NuvioTV[87111:12635317] [HomeScrollProbe] title row=app.xperience.21e577a3-adc1-47c4-a75b-34493a8dab94:movie:recs_because_movies margin=90 slide=0 net=90
2026-08-27 23:33:50.425 NuvioTV[87111:12635317] [HomeScrollProbe] title row=app.xperience.21e577a3-adc1-47c4-a75b-34493a8dab94:series:recs_series_for_you margin=-464 slide=72 net=-392
2026-08-27 23:33:50.441 NuvioTV[87111:12635317] [HomeScrollProbe] pinned-hero y=2321 inset=0 residual=2321
2026-08-27 23:33:50.441 NuvioTV[87111:12635317] [HomeScrollProbe] title row=app.xperience.21e577a3-adc1-47c4-a75b-34493a8dab94:movie:recs_because_movies margin=84 slide=0 net=84
2026-08-27 23:33:50.442 NuvioTV[87111:12635317] [HomeScrollProbe] title row=app.xperience.21e577a3-adc1-47c4-a75b-34493a8dab94:series:recs_series_for_you margin=-470 slide=72 net=-398
2026-08-27 23:33:50.458 NuvioTV[87111:12635317] [HomeScrollProbe] pinned-hero y=2327 inset=0 residual=2327
2026-08-27 23:33:50.458 NuvioTV[87111:12635317] [HomeScrollProbe] title row=app.xperience.21e577a3-adc1-47c4-a75b-34493a8dab94:movie:recs_because_movies margin=78 slide=0 net=78
2026-08-27 23:33:50.458 NuvioTV[87111:12635317] [HomeScrollProbe] title row=app.xperience.21e577a3-adc1-47c4-a75b-34493a8dab94:series:recs_series_for_you margin=-476 slide=72 net=-404
2026-08-27 23:33:50.475 NuvioTV[87111:12635317] [HomeScrollProbe] pinned-hero y=2333 inset=0 residual=2333
2026-08-27 23:33:50.475 NuvioTV[87111:12635317] [HomeScrollProbe] title row=app.xperience.21e577a3-adc1-47c4-a75b-34493a8dab94:movie:recs_because_movies margin=72 slide=0 net=72
2026-08-27 23:33:50.475 NuvioTV[87111:12635317] [HomeScrollProbe] title row=app.xperience.21e577a3-adc1-47c4-a75b-34493a8dab94:series:recs_series_for_you margin=-482 slide=72 net=-410
2026-08-27 23:33:50.492 NuvioTV[87111:12635317] [HomeScrollProbe] pinned-hero y=2338 inset=0 residual=2338
2026-08-27 23:33:50.492 NuvioTV[87111:12635317] [HomeScrollProbe] title row=app.xperience.21e577a3-adc1-47c4-a75b-34493a8dab94:movie:recs_because_movies margin=66 slide=0 net=66
2026-08-27 23:33:50.492 NuvioTV[87111:12635317] [HomeScrollProbe] title row=app.xperience.21e577a3-adc1-47c4-a75b-34493a8dab94:series:recs_series_for_you margin=-488 slide=72 net=-416
2026-08-27 23:33:50.508 NuvioTV[87111:12635317] [HomeScrollProbe] pinned-hero y=2343 inset=0 residual=2343
2026-08-27 23:33:50.509 NuvioTV[87111:12635317] [HomeScrollProbe] title row=app.xperience.21e577a3-adc1-47c4-a75b-34493a8dab94:movie:recs_because_movies margin=62 slide=0 net=62
2026-08-27 23:33:50.509 NuvioTV[87111:12635317] [HomeScrollProbe] title row=app.xperience.21e577a3-adc1-47c4-a75b-34493a8dab94:series:recs_series_for_you margin=-492 slide=72 net=-420
2026-08-27 23:33:50.526 NuvioTV[87111:12635317] [HomeScrollProbe] pinned-hero y=2347 inset=0 residual=2347
2026-08-27 23:33:50.526 NuvioTV[87111:12635317] [HomeScrollProbe] title row=app.xperience.21e577a3-adc1-47c4-a75b-34493a8dab94:movie:recs_because_movies margin=58 slide=0 net=58
2026-08-27 23:33:50.526 NuvioTV[87111:12635317] [HomeScrollProbe] title row=app.xperience.21e577a3-adc1-47c4-a75b-34493a8dab94:series:recs_series_for_you margin=-496 slide=72 net=-424
2026-08-27 23:33:50.542 NuvioTV[87111:12635317] [HomeScrollProbe] pinned-hero y=2351 inset=0 residual=2351
2026-08-27 23:33:50.542 NuvioTV[87111:12635317] [HomeScrollProbe] title row=app.xperience.21e577a3-adc1-47c4-a75b-34493a8dab94:movie:recs_because_movies margin=54 slide=0 net=54
2026-08-27 23:33:50.542 NuvioTV[87111:12635317] [HomeScrollProbe] title row=app.xperience.21e577a3-adc1-47c4-a75b-34493a8dab94:series:recs_series_for_you margin=-500 slide=72 net=-428
2026-08-27 23:33:50.558 NuvioTV[87111:12635317] [HomeScrollProbe] pinned-hero y=2354 inset=0 residual=2354
2026-08-27 23:33:50.558 NuvioTV[87111:12635317] [HomeScrollProbe] title row=app.xperience.21e577a3-adc1-47c4-a75b-34493a8dab94:movie:recs_because_movies margin=50 slide=0 net=50
2026-08-27 23:33:50.559 NuvioTV[87111:12635317] [HomeScrollProbe] title row=app.xperience.21e577a3-adc1-47c4-a75b-34493a8dab94:series:recs_series_for_you margin=-504 slide=72 net=-432
2026-08-27 23:33:50.575 NuvioTV[87111:12635317] [HomeScrollProbe] pinned-hero y=2357 inset=0 residual=2357
2026-08-27 23:33:50.575 NuvioTV[87111:12635317] [HomeScrollProbe] title row=app.xperience.21e577a3-adc1-47c4-a75b-34493a8dab94:movie:recs_because_movies margin=48 slide=0 net=48
2026-08-27 23:33:50.591 NuvioTV[87111:12635317] [HomeScrollProbe] pinned-hero y=2360 inset=0 residual=2360
2026-08-27 23:33:50.591 NuvioTV[87111:12635317] [HomeScrollProbe] title row=app.xperience.21e577a3-adc1-47c4-a75b-34493a8dab94:movie:recs_because_movies margin=44 slide=0 net=44
2026-08-27 23:33:50.608 NuvioTV[87111:12635317] [HomeScrollProbe] pinned-hero y=2363 inset=0 residual=2363
2026-08-27 23:33:50.608 NuvioTV[87111:12635317] [HomeScrollProbe] title row=app.xperience.21e577a3-adc1-47c4-a75b-34493a8dab94:movie:recs_because_movies margin=42 slide=0 net=42
2026-08-27 23:33:50.625 NuvioTV[87111:12635317] [HomeScrollProbe] pinned-hero y=2365 inset=0 residual=2365
2026-08-27 23:33:50.625 NuvioTV[87111:12635317] [HomeScrollProbe] title row=app.xperience.21e577a3-adc1-47c4-a75b-34493a8dab94:movie:recs_because_movies margin=40 slide=0 net=40
2026-08-27 23:33:50.641 NuvioTV[87111:12635317] [HomeScrollProbe] pinned-hero y=2367 inset=0 residual=2367
2026-08-27 23:33:50.641 NuvioTV[87111:12635317] [HomeScrollProbe] title row=app.xperience.21e577a3-adc1-47c4-a75b-34493a8dab94:movie:recs_because_movies margin=38 slide=0 net=38
2026-08-27 23:33:50.658 NuvioTV[87111:12635317] [HomeScrollProbe] pinned-hero y=2369 inset=0 residual=2369
2026-08-27 23:33:50.658 NuvioTV[87111:12635317] [HomeScrollProbe] title row=app.xperience.21e577a3-adc1-47c4-a75b-34493a8dab94:movie:recs_because_movies margin=36 slide=0 net=36
2026-08-27 23:33:50.674 NuvioTV[87111:12635317] [HomeScrollProbe] pinned-hero y=2370 inset=0 residual=2370
2026-08-27 23:33:50.675 NuvioTV[87111:12635317] [HomeScrollProbe] title row=app.xperience.21e577a3-adc1-47c4-a75b-34493a8dab94:movie:recs_because_movies margin=34 slide=0 net=34
2026-08-27 23:33:50.692 NuvioTV[87111:12635317] [HomeScrollProbe] pinned-hero y=2372 inset=0 residual=2372
2026-08-27 23:33:50.692 NuvioTV[87111:12635317] [HomeScrollProbe] title row=app.xperience.21e577a3-adc1-47c4-a75b-34493a8dab94:movie:recs_because_movies margin=32 slide=0 net=32
2026-08-27 23:33:50.708 NuvioTV[87111:12635317] [HomeScrollProbe] pinned-hero y=2373 inset=0 residual=2373
2026-08-27 23:33:50.724 NuvioTV[87111:12635317] [HomeScrollProbe] pinned-hero y=2374 inset=0 residual=2374
2026-08-27 23:33:50.725 NuvioTV[87111:12635317] [HomeScrollProbe] title row=app.xperience.21e577a3-adc1-47c4-a75b-34493a8dab94:movie:recs_because_movies margin=30 slide=0 net=30
2026-08-27 23:33:50.741 NuvioTV[87111:12635317] [HomeScrollProbe] pinned-hero y=2375 inset=0 residual=2375
2026-08-27 23:33:50.758 NuvioTV[87111:12635317] [HomeScrollProbe] pinned-hero y=2376 inset=0 residual=2376
2026-08-27 23:33:50.758 NuvioTV[87111:12635317] [HomeScrollProbe] title row=app.xperience.21e577a3-adc1-47c4-a75b-34493a8dab94:movie:recs_because_movies margin=28 slide=0 net=28
2026-08-27 23:33:50.774 NuvioTV[87111:12635317] [HomeScrollProbe] pinned-hero y=2377 inset=0 residual=2377
2026-08-27 23:33:50.791 NuvioTV[87111:12635317] [HomeScrollProbe] pinned-hero y=2378 inset=0 residual=2378
2026-08-27 23:33:50.791 NuvioTV[87111:12635317] [HomeScrollProbe] title row=app.xperience.21e577a3-adc1-47c4-a75b-34493a8dab94:movie:recs_because_movies margin=26 slide=0 net=26
2026-08-27 23:33:50.808 NuvioTV[87111:12635317] [HomeScrollProbe] pinned-hero y=2379 inset=0 residual=2379
2026-08-27 23:33:50.841 NuvioTV[87111:12635317] [HomeScrollProbe] pinned-hero y=2380 inset=0 residual=2380
2026-08-27 23:33:50.841 NuvioTV[87111:12635317] [HomeScrollProbe] title row=app.xperience.21e577a3-adc1-47c4-a75b-34493a8dab94:movie:recs_because_movies margin=24 slide=0 net=24
2026-08-27 23:33:50.874 NuvioTV[87111:12635317] [HomeScrollProbe] pinned-hero y=2381 inset=0 residual=2381
2026-08-27 23:33:50.908 NuvioTV[87111:12635317] [HomeScrollProbe] pinned-hero y=2382 inset=0 residual=2382
2026-08-27 23:33:50.908 NuvioTV[87111:12635317] [HomeScrollProbe] title row=app.xperience.21e577a3-adc1-47c4-a75b-34493a8dab94:movie:recs_because_movies margin=22 slide=0 net=22
2026-08-27 23:33:50.958 NuvioTV[87111:12635317] [HomeScrollProbe] pinned-hero y=2383 inset=0 residual=2383
2026-08-27 23:33:51.058 NuvioTV[87111:12635317] [HomeScrollProbe] pinned-hero y=2384 inset=0 residual=2384
2026-08-27 23:33:51.058 NuvioTV[87111:12635317] [HomeScrollProbe] title row=app.xperience.21e577a3-adc1-47c4-a75b-34493a8dab94:movie:recs_because_movies margin=20 slide=0 net=20
2026-08-27 23:33:51.144 NuvioTV[87111:12636661] [TrailerExtract] client=android_vr NO streamingData (playability=LOGIN_REQUIRED reason=Sign in to confirm you’re not a bot)
2026-08-27 23:33:51.208 NuvioTV[87111:12635317] [HomeScrollProbe] pinned-hero y=2385 inset=0 residual=2385
2026-08-27 23:33:51.275 NuvioTV[87111:12636629] [TrailerExtract] client=android video=QsjSIwQr7yw hls=false formats=1 adaptive=31 sdKeys=expiresInSeconds,formats,adaptiveFormats,serverAbrStreamingUrl,metadataFormats
2026-08-27 23:33:51.400 NuvioTV[87111:12636989] [TrailerExtract] client=ios video=QsjSIwQr7yw hls=false formats=0 adaptive=28 sdKeys=expiresInSeconds,adaptiveFormats,aspectRatio,serverAbrStreamingUrl,metadataFormats
2026-08-27 23:33:51.406 NuvioTV[87111:12636989] [TrailerExtract] selection: manifest=none progressive=360 (manifests collected=0)
2026-08-27 23:33:51.406 NuvioTV[87111:12636989] [TrailerExtract] repack candidates: avcVideo=1080p avc1.640028 (android) m4aAudio=mp4a.40.2 (android)
2026-08-27 23:33:51.618 NuvioTV[87111:12635317] [HomeScrollProbe] pinned-hero y=2395 inset=0 residual=2395
2026-08-27 23:33:51.619 NuvioTV[87111:12635317] [HomeScrollProbe] title row=app.xperience.21e577a3-adc1-47c4-a75b-34493a8dab94:series:recs_because_series margin=562 slide=0 net=562
2026-08-27 23:33:51.619 NuvioTV[87111:12635317] [HomeScrollProbe] title row=app.xperience.21e577a3-adc1-47c4-a75b-34493a8dab94:movie:recs_because_movies margin=10 slide=0 net=10
2026-08-27 23:33:51.642 NuvioTV[87111:12635317] [HomeScrollProbe] pinned-hero y=2415 inset=0 residual=2415
2026-08-27 23:33:51.642 NuvioTV[87111:12635317] [HomeScrollProbe] title row=app.xperience.21e577a3-adc1-47c4-a75b-34493a8dab94:series:recs_because_series margin=542 slide=0 net=542
2026-08-27 23:33:51.642 NuvioTV[87111:12635317] [HomeScrollProbe] title row=app.xperience.21e577a3-adc1-47c4-a75b-34493a8dab94:movie:recs_because_movies margin=-12 slide=12 net=0
2026-08-27 23:33:51.659 NuvioTV[87111:12635317] [HomeScrollProbe] pinned-hero y=2445 inset=0 residual=2445
2026-08-27 23:33:51.659 NuvioTV[87111:12635317] [HomeScrollProbe] title row=app.xperience.21e577a3-adc1-47c4-a75b-34493a8dab94:series:recs_because_series margin=512 slide=0 net=512
2026-08-27 23:33:51.659 NuvioTV[87111:12635317] [HomeScrollProbe] title row=app.xperience.21e577a3-adc1-47c4-a75b-34493a8dab94:movie:recs_because_movies margin=-42 slide=42 net=0
2026-08-27 23:33:51.692 NuvioTV[87111:12635317] [HomeScrollProbe] pinned-hero y=2485 inset=0 residual=2485
2026-08-27 23:33:51.692 NuvioTV[87111:12635317] [HomeScrollProbe] title row=app.xperience.21e577a3-adc1-47c4-a75b-34493a8dab94:series:recs_because_series margin=472 slide=0 net=472
2026-08-27 23:33:51.692 NuvioTV[87111:12635317] [HomeScrollProbe] title row=app.xperience.21e577a3-adc1-47c4-a75b-34493a8dab94:movie:recs_because_movies margin=-82 slide=72 net=-10
2026-08-27 23:33:51.708 NuvioTV[87111:12635317] [HomeScrollProbe] pinned-hero y=2531 inset=0 residual=2531
2026-08-27 23:33:51.709 NuvioTV[87111:12635317] [HomeScrollProbe] title row=app.xperience.21e577a3-adc1-47c4-a75b-34493a8dab94:series:recs_because_series margin=428 slide=0 net=428
2026-08-27 23:33:51.709 NuvioTV[87111:12635317] [HomeScrollProbe] title row=app.xperience.21e577a3-adc1-47c4-a75b-34493a8dab94:movie:recs_because_movies margin=-126 slide=72 net=-54
2026-08-27 23:33:51.725 NuvioTV[87111:12635317] [HomeScrollProbe] pinned-hero y=2572 inset=0 residual=2572
2026-08-27 23:33:51.725 NuvioTV[87111:12635317] [HomeScrollProbe] title row=app.xperience.21e577a3-adc1-47c4-a75b-34493a8dab94:series:recs_because_series margin=386 slide=0 net=386
2026-08-27 23:33:51.725 NuvioTV[87111:12635317] [HomeScrollProbe] title row=app.xperience.21e577a3-adc1-47c4-a75b-34493a8dab94:movie:recs_because_movies margin=-168 slide=72 net=-96
2026-08-27 23:33:51.742 NuvioTV[87111:12635317] [HomeScrollProbe] pinned-hero y=2609 inset=0 residual=2609
2026-08-27 23:33:51.742 NuvioTV[87111:12635317] [HomeScrollProbe] title row=app.xperience.21e577a3-adc1-47c4-a75b-34493a8dab94:series:recs_because_series margin=350 slide=0 net=350
2026-08-27 23:33:51.742 NuvioTV[87111:12635317] [HomeScrollProbe] title row=app.xperience.21e577a3-adc1-47c4-a75b-34493a8dab94:movie:recs_because_movies margin=-204 slide=72 net=-132
2026-08-27 23:33:51.758 NuvioTV[87111:12635317] [HomeScrollProbe] pinned-hero y=2642 inset=0 residual=2642
2026-08-27 23:33:51.759 NuvioTV[87111:12635317] [HomeScrollProbe] title row=app.xperience.21e577a3-adc1-47c4-a75b-34493a8dab94:series:recs_because_series margin=316 slide=0 net=316
2026-08-27 23:33:51.759 NuvioTV[87111:12635317] [HomeScrollProbe] title row=app.xperience.21e577a3-adc1-47c4-a75b-34493a8dab94:movie:recs_because_movies margin=-238 slide=72 net=-166
2026-08-27 23:33:51.776 NuvioTV[87111:12635317] [HomeScrollProbe] pinned-hero y=2672 inset=0 residual=2672
2026-08-27 23:33:51.776 NuvioTV[87111:12635317] [HomeScrollProbe] title row=app.xperience.21e577a3-adc1-47c4-a75b-34493a8dab94:series:recs_because_series margin=286 slide=0 net=286
2026-08-27 23:33:51.776 NuvioTV[87111:12635317] [HomeScrollProbe] title row=app.xperience.21e577a3-adc1-47c4-a75b-34493a8dab94:movie:recs_because_movies margin=-268 slide=72 net=-196
2026-08-27 23:33:51.797 NuvioTV[87111:12635317] [HomeScrollProbe] pinned-hero y=2708 inset=0 residual=2708
2026-08-27 23:33:51.797 NuvioTV[87111:12635317] [HomeScrollProbe] title row=app.xperience.21e577a3-adc1-47c4-a75b-34493a8dab94:series:recs_because_series margin=250 slide=0 net=250
2026-08-27 23:33:51.797 NuvioTV[87111:12635317] [HomeScrollProbe] title row=app.xperience.21e577a3-adc1-47c4-a75b-34493a8dab94:movie:recs_because_movies margin=-304 slide=72 net=-232
2026-08-27 23:33:51.808 NuvioTV[87111:12635317] [HomeScrollProbe] pinned-hero y=2723 inset=0 residual=2723
2026-08-27 23:33:51.808 NuvioTV[87111:12635317] [HomeScrollProbe] title row=app.xperience.21e577a3-adc1-47c4-a75b-34493a8dab94:series:recs_because_series margin=236 slide=0 net=236
2026-08-27 23:33:51.808 NuvioTV[87111:12635317] [HomeScrollProbe] title row=app.xperience.21e577a3-adc1-47c4-a75b-34493a8dab94:movie:recs_because_movies margin=-318 slide=72 net=-246
2026-08-27 23:33:51.825 NuvioTV[87111:12635317] [HomeScrollProbe] pinned-hero y=2744 inset=0 residual=2744
2026-08-27 23:33:51.825 NuvioTV[87111:12635317] [HomeScrollProbe] title row=app.xperience.21e577a3-adc1-47c4-a75b-34493a8dab94:series:recs_because_series margin=214 slide=0 net=214
2026-08-27 23:33:51.825 NuvioTV[87111:12635317] [HomeScrollProbe] title row=app.xperience.21e577a3-adc1-47c4-a75b-34493a8dab94:movie:recs_because_movies margin=-340 slide=72 net=-268
2026-08-27 23:33:51.842 NuvioTV[87111:12635317] [HomeScrollProbe] pinned-hero y=2764 inset=0 residual=2764
2026-08-27 23:33:51.842 NuvioTV[87111:12635317] [HomeScrollProbe] title row=app.xperience.21e577a3-adc1-47c4-a75b-34493a8dab94:series:recs_because_series margin=194 slide=0 net=194
2026-08-27 23:33:51.842 NuvioTV[87111:12635317] [HomeScrollProbe] title row=app.xperience.21e577a3-adc1-47c4-a75b-34493a8dab94:movie:recs_because_movies margin=-360 slide=72 net=-288
2026-08-27 23:33:51.858 NuvioTV[87111:12635317] [HomeScrollProbe] pinned-hero y=2781 inset=0 residual=2781
2026-08-27 23:33:51.858 NuvioTV[87111:12635317] [HomeScrollProbe] title row=app.xperience.21e577a3-adc1-47c4-a75b-34493a8dab94:series:recs_because_series margin=176 slide=0 net=176
2026-08-27 23:33:51.858 NuvioTV[87111:12635317] [HomeScrollProbe] title row=app.xperience.21e577a3-adc1-47c4-a75b-34493a8dab94:movie:recs_because_movies margin=-378 slide=72 net=-306
2026-08-27 23:33:51.875 NuvioTV[87111:12635317] [HomeScrollProbe] pinned-hero y=2797 inset=0 residual=2797
2026-08-27 23:33:51.875 NuvioTV[87111:12635317] [HomeScrollProbe] title row=app.xperience.21e577a3-adc1-47c4-a75b-34493a8dab94:series:recs_because_series margin=160 slide=0 net=160
2026-08-27 23:33:51.875 NuvioTV[87111:12635317] [HomeScrollProbe] title row=app.xperience.21e577a3-adc1-47c4-a75b-34493a8dab94:movie:recs_because_movies margin=-394 slide=72 net=-322
2026-08-27 23:33:51.901 NuvioTV[87111:12635317] [HomeScrollProbe] pinned-hero y=2820 inset=0 residual=2820
2026-08-27 23:33:51.901 NuvioTV[87111:12635317] [HomeScrollProbe] title row=app.xperience.21e577a3-adc1-47c4-a75b-34493a8dab94:series:recs_because_series margin=138 slide=0 net=138
2026-08-27 23:33:51.901 NuvioTV[87111:12635317] [HomeScrollProbe] title row=app.xperience.21e577a3-adc1-47c4-a75b-34493a8dab94:movie:recs_because_movies margin=-416 slide=72 net=-344
2026-08-27 23:33:51.925 NuvioTV[87111:12635317] [HomeScrollProbe] pinned-hero y=2836 inset=0 residual=2836
2026-08-27 23:33:51.925 NuvioTV[87111:12635317] [HomeScrollProbe] title row=app.xperience.21e577a3-adc1-47c4-a75b-34493a8dab94:series:recs_because_series margin=122 slide=0 net=122
2026-08-27 23:33:51.925 NuvioTV[87111:12635317] [HomeScrollProbe] title row=app.xperience.21e577a3-adc1-47c4-a75b-34493a8dab94:movie:recs_because_movies margin=-432 slide=72 net=-360
2026-08-27 23:33:51.943 NuvioTV[87111:12635317] [HomeScrollProbe] pinned-hero y=2847 inset=0 residual=2847
2026-08-27 23:33:51.943 NuvioTV[87111:12635317] [HomeScrollProbe] title row=app.xperience.21e577a3-adc1-47c4-a75b-34493a8dab94:series:recs_because_series margin=112 slide=0 net=112
2026-08-27 23:33:51.943 NuvioTV[87111:12635317] [HomeScrollProbe] title row=app.xperience.21e577a3-adc1-47c4-a75b-34493a8dab94:movie:recs_because_movies margin=-442 slide=72 net=-370
2026-08-27 23:33:51.959 NuvioTV[87111:12635317] [HomeScrollProbe] pinned-hero y=2856 inset=0 residual=2856
2026-08-27 23:33:51.959 NuvioTV[87111:12635317] [HomeScrollProbe] title row=app.xperience.21e577a3-adc1-47c4-a75b-34493a8dab94:series:recs_because_series margin=102 slide=0 net=102
2026-08-27 23:33:51.959 NuvioTV[87111:12635317] [HomeScrollProbe] title row=app.xperience.21e577a3-adc1-47c4-a75b-34493a8dab94:movie:recs_because_movies margin=-452 slide=72 net=-380
2026-08-27 23:33:51.976 NuvioTV[87111:12635317] [HomeScrollProbe] pinned-hero y=2864 inset=0 residual=2864
2026-08-27 23:33:51.976 NuvioTV[87111:12635317] [HomeScrollProbe] title row=app.xperience.21e577a3-adc1-47c4-a75b-34493a8dab94:series:recs_because_series margin=94 slide=0 net=94
2026-08-27 23:33:51.976 NuvioTV[87111:12635317] [HomeScrollProbe] title row=app.xperience.21e577a3-adc1-47c4-a75b-34493a8dab94:movie:recs_because_movies margin=-460 slide=72 net=-388
2026-08-27 23:33:51.992 NuvioTV[87111:12635317] [HomeScrollProbe] pinned-hero y=2872 inset=0 residual=2872
2026-08-27 23:33:51.992 NuvioTV[87111:12635317] [HomeScrollProbe] title row=app.xperience.21e577a3-adc1-47c4-a75b-34493a8dab94:series:recs_because_series margin=86 slide=0 net=86
2026-08-27 23:33:51.992 NuvioTV[87111:12635317] [HomeScrollProbe] title row=app.xperience.21e577a3-adc1-47c4-a75b-34493a8dab94:movie:recs_because_movies margin=-468 slide=72 net=-396
2026-08-27 23:33:52.008 NuvioTV[87111:12635317] [HomeScrollProbe] pinned-hero y=2878 inset=0 residual=2878
2026-08-27 23:33:52.008 NuvioTV[87111:12635317] [HomeScrollProbe] title row=app.xperience.21e577a3-adc1-47c4-a75b-34493a8dab94:series:recs_because_series margin=80 slide=0 net=80
2026-08-27 23:33:52.009 NuvioTV[87111:12635317] [HomeScrollProbe] title row=app.xperience.21e577a3-adc1-47c4-a75b-34493a8dab94:movie:recs_because_movies margin=-474 slide=72 net=-402
2026-08-27 23:33:52.025 NuvioTV[87111:12635317] [HomeScrollProbe] pinned-hero y=2884 inset=0 residual=2884
2026-08-27 23:33:52.025 NuvioTV[87111:12635317] [HomeScrollProbe] title row=app.xperience.21e577a3-adc1-47c4-a75b-34493a8dab94:series:recs_because_series margin=74 slide=0 net=74
2026-08-27 23:33:52.025 NuvioTV[87111:12635317] [HomeScrollProbe] title row=app.xperience.21e577a3-adc1-47c4-a75b-34493a8dab94:movie:recs_because_movies margin=-480 slide=72 net=-408
2026-08-27 23:33:52.042 NuvioTV[87111:12635317] [HomeScrollProbe] pinned-hero y=2890 inset=0 residual=2890
2026-08-27 23:33:52.042 NuvioTV[87111:12635317] [HomeScrollProbe] title row=app.xperience.21e577a3-adc1-47c4-a75b-34493a8dab94:series:recs_because_series margin=68 slide=0 net=68
2026-08-27 23:33:52.042 NuvioTV[87111:12635317] [HomeScrollProbe] title row=app.xperience.21e577a3-adc1-47c4-a75b-34493a8dab94:movie:recs_because_movies margin=-486 slide=72 net=-414
2026-08-27 23:33:52.058 NuvioTV[87111:12635317] [HomeScrollProbe] pinned-hero y=2895 inset=0 residual=2895
2026-08-27 23:33:52.058 NuvioTV[87111:12635317] [HomeScrollProbe] title row=app.xperience.21e577a3-adc1-47c4-a75b-34493a8dab94:series:recs_because_series margin=64 slide=0 net=64
2026-08-27 23:33:52.058 NuvioTV[87111:12635317] [HomeScrollProbe] title row=app.xperience.21e577a3-adc1-47c4-a75b-34493a8dab94:movie:recs_because_movies margin=-490 slide=72 net=-418
2026-08-27 23:33:52.075 NuvioTV[87111:12635317] [HomeScrollProbe] pinned-hero y=2899 inset=0 residual=2899
2026-08-27 23:33:52.075 NuvioTV[87111:12635317] [HomeScrollProbe] title row=app.xperience.21e577a3-adc1-47c4-a75b-34493a8dab94:series:recs_because_series margin=58 slide=0 net=58
2026-08-27 23:33:52.075 NuvioTV[87111:12635317] [HomeScrollProbe] title row=app.xperience.21e577a3-adc1-47c4-a75b-34493a8dab94:movie:recs_because_movies margin=-496 slide=72 net=-424
2026-08-27 23:33:52.092 NuvioTV[87111:12635317] [HomeScrollProbe] pinned-hero y=2903 inset=0 residual=2903
2026-08-27 23:33:52.092 NuvioTV[87111:12635317] [HomeScrollProbe] title row=app.xperience.21e577a3-adc1-47c4-a75b-34493a8dab94:series:recs_because_series margin=54 slide=0 net=54
2026-08-27 23:33:52.092 NuvioTV[87111:12635317] [HomeScrollProbe] title row=app.xperience.21e577a3-adc1-47c4-a75b-34493a8dab94:movie:recs_because_movies margin=-500 slide=72 net=-428
2026-08-27 23:33:52.108 NuvioTV[87111:12635317] [HomeScrollProbe] pinned-hero y=2907 inset=0 residual=2907
2026-08-27 23:33:52.108 NuvioTV[87111:12635317] [HomeScrollProbe] title row=app.xperience.21e577a3-adc1-47c4-a75b-34493a8dab94:series:recs_because_series margin=52 slide=0 net=52
2026-08-27 23:33:52.108 NuvioTV[87111:12635317] [HomeScrollProbe] title row=app.xperience.21e577a3-adc1-47c4-a75b-34493a8dab94:movie:recs_because_movies margin=-502 slide=72 net=-430
2026-08-27 23:33:52.125 NuvioTV[87111:12635317] [HomeScrollProbe] pinned-hero y=2910 inset=0 residual=2910
2026-08-27 23:33:52.125 NuvioTV[87111:12635317] [HomeScrollProbe] title row=app.xperience.21e577a3-adc1-47c4-a75b-34493a8dab94:series:recs_because_series margin=48 slide=0 net=48
2026-08-27 23:33:52.125 NuvioTV[87111:12635317] [HomeScrollProbe] title row=app.xperience.21e577a3-adc1-47c4-a75b-34493a8dab94:movie:recs_because_movies margin=-506 slide=72 net=-434
2026-08-27 23:33:52.141 NuvioTV[87111:12635317] [HomeScrollProbe] pinned-hero y=2913 inset=0 residual=2913
2026-08-27 23:33:52.141 NuvioTV[87111:12635317] [HomeScrollProbe] title row=app.xperience.21e577a3-adc1-47c4-a75b-34493a8dab94:series:recs_because_series margin=46 slide=0 net=46
2026-08-27 23:33:52.158 NuvioTV[87111:12635317] [HomeScrollProbe] pinned-hero y=2915 inset=0 residual=2915
2026-08-27 23:33:52.158 NuvioTV[87111:12635317] [HomeScrollProbe] title row=app.xperience.21e577a3-adc1-47c4-a75b-34493a8dab94:series:recs_because_series margin=42 slide=0 net=42
2026-08-27 23:33:52.174 NuvioTV[87111:12635317] [HomeScrollProbe] pinned-hero y=2918 inset=0 residual=2918
2026-08-27 23:33:52.174 NuvioTV[87111:12635317] [HomeScrollProbe] title row=app.xperience.21e577a3-adc1-47c4-a75b-34493a8dab94:series:recs_because_series margin=40 slide=0 net=40
2026-08-27 23:33:52.191 NuvioTV[87111:12635317] [HomeScrollProbe] pinned-hero y=2920 inset=0 residual=2920
2026-08-27 23:33:52.191 NuvioTV[87111:12635317] [HomeScrollProbe] title row=app.xperience.21e577a3-adc1-47c4-a75b-34493a8dab94:series:recs_because_series margin=38 slide=0 net=38
2026-08-27 23:33:52.207 NuvioTV[87111:12635317] [HomeScrollProbe] pinned-hero y=2922 inset=0 residual=2922
2026-08-27 23:33:52.207 NuvioTV[87111:12635317] [HomeScrollProbe] title row=app.xperience.21e577a3-adc1-47c4-a75b-34493a8dab94:series:recs_because_series margin=36 slide=0 net=36
2026-08-27 23:33:52.225 NuvioTV[87111:12635317] [HomeScrollProbe] pinned-hero y=2923 inset=0 residual=2923
2026-08-27 23:33:52.225 NuvioTV[87111:12635317] [HomeScrollProbe] title row=app.xperience.21e577a3-adc1-47c4-a75b-34493a8dab94:series:recs_because_series margin=34 slide=0 net=34
2026-08-27 23:33:52.241 NuvioTV[87111:12635317] [HomeScrollProbe] pinned-hero y=2925 inset=0 residual=2925
2026-08-27 23:33:52.258 NuvioTV[87111:12635317] [HomeScrollProbe] pinned-hero y=2926 inset=0 residual=2926
2026-08-27 23:33:52.258 NuvioTV[87111:12635317] [HomeScrollProbe] title row=app.xperience.21e577a3-adc1-47c4-a75b-34493a8dab94:series:recs_because_series margin=32 slide=0 net=32
2026-08-27 23:33:52.274 NuvioTV[87111:12635317] [HomeScrollProbe] pinned-hero y=2927 inset=0 residual=2927
2026-08-27 23:33:52.274 NuvioTV[87111:12635317] [HomeScrollProbe] title row=app.xperience.21e577a3-adc1-47c4-a75b-34493a8dab94:series:recs_because_series margin=30 slide=0 net=30
2026-08-27 23:33:52.291 NuvioTV[87111:12635317] [HomeScrollProbe] pinned-hero y=2929 inset=0 residual=2929
2026-08-27 23:33:52.308 NuvioTV[87111:12635317] [HomeScrollProbe] pinned-hero y=2930 inset=0 residual=2930
2026-08-27 23:33:52.308 NuvioTV[87111:12635317] [HomeScrollProbe] title row=app.xperience.21e577a3-adc1-47c4-a75b-34493a8dab94:series:recs_because_series margin=28 slide=0 net=28
2026-08-27 23:33:52.333 NuvioTV[87111:12636989] [TrailerExtract] repack decision: avc=1080p vs progressive=360p -> ELIGIBLE
2026-08-27 23:33:52.341 NuvioTV[87111:12635317] [HomeScrollProbe] pinned-hero y=2931 inset=0 residual=2931
2026-08-27 23:33:52.341 NuvioTV[87111:12635317] [HomeScrollProbe] title row=app.xperience.21e577a3-adc1-47c4-a75b-34493a8dab94:series:recs_because_series margin=26 slide=0 net=26
2026-08-27 23:33:52.358 NuvioTV[87111:12635317] [HomeScrollProbe] pinned-hero y=2932 inset=0 residual=2932
2026-08-27 23:33:52.374 NuvioTV[87111:12635317] [HomeScrollProbe] pinned-hero y=2933 inset=0 residual=2933
2026-08-27 23:33:52.391 NuvioTV[87111:12635317] [HomeScrollProbe] title row=app.xperience.21e577a3-adc1-47c4-a75b-34493a8dab94:series:recs_because_series margin=24 slide=0 net=24
2026-08-27 23:33:52.408 NuvioTV[87111:12635317] [HomeScrollProbe] pinned-hero y=2934 inset=0 residual=2934
2026-08-27 23:33:52.441 NuvioTV[87111:12635317] [HomeScrollProbe] pinned-hero y=2935 inset=0 residual=2935
2026-08-27 23:33:52.458 NuvioTV[87111:12635317] [HomeScrollProbe] title row=app.xperience.21e577a3-adc1-47c4-a75b-34493a8dab94:series:recs_because_series margin=22 slide=0 net=22
2026-08-27 23:33:52.492 NuvioTV[87111:12635317] [HomeScrollProbe] pinned-hero y=2936 inset=0 residual=2936
2026-08-27 23:33:52.558 NuvioTV[87111:12635317] [HomeScrollProbe] pinned-hero y=2937 inset=0 residual=2937
2026-08-27 23:33:52.591 NuvioTV[87111:12635317] [HomeScrollProbe] title row=app.xperience.21e577a3-adc1-47c4-a75b-34493a8dab94:series:recs_because_series margin=20 slide=0 net=20
2026-08-27 23:33:52.658 NuvioTV[87111:12635317] [HomeScrollProbe] pinned-hero y=2938 inset=0 residual=2938
2026-08-27 23:33:52.792 NuvioTV[87111:12635317] [HomeScrollProbe] pinned-hero y=2939 inset=0 residual=2939
2026-08-27 23:33:53.013 NuvioTV[87111:12636001] [TrailerRepack] serving 1920x1080 avc1+mp4a (32+17 segments) at http://127.0.0.1:8230/4e0c220ab2683721895eadf77400a267/master.m3u8
2026-08-27 23:33:53.194 NuvioTV[87111:12635317] [HomeScrollProbe] REST pinned-hero y=2939 inset=0 residual=2939
2026-08-27 23:33:54.238 NuvioTV[87111:12636660] [TrailerExtract] client=android_vr NO streamingData (playability=LOGIN_REQUIRED reason=Sign in to confirm you’re not a bot)
2026-08-27 23:33:54.406 NuvioTV[87111:12636660] [TrailerExtract] client=android video=cfTcNb104NI hls=false formats=1 adaptive=25 sdKeys=expiresInSeconds,formats,adaptiveFormats,serverAbrStreamingUrl,metadataFormats
2026-08-27 23:33:54.541 NuvioTV[87111:12636623] [TrailerExtract] client=ios video=cfTcNb104NI hls=false formats=0 adaptive=23 sdKeys=expiresInSeconds,adaptiveFormats,aspectRatio,serverAbrStreamingUrl,metadataFormats
2026-08-27 23:33:54.542 NuvioTV[87111:12636623] [TrailerExtract] selection: manifest=none progressive=360 (manifests collected=0)
2026-08-27 23:33:54.543 NuvioTV[87111:12636623] [TrailerExtract] repack candidates: avcVideo=1080p avc1.640028 (android) m4aAudio=mp4a.40.2 (android)
2026-08-27 23:33:54.965 NuvioTV[87111:12636627] [TrailerExtract] repack decision: avc=1080p vs progressive=360p -> ELIGIBLE
2026-08-27 23:33:55.447 NuvioTV[87111:12636660] [TrailerRepack] serving 1920x1080 avc1+mp4a (22+13 segments) at http://127.0.0.1:8230/172d153760157aef682d51d8c03867ba/master.m3u8
2026-08-27 23:33:57.700 NuvioTV[87111:12635317] [TrailerQuality] presentationSize=1920x1080
2026-08-27 23:33:57.941 NuvioTV[87111:12635317] [HomeScrollProbe] pinned-hero y=2929 inset=0 residual=2929
2026-08-27 23:33:57.941 NuvioTV[87111:12635317] [HomeScrollProbe] title row=app.xperience.21e577a3-adc1-47c4-a75b-34493a8dab94:series:recs_because_series margin=30 slide=0 net=30
2026-08-27 23:33:57.943 NuvioTV[87111:12635317] [HomeScrollProbe] pinned-hero y=2922 inset=0 residual=2922
2026-08-27 23:33:57.943 NuvioTV[87111:12635317] [HomeScrollProbe] title row=app.xperience.21e577a3-adc1-47c4-a75b-34493a8dab94:series:recs_because_series margin=36 slide=0 net=36
2026-08-27 23:33:57.959 NuvioTV[87111:12635317] [HomeScrollProbe] pinned-hero y=2905 inset=0 residual=2905
2026-08-27 23:33:57.959 NuvioTV[87111:12635317] [HomeScrollProbe] title row=app.xperience.21e577a3-adc1-47c4-a75b-34493a8dab94:movie:recs_because_movies margin=-502 slide=72 net=-430
2026-08-27 23:33:57.959 NuvioTV[87111:12635317] [HomeScrollProbe] title row=app.xperience.21e577a3-adc1-47c4-a75b-34493a8dab94:series:recs_because_series margin=52 slide=0 net=52
2026-08-27 23:33:57.976 NuvioTV[87111:12635317] [HomeScrollProbe] pinned-hero y=2878 inset=0 residual=2878
2026-08-27 23:33:57.976 NuvioTV[87111:12635317] [HomeScrollProbe] title row=app.xperience.21e577a3-adc1-47c4-a75b-34493a8dab94:movie:recs_because_movies margin=-474 slide=72 net=-402
2026-08-27 23:33:57.976 NuvioTV[87111:12635317] [HomeScrollProbe] title row=app.xperience.21e577a3-adc1-47c4-a75b-34493a8dab94:series:recs_because_series margin=80 slide=0 net=80
2026-08-27 23:33:57.995 NuvioTV[87111:12635317] [HomeScrollProbe] pinned-hero y=2842 inset=0 residual=2842
2026-08-27 23:33:57.996 NuvioTV[87111:12635317] [HomeScrollProbe] title row=app.xperience.21e577a3-adc1-47c4-a75b-34493a8dab94:movie:recs_because_movies margin=-438 slide=72 net=-366
2026-08-27 23:33:57.996 NuvioTV[87111:12635317] [HomeScrollProbe] title row=app.xperience.21e577a3-adc1-47c4-a75b-34493a8dab94:series:recs_because_series margin=116 slide=0 net=116
2026-08-27 23:33:58.025 NuvioTV[87111:12635317] [HomeScrollProbe] pinned-hero y=2795 inset=0 residual=2795
2026-08-27 23:33:58.025 NuvioTV[87111:12635317] [HomeScrollProbe] title row=app.xperience.21e577a3-adc1-47c4-a75b-34493a8dab94:movie:recs_because_movies margin=-390 slide=72 net=-318
2026-08-27 23:33:58.025 NuvioTV[87111:12635317] [HomeScrollProbe] title row=app.xperience.21e577a3-adc1-47c4-a75b-34493a8dab94:series:recs_because_series margin=164 slide=0 net=164
2026-08-27 23:33:58.042 NuvioTV[87111:12635317] [HomeScrollProbe] pinned-hero y=2754 inset=0 residual=2754
2026-08-27 23:33:58.042 NuvioTV[87111:12635317] [HomeScrollProbe] title row=app.xperience.21e577a3-adc1-47c4-a75b-34493a8dab94:movie:recs_because_movies margin=-350 slide=72 net=-278
2026-08-27 23:33:58.042 NuvioTV[87111:12635317] [HomeScrollProbe] title row=app.xperience.21e577a3-adc1-47c4-a75b-34493a8dab94:series:recs_because_series margin=204 slide=0 net=204
2026-08-27 23:33:58.058 NuvioTV[87111:12635317] [HomeScrollProbe] pinned-hero y=2717 inset=0 residual=2717
2026-08-27 23:33:58.058 NuvioTV[87111:12635317] [HomeScrollProbe] title row=app.xperience.21e577a3-adc1-47c4-a75b-34493a8dab94:movie:recs_because_movies margin=-312 slide=72 net=-240
2026-08-27 23:33:58.059 NuvioTV[87111:12635317] [HomeScrollProbe] title row=app.xperience.21e577a3-adc1-47c4-a75b-34493a8dab94:series:recs_because_series margin=242 slide=0 net=242
2026-08-27 23:33:58.075 NuvioTV[87111:12635317] [HomeScrollProbe] pinned-hero y=2683 inset=0 residual=2683
2026-08-27 23:33:58.075 NuvioTV[87111:12635317] [HomeScrollProbe] title row=app.xperience.21e577a3-adc1-47c4-a75b-34493a8dab94:movie:recs_because_movies margin=-280 slide=72 net=-208
2026-08-27 23:33:58.075 NuvioTV[87111:12635317] [HomeScrollProbe] title row=app.xperience.21e577a3-adc1-47c4-a75b-34493a8dab94:series:recs_because_series margin=274 slide=0 net=274
2026-08-27 23:33:58.092 NuvioTV[87111:12635317] [HomeScrollProbe] pinned-hero y=2653 inset=0 residual=2653
2026-08-27 23:33:58.092 NuvioTV[87111:12635317] [HomeScrollProbe] title row=app.xperience.21e577a3-adc1-47c4-a75b-34493a8dab94:movie:recs_because_movies margin=-250 slide=72 net=-178
2026-08-27 23:33:58.092 NuvioTV[87111:12635317] [HomeScrollProbe] title row=app.xperience.21e577a3-adc1-47c4-a75b-34493a8dab94:series:recs_because_series margin=304 slide=0 net=304
2026-08-27 23:33:58.108 NuvioTV[87111:12635317] [HomeScrollProbe] pinned-hero y=2626 inset=0 residual=2626
2026-08-27 23:33:58.109 NuvioTV[87111:12635317] [HomeScrollProbe] title row=app.xperience.21e577a3-adc1-47c4-a75b-34493a8dab94:movie:recs_because_movies margin=-222 slide=72 net=-150
2026-08-27 23:33:58.109 NuvioTV[87111:12635317] [HomeScrollProbe] title row=app.xperience.21e577a3-adc1-47c4-a75b-34493a8dab94:series:recs_because_series margin=332 slide=0 net=332
2026-08-27 23:33:58.125 NuvioTV[87111:12635317] [HomeScrollProbe] pinned-hero y=2602 inset=0 residual=2602
2026-08-27 23:33:58.125 NuvioTV[87111:12635317] [HomeScrollProbe] title row=app.xperience.21e577a3-adc1-47c4-a75b-34493a8dab94:movie:recs_because_movies margin=-198 slide=72 net=-126
2026-08-27 23:33:58.125 NuvioTV[87111:12635317] [HomeScrollProbe] title row=app.xperience.21e577a3-adc1-47c4-a75b-34493a8dab94:series:recs_because_series margin=356 slide=0 net=356
2026-08-27 23:33:58.142 NuvioTV[87111:12635317] [HomeScrollProbe] pinned-hero y=2580 inset=0 residual=2580
2026-08-27 23:33:58.142 NuvioTV[87111:12635317] [HomeScrollProbe] title row=app.xperience.21e577a3-adc1-47c4-a75b-34493a8dab94:movie:recs_because_movies margin=-176 slide=72 net=-104
2026-08-27 23:33:58.142 NuvioTV[87111:12635317] [HomeScrollProbe] title row=app.xperience.21e577a3-adc1-47c4-a75b-34493a8dab94:series:recs_because_series margin=378 slide=0 net=378
2026-08-27 23:33:58.158 NuvioTV[87111:12635317] [HomeScrollProbe] pinned-hero y=2561 inset=0 residual=2561
2026-08-27 23:33:58.158 NuvioTV[87111:12635317] [HomeScrollProbe] title row=app.xperience.21e577a3-adc1-47c4-a75b-34493a8dab94:movie:recs_because_movies margin=-156 slide=72 net=-84
2026-08-27 23:33:58.159 NuvioTV[87111:12635317] [HomeScrollProbe] title row=app.xperience.21e577a3-adc1-47c4-a75b-34493a8dab94:series:recs_because_series margin=398 slide=0 net=398
2026-08-27 23:33:58.175 NuvioTV[87111:12635317] [HomeScrollProbe] pinned-hero y=2543 inset=0 residual=2543
2026-08-27 23:33:58.175 NuvioTV[87111:12635317] [HomeScrollProbe] title row=app.xperience.21e577a3-adc1-47c4-a75b-34493a8dab94:movie:recs_because_movies margin=-138 slide=72 net=-66
2026-08-27 23:33:58.175 NuvioTV[87111:12635317] [HomeScrollProbe] title row=app.xperience.21e577a3-adc1-47c4-a75b-34493a8dab94:series:recs_because_series margin=416 slide=0 net=416
2026-08-27 23:33:58.191 NuvioTV[87111:12635317] [HomeScrollProbe] pinned-hero y=2527 inset=0 residual=2527
2026-08-27 23:33:58.192 NuvioTV[87111:12635317] [HomeScrollProbe] title row=app.xperience.21e577a3-adc1-47c4-a75b-34493a8dab94:movie:recs_because_movies margin=-124 slide=72 net=-52
2026-08-27 23:33:58.192 NuvioTV[87111:12635317] [HomeScrollProbe] title row=app.xperience.21e577a3-adc1-47c4-a75b-34493a8dab94:series:recs_because_series margin=430 slide=0 net=430
2026-08-27 23:33:58.209 NuvioTV[87111:12635317] [HomeScrollProbe] pinned-hero y=2513 inset=0 residual=2513
2026-08-27 23:33:58.209 NuvioTV[87111:12635317] [HomeScrollProbe] title row=app.xperience.21e577a3-adc1-47c4-a75b-34493a8dab94:movie:recs_because_movies margin=-108 slide=72 net=-36
2026-08-27 23:33:58.209 NuvioTV[87111:12635317] [HomeScrollProbe] title row=app.xperience.21e577a3-adc1-47c4-a75b-34493a8dab94:series:recs_because_series margin=446 slide=0 net=446
2026-08-27 23:33:58.259 NuvioTV[87111:12635317] [HomeScrollProbe] pinned-hero y=2489 inset=0 residual=2489
2026-08-27 23:33:58.259 NuvioTV[87111:12635317] [HomeScrollProbe] title row=app.xperience.21e577a3-adc1-47c4-a75b-34493a8dab94:movie:recs_because_movies margin=-84 slide=72 net=-12
2026-08-27 23:33:58.259 NuvioTV[87111:12635317] [HomeScrollProbe] title row=app.xperience.21e577a3-adc1-47c4-a75b-34493a8dab94:series:recs_because_series margin=470 slide=0 net=470
2026-08-27 23:33:58.275 NuvioTV[87111:12635317] [HomeScrollProbe] pinned-hero y=2478 inset=0 residual=2478
2026-08-27 23:33:58.275 NuvioTV[87111:12635317] [HomeScrollProbe] title row=app.xperience.21e577a3-adc1-47c4-a75b-34493a8dab94:movie:recs_because_movies margin=-74 slide=72 net=-2
2026-08-27 23:33:58.275 NuvioTV[87111:12635317] [HomeScrollProbe] title row=app.xperience.21e577a3-adc1-47c4-a75b-34493a8dab94:series:recs_because_series margin=480 slide=0 net=480
2026-08-27 23:33:58.309 NuvioTV[87111:12635317] [HomeScrollProbe] pinned-hero y=2460 inset=0 residual=2460
2026-08-27 23:33:58.309 NuvioTV[87111:12635317] [HomeScrollProbe] title row=app.xperience.21e577a3-adc1-47c4-a75b-34493a8dab94:movie:recs_because_movies margin=-56 slide=56 net=0
2026-08-27 23:33:58.309 NuvioTV[87111:12635317] [HomeScrollProbe] title row=app.xperience.21e577a3-adc1-47c4-a75b-34493a8dab94:series:recs_because_series margin=498 slide=0 net=498
2026-08-27 23:33:58.325 NuvioTV[87111:12635317] [HomeScrollProbe] pinned-hero y=2452 inset=0 residual=2452
2026-08-27 23:33:58.325 NuvioTV[87111:12635317] [HomeScrollProbe] title row=app.xperience.21e577a3-adc1-47c4-a75b-34493a8dab94:movie:recs_because_movies margin=-48 slide=48 net=0
2026-08-27 23:33:58.325 NuvioTV[87111:12635317] [HomeScrollProbe] title row=app.xperience.21e577a3-adc1-47c4-a75b-34493a8dab94:series:recs_because_series margin=506 slide=0 net=506
2026-08-27 23:33:58.342 NuvioTV[87111:12635317] [HomeScrollProbe] pinned-hero y=2446 inset=0 residual=2446
2026-08-27 23:33:58.342 NuvioTV[87111:12635317] [HomeScrollProbe] title row=app.xperience.21e577a3-adc1-47c4-a75b-34493a8dab94:movie:recs_because_movies margin=-42 slide=42 net=0
2026-08-27 23:33:58.342 NuvioTV[87111:12635317] [HomeScrollProbe] title row=app.xperience.21e577a3-adc1-47c4-a75b-34493a8dab94:series:recs_because_series margin=512 slide=0 net=512
2026-08-27 23:33:58.359 NuvioTV[87111:12635317] [HomeScrollProbe] pinned-hero y=2439 inset=0 residual=2439
2026-08-27 23:33:58.359 NuvioTV[87111:12635317] [HomeScrollProbe] title row=app.xperience.21e577a3-adc1-47c4-a75b-34493a8dab94:movie:recs_because_movies margin=-36 slide=36 net=0
2026-08-27 23:33:58.359 NuvioTV[87111:12635317] [HomeScrollProbe] title row=app.xperience.21e577a3-adc1-47c4-a75b-34493a8dab94:series:recs_because_series margin=518 slide=0 net=518
2026-08-27 23:33:58.375 NuvioTV[87111:12635317] [HomeScrollProbe] pinned-hero y=2434 inset=0 residual=2434
2026-08-27 23:33:58.375 NuvioTV[87111:12635317] [HomeScrollProbe] title row=app.xperience.21e577a3-adc1-47c4-a75b-34493a8dab94:movie:recs_because_movies margin=-30 slide=30 net=0
2026-08-27 23:33:58.375 NuvioTV[87111:12635317] [HomeScrollProbe] title row=app.xperience.21e577a3-adc1-47c4-a75b-34493a8dab94:series:recs_because_series margin=524 slide=0 net=524
2026-08-27 23:33:58.392 NuvioTV[87111:12635317] [HomeScrollProbe] pinned-hero y=2429 inset=0 residual=2429
2026-08-27 23:33:58.392 NuvioTV[87111:12635317] [HomeScrollProbe] title row=app.xperience.21e577a3-adc1-47c4-a75b-34493a8dab94:movie:recs_because_movies margin=-26 slide=26 net=0
2026-08-27 23:33:58.392 NuvioTV[87111:12635317] [HomeScrollProbe] title row=app.xperience.21e577a3-adc1-47c4-a75b-34493a8dab94:series:recs_because_series margin=528 slide=0 net=528
2026-08-27 23:33:58.408 NuvioTV[87111:12635317] [HomeScrollProbe] pinned-hero y=2425 inset=0 residual=2425
2026-08-27 23:33:58.409 NuvioTV[87111:12635317] [HomeScrollProbe] title row=app.xperience.21e577a3-adc1-47c4-a75b-34493a8dab94:movie:recs_because_movies margin=-20 slide=20 net=0
2026-08-27 23:33:58.409 NuvioTV[87111:12635317] [HomeScrollProbe] title row=app.xperience.21e577a3-adc1-47c4-a75b-34493a8dab94:series:recs_because_series margin=534 slide=0 net=534
2026-08-27 23:33:58.425 NuvioTV[87111:12635317] [HomeScrollProbe] pinned-hero y=2421 inset=0 residual=2421
2026-08-27 23:33:58.425 NuvioTV[87111:12635317] [HomeScrollProbe] title row=app.xperience.21e577a3-adc1-47c4-a75b-34493a8dab94:movie:recs_because_movies margin=-16 slide=16 net=0
2026-08-27 23:33:58.425 NuvioTV[87111:12635317] [HomeScrollProbe] title row=app.xperience.21e577a3-adc1-47c4-a75b-34493a8dab94:series:recs_because_series margin=538 slide=0 net=538
2026-08-27 23:33:58.441 NuvioTV[87111:12635317] [HomeScrollProbe] pinned-hero y=2417 inset=0 residual=2417
2026-08-27 23:33:58.442 NuvioTV[87111:12635317] [HomeScrollProbe] title row=app.xperience.21e577a3-adc1-47c4-a75b-34493a8dab94:movie:recs_because_movies margin=-14 slide=14 net=0
2026-08-27 23:33:58.442 NuvioTV[87111:12635317] [HomeScrollProbe] title row=app.xperience.21e577a3-adc1-47c4-a75b-34493a8dab94:series:recs_because_series margin=540 slide=0 net=540
2026-08-27 23:33:58.458 NuvioTV[87111:12635317] [HomeScrollProbe] pinned-hero y=2414 inset=0 residual=2414
2026-08-27 23:33:58.459 NuvioTV[87111:12635317] [HomeScrollProbe] title row=app.xperience.21e577a3-adc1-47c4-a75b-34493a8dab94:movie:recs_because_movies margin=-10 slide=10 net=0
2026-08-27 23:33:58.459 NuvioTV[87111:12635317] [HomeScrollProbe] title row=app.xperience.21e577a3-adc1-47c4-a75b-34493a8dab94:series:recs_because_series margin=544 slide=0 net=544
2026-08-27 23:33:58.475 NuvioTV[87111:12635317] [HomeScrollProbe] pinned-hero y=2411 inset=0 residual=2411
2026-08-27 23:33:58.475 NuvioTV[87111:12635317] [HomeScrollProbe] title row=app.xperience.21e577a3-adc1-47c4-a75b-34493a8dab94:movie:recs_because_movies margin=-6 slide=6 net=0
2026-08-27 23:33:58.475 NuvioTV[87111:12635317] [HomeScrollProbe] title row=app.xperience.21e577a3-adc1-47c4-a75b-34493a8dab94:series:recs_because_series margin=548 slide=0 net=548
2026-08-27 23:33:58.492 NuvioTV[87111:12635317] [HomeScrollProbe] pinned-hero y=2408 inset=0 residual=2408
2026-08-27 23:33:58.492 NuvioTV[87111:12635317] [HomeScrollProbe] title row=app.xperience.21e577a3-adc1-47c4-a75b-34493a8dab94:movie:recs_because_movies margin=-4 slide=4 net=0
2026-08-27 23:33:58.492 NuvioTV[87111:12635317] [HomeScrollProbe] title row=app.xperience.21e577a3-adc1-47c4-a75b-34493a8dab94:series:recs_because_series margin=550 slide=0 net=550
2026-08-27 23:33:58.508 NuvioTV[87111:12635317] [HomeScrollProbe] pinned-hero y=2406 inset=0 residual=2406
2026-08-27 23:33:58.508 NuvioTV[87111:12635317] [HomeScrollProbe] title row=app.xperience.21e577a3-adc1-47c4-a75b-34493a8dab94:movie:recs_because_movies margin=-2 slide=2 net=0
2026-08-27 23:33:58.508 NuvioTV[87111:12635317] [HomeScrollProbe] title row=app.xperience.21e577a3-adc1-47c4-a75b-34493a8dab94:series:recs_because_series margin=552 slide=0 net=552
2026-08-27 23:33:58.525 NuvioTV[87111:12635317] [HomeScrollProbe] pinned-hero y=2404 inset=0 residual=2404
2026-08-27 23:33:58.525 NuvioTV[87111:12635317] [HomeScrollProbe] title row=app.xperience.21e577a3-adc1-47c4-a75b-34493a8dab94:movie:recs_because_movies margin=0 slide=0 net=0
2026-08-27 23:33:58.525 NuvioTV[87111:12635317] [HomeScrollProbe] title row=app.xperience.21e577a3-adc1-47c4-a75b-34493a8dab94:series:recs_because_series margin=554 slide=0 net=554
2026-08-27 23:33:58.542 NuvioTV[87111:12635317] [HomeScrollProbe] pinned-hero y=2402 inset=0 residual=2402
2026-08-27 23:33:58.542 NuvioTV[87111:12635317] [HomeScrollProbe] title row=app.xperience.21e577a3-adc1-47c4-a75b-34493a8dab94:movie:recs_because_movies margin=2 slide=0 net=2
2026-08-27 23:33:58.542 NuvioTV[87111:12635317] [HomeScrollProbe] title row=app.xperience.21e577a3-adc1-47c4-a75b-34493a8dab94:series:recs_because_series margin=556 slide=0 net=556
2026-08-27 23:33:58.559 NuvioTV[87111:12635317] [HomeScrollProbe] pinned-hero y=2400 inset=0 residual=2400
2026-08-27 23:33:58.559 NuvioTV[87111:12635317] [HomeScrollProbe] title row=app.xperience.21e577a3-adc1-47c4-a75b-34493a8dab94:movie:recs_because_movies margin=4 slide=0 net=4
2026-08-27 23:33:58.559 NuvioTV[87111:12635317] [HomeScrollProbe] title row=app.xperience.21e577a3-adc1-47c4-a75b-34493a8dab94:series:recs_because_series margin=558 slide=0 net=558
2026-08-27 23:33:58.576 NuvioTV[87111:12635317] [HomeScrollProbe] pinned-hero y=2399 inset=0 residual=2399
2026-08-27 23:33:58.576 NuvioTV[87111:12635317] [HomeScrollProbe] title row=app.xperience.21e577a3-adc1-47c4-a75b-34493a8dab94:movie:recs_because_movies margin=6 slide=0 net=6
2026-08-27 23:33:58.576 NuvioTV[87111:12635317] [HomeScrollProbe] title row=app.xperience.21e577a3-adc1-47c4-a75b-34493a8dab94:series:recs_because_series margin=560 slide=0 net=560
2026-08-27 23:33:58.592 NuvioTV[87111:12635317] [HomeScrollProbe] pinned-hero y=2397 inset=0 residual=2397
2026-08-27 23:33:58.593 NuvioTV[87111:12635317] [HomeScrollProbe] title row=app.xperience.21e577a3-adc1-47c4-a75b-34493a8dab94:movie:recs_because_movies margin=8 slide=0 net=8
2026-08-27 23:33:58.609 NuvioTV[87111:12635317] [HomeScrollProbe] pinned-hero y=2396 inset=0 residual=2396
2026-08-27 23:33:58.609 NuvioTV[87111:12635317] [HomeScrollProbe] title row=app.xperience.21e577a3-adc1-47c4-a75b-34493a8dab94:series:recs_because_series margin=562 slide=0 net=562
2026-08-27 23:33:58.625 NuvioTV[87111:12635317] [HomeScrollProbe] pinned-hero y=2395 inset=0 residual=2395
2026-08-27 23:33:58.625 NuvioTV[87111:12635317] [HomeScrollProbe] title row=app.xperience.21e577a3-adc1-47c4-a75b-34493a8dab94:movie:recs_because_movies margin=10 slide=0 net=10
2026-08-27 23:33:58.625 NuvioTV[87111:12635317] [HomeScrollProbe] title row=app.xperience.21e577a3-adc1-47c4-a75b-34493a8dab94:series:recs_because_series margin=564 slide=0 net=564
2026-08-27 23:33:58.642 NuvioTV[87111:12635317] [HomeScrollProbe] pinned-hero y=2394 inset=0 residual=2394
2026-08-27 23:33:58.658 NuvioTV[87111:12635317] [HomeScrollProbe] pinned-hero y=2393 inset=0 residual=2393
2026-08-27 23:33:58.658 NuvioTV[87111:12635317] [HomeScrollProbe] title row=app.xperience.21e577a3-adc1-47c4-a75b-34493a8dab94:movie:recs_because_movies margin=12 slide=0 net=12
2026-08-27 23:33:58.674 NuvioTV[87111:12635317] [HomeScrollProbe] pinned-hero y=2392 inset=0 residual=2392
2026-08-27 23:33:58.708 NuvioTV[87111:12635317] [HomeScrollProbe] pinned-hero y=2391 inset=0 residual=2391
2026-08-27 23:33:58.708 NuvioTV[87111:12635317] [HomeScrollProbe] title row=app.xperience.21e577a3-adc1-47c4-a75b-34493a8dab94:movie:recs_because_movies margin=14 slide=0 net=14
2026-08-27 23:33:58.725 NuvioTV[87111:12635317] [HomeScrollProbe] pinned-hero y=2390 inset=0 residual=2390
2026-08-27 23:33:58.758 NuvioTV[87111:12635317] [HomeScrollProbe] pinned-hero y=2389 inset=0 residual=2389
2026-08-27 23:33:58.758 NuvioTV[87111:12635317] [HomeScrollProbe] title row=app.xperience.21e577a3-adc1-47c4-a75b-34493a8dab94:movie:recs_because_movies margin=16 slide=0 net=16
2026-08-27 23:33:58.791 NuvioTV[87111:12635317] [HomeScrollProbe] pinned-hero y=2388 inset=0 residual=2388
2026-08-27 23:33:58.858 NuvioTV[87111:12635317] [HomeScrollProbe] pinned-hero y=2387 inset=0 residual=2387
2026-08-27 23:33:58.858 NuvioTV[87111:12635317] [HomeScrollProbe] title row=app.xperience.21e577a3-adc1-47c4-a75b-34493a8dab94:movie:recs_because_movies margin=18 slide=0 net=18
2026-08-27 23:33:58.925 NuvioTV[87111:12635317] [HomeScrollProbe] pinned-hero y=2386 inset=0 residual=2386
2026-08-27 23:33:59.108 NuvioTV[87111:12635317] [HomeScrollProbe] pinned-hero y=2385 inset=0 residual=2385
2026-08-27 23:33:59.109 NuvioTV[87111:12635317] [HomeScrollProbe] title row=app.xperience.21e577a3-adc1-47c4-a75b-34493a8dab94:movie:recs_because_movies margin=20 slide=0 net=20
2026-08-27 23:33:59.460 NuvioTV[87111:12635317] [HomeScrollProbe] pinned-hero y=2375 inset=0 residual=2375
2026-08-27 23:33:59.460 NuvioTV[87111:12635317] [HomeScrollProbe] title row=app.xperience.21e577a3-adc1-47c4-a75b-34493a8dab94:movie:recs_because_movies margin=30 slide=0 net=30
2026-08-27 23:33:59.479 NuvioTV[87111:12635317] [HomeScrollProbe] pinned-hero y=2355 inset=0 residual=2355
2026-08-27 23:33:59.479 NuvioTV[87111:12635317] [HomeScrollProbe] title row=app.xperience.21e577a3-adc1-47c4-a75b-34493a8dab94:movie:recs_because_movies margin=50 slide=0 net=50
2026-08-27 23:33:59.495 NuvioTV[87111:12635317] [HomeScrollProbe] pinned-hero y=2325 inset=0 residual=2325
2026-08-27 23:33:59.495 NuvioTV[87111:12635317] [HomeScrollProbe] title row=app.xperience.21e577a3-adc1-47c4-a75b-34493a8dab94:series:recs_series_for_you margin=-474 slide=72 net=-402
2026-08-27 23:33:59.495 NuvioTV[87111:12635317] [HomeScrollProbe] title row=app.xperience.21e577a3-adc1-47c4-a75b-34493a8dab94:movie:recs_because_movies margin=80 slide=0 net=80
2026-08-27 23:33:59.513 NuvioTV[87111:12635317] [HomeScrollProbe] pinned-hero y=2285 inset=0 residual=2285
2026-08-27 23:33:59.513 NuvioTV[87111:12635317] [HomeScrollProbe] title row=app.xperience.21e577a3-adc1-47c4-a75b-34493a8dab94:series:recs_series_for_you margin=-434 slide=72 net=-362
2026-08-27 23:33:59.513 NuvioTV[87111:12635317] [HomeScrollProbe] title row=app.xperience.21e577a3-adc1-47c4-a75b-34493a8dab94:movie:recs_because_movies margin=120 slide=0 net=120
2026-08-27 23:33:59.545 NuvioTV[87111:12635317] [HomeScrollProbe] pinned-hero y=2235 inset=0 residual=2235
2026-08-27 23:33:59.545 NuvioTV[87111:12635317] [HomeScrollProbe] title row=app.xperience.21e577a3-adc1-47c4-a75b-34493a8dab94:series:recs_series_for_you margin=-384 slide=72 net=-312
2026-08-27 23:33:59.545 NuvioTV[87111:12635317] [HomeScrollProbe] title row=app.xperience.21e577a3-adc1-47c4-a75b-34493a8dab94:movie:recs_because_movies margin=170 slide=0 net=170
2026-08-27 23:33:59.562 NuvioTV[87111:12635317] [HomeScrollProbe] pinned-hero y=2192 inset=0 residual=2192
2026-08-27 23:33:59.562 NuvioTV[87111:12635317] [HomeScrollProbe] title row=app.xperience.21e577a3-adc1-47c4-a75b-34493a8dab94:series:recs_series_for_you margin=-342 slide=72 net=-270
2026-08-27 23:33:59.562 NuvioTV[87111:12635317] [HomeScrollProbe] title row=app.xperience.21e577a3-adc1-47c4-a75b-34493a8dab94:movie:recs_because_movies margin=212 slide=0 net=212
2026-08-27 23:33:59.577 NuvioTV[87111:12635317] [HomeScrollProbe] pinned-hero y=2158 inset=0 residual=2158
2026-08-27 23:33:59.578 NuvioTV[87111:12635317] [HomeScrollProbe] title row=app.xperience.21e577a3-adc1-47c4-a75b-34493a8dab94:series:recs_series_for_you margin=-308 slide=72 net=-236
2026-08-27 23:33:59.578 NuvioTV[87111:12635317] [HomeScrollProbe] title row=app.xperience.21e577a3-adc1-47c4-a75b-34493a8dab94:movie:recs_because_movies margin=246 slide=0 net=246
2026-08-27 23:33:59.594 NuvioTV[87111:12635317] [HomeScrollProbe] pinned-hero y=2125 inset=0 residual=2125
2026-08-27 23:33:59.595 NuvioTV[87111:12635317] [HomeScrollProbe] title row=app.xperience.21e577a3-adc1-47c4-a75b-34493a8dab94:series:recs_series_for_you margin=-274 slide=72 net=-202
2026-08-27 23:33:59.595 NuvioTV[87111:12635317] [HomeScrollProbe] title row=app.xperience.21e577a3-adc1-47c4-a75b-34493a8dab94:movie:recs_because_movies margin=280 slide=0 net=280
2026-08-27 23:33:59.612 NuvioTV[87111:12635317] [HomeScrollProbe] pinned-hero y=2094 inset=0 residual=2094
2026-08-27 23:33:59.612 NuvioTV[87111:12635317] [HomeScrollProbe] title row=app.xperience.21e577a3-adc1-47c4-a75b-34493a8dab94:series:recs_series_for_you margin=-244 slide=72 net=-172
2026-08-27 23:33:59.612 NuvioTV[87111:12635317] [HomeScrollProbe] title row=app.xperience.21e577a3-adc1-47c4-a75b-34493a8dab94:movie:recs_because_movies margin=310 slide=0 net=310
2026-08-27 23:33:59.628 NuvioTV[87111:12635317] [HomeScrollProbe] pinned-hero y=2068 inset=0 residual=2068
2026-08-27 23:33:59.628 NuvioTV[87111:12635317] [HomeScrollProbe] title row=app.xperience.21e577a3-adc1-47c4-a75b-34493a8dab94:series:recs_series_for_you margin=-218 slide=72 net=-146
2026-08-27 23:33:59.628 NuvioTV[87111:12635317] [HomeScrollProbe] title row=app.xperience.21e577a3-adc1-47c4-a75b-34493a8dab94:movie:recs_because_movies margin=336 slide=0 net=336
2026-08-27 23:33:59.644 NuvioTV[87111:12635317] [HomeScrollProbe] pinned-hero y=2044 inset=0 residual=2044
2026-08-27 23:33:59.644 NuvioTV[87111:12635317] [HomeScrollProbe] title row=app.xperience.21e577a3-adc1-47c4-a75b-34493a8dab94:series:recs_series_for_you margin=-194 slide=72 net=-122
2026-08-27 23:33:59.644 NuvioTV[87111:12635317] [HomeScrollProbe] title row=app.xperience.21e577a3-adc1-47c4-a75b-34493a8dab94:movie:recs_because_movies margin=360 slide=0 net=360
2026-08-27 23:33:59.661 NuvioTV[87111:12635317] [HomeScrollProbe] pinned-hero y=2023 inset=0 residual=2023
2026-08-27 23:33:59.661 NuvioTV[87111:12635317] [HomeScrollProbe] title row=app.xperience.21e577a3-adc1-47c4-a75b-34493a8dab94:series:recs_series_for_you margin=-172 slide=72 net=-100
2026-08-27 23:33:59.661 NuvioTV[87111:12635317] [HomeScrollProbe] title row=app.xperience.21e577a3-adc1-47c4-a75b-34493a8dab94:movie:recs_because_movies margin=382 slide=0 net=382
2026-08-27 23:33:59.676 NuvioTV[87111:12635317] [HomeScrollProbe] pinned-hero y=2006 inset=0 residual=2006
2026-08-27 23:33:59.676 NuvioTV[87111:12635317] [HomeScrollProbe] title row=app.xperience.21e577a3-adc1-47c4-a75b-34493a8dab94:series:recs_series_for_you margin=-156 slide=72 net=-84
2026-08-27 23:33:59.676 NuvioTV[87111:12635317] [HomeScrollProbe] title row=app.xperience.21e577a3-adc1-47c4-a75b-34493a8dab94:movie:recs_because_movies margin=398 slide=0 net=398
2026-08-27 23:33:59.693 NuvioTV[87111:12635317] [HomeScrollProbe] pinned-hero y=1988 inset=0 residual=1988
2026-08-27 23:33:59.693 NuvioTV[87111:12635317] [HomeScrollProbe] title row=app.xperience.21e577a3-adc1-47c4-a75b-34493a8dab94:series:recs_series_for_you margin=-138 slide=72 net=-66
2026-08-27 23:33:59.693 NuvioTV[87111:12635317] [HomeScrollProbe] title row=app.xperience.21e577a3-adc1-47c4-a75b-34493a8dab94:movie:recs_because_movies margin=416 slide=0 net=416
2026-08-27 23:33:59.710 NuvioTV[87111:12635317] [HomeScrollProbe] pinned-hero y=1972 inset=0 residual=1972
2026-08-27 23:33:59.710 NuvioTV[87111:12635317] [HomeScrollProbe] title row=app.xperience.21e577a3-adc1-47c4-a75b-34493a8dab94:series:recs_series_for_you margin=-122 slide=72 net=-50
2026-08-27 23:33:59.710 NuvioTV[87111:12635317] [HomeScrollProbe] title row=app.xperience.21e577a3-adc1-47c4-a75b-34493a8dab94:movie:recs_because_movies margin=432 slide=0 net=432
2026-08-27 23:33:59.726 NuvioTV[87111:12635317] [HomeScrollProbe] pinned-hero y=1958 inset=0 residual=1958
2026-08-27 23:33:59.726 NuvioTV[87111:12635317] [HomeScrollProbe] title row=app.xperience.21e577a3-adc1-47c4-a75b-34493a8dab94:series:recs_series_for_you margin=-108 slide=72 net=-36
2026-08-27 23:33:59.726 NuvioTV[87111:12635317] [HomeScrollProbe] title row=app.xperience.21e577a3-adc1-47c4-a75b-34493a8dab94:movie:recs_because_movies margin=446 slide=0 net=446
2026-08-27 23:33:59.742 NuvioTV[87111:12635317] [HomeScrollProbe] pinned-hero y=1945 inset=0 residual=1945
2026-08-27 23:33:59.742 NuvioTV[87111:12635317] [HomeScrollProbe] title row=app.xperience.21e577a3-adc1-47c4-a75b-34493a8dab94:series:recs_series_for_you margin=-94 slide=72 net=-22
2026-08-27 23:33:59.742 NuvioTV[87111:12635317] [HomeScrollProbe] title row=app.xperience.21e577a3-adc1-47c4-a75b-34493a8dab94:movie:recs_because_movies margin=460 slide=0 net=460
2026-08-27 23:33:59.772 NuvioTV[87111:12635317] [HomeScrollProbe] pinned-hero y=1926 inset=0 residual=1926
2026-08-27 23:33:59.772 NuvioTV[87111:12635317] [HomeScrollProbe] title row=app.xperience.21e577a3-adc1-47c4-a75b-34493a8dab94:series:recs_series_for_you margin=-76 slide=72 net=-4
2026-08-27 23:33:59.772 NuvioTV[87111:12635317] [HomeScrollProbe] title row=app.xperience.21e577a3-adc1-47c4-a75b-34493a8dab94:movie:recs_because_movies margin=478 slide=0 net=478
2026-08-27 23:33:59.776 NuvioTV[87111:12635317] [HomeScrollProbe] pinned-hero y=1923 inset=0 residual=1923
2026-08-27 23:33:59.776 NuvioTV[87111:12635317] [HomeScrollProbe] title row=app.xperience.21e577a3-adc1-47c4-a75b-34493a8dab94:series:recs_series_for_you margin=-72 slide=72 net=0
2026-08-27 23:33:59.776 NuvioTV[87111:12635317] [HomeScrollProbe] title row=app.xperience.21e577a3-adc1-47c4-a75b-34493a8dab94:movie:recs_because_movies margin=482 slide=0 net=482
2026-08-27 23:33:59.809 NuvioTV[87111:12635317] [HomeScrollProbe] pinned-hero y=1911 inset=0 residual=1911
2026-08-27 23:33:59.809 NuvioTV[87111:12635317] [HomeScrollProbe] title row=app.xperience.21e577a3-adc1-47c4-a75b-34493a8dab94:series:recs_series_for_you margin=-60 slide=60 net=0
2026-08-27 23:33:59.809 NuvioTV[87111:12635317] [HomeScrollProbe] title row=app.xperience.21e577a3-adc1-47c4-a75b-34493a8dab94:movie:recs_because_movies margin=494 slide=0 net=494
2026-08-27 23:33:59.826 NuvioTV[87111:12635317] [HomeScrollProbe] pinned-hero y=1903 inset=0 residual=1903
2026-08-27 23:33:59.826 NuvioTV[87111:12635317] [HomeScrollProbe] title row=app.xperience.21e577a3-adc1-47c4-a75b-34493a8dab94:series:recs_series_for_you margin=-52 slide=52 net=0
2026-08-27 23:33:59.826 NuvioTV[87111:12635317] [HomeScrollProbe] title row=app.xperience.21e577a3-adc1-47c4-a75b-34493a8dab94:movie:recs_because_movies margin=502 slide=0 net=502
2026-08-27 23:33:59.842 NuvioTV[87111:12635317] [HomeScrollProbe] pinned-hero y=1896 inset=0 residual=1896
2026-08-27 23:33:59.842 NuvioTV[87111:12635317] [HomeScrollProbe] title row=app.xperience.21e577a3-adc1-47c4-a75b-34493a8dab94:series:recs_series_for_you margin=-46 slide=46 net=0
2026-08-27 23:33:59.842 NuvioTV[87111:12635317] [HomeScrollProbe] title row=app.xperience.21e577a3-adc1-47c4-a75b-34493a8dab94:movie:recs_because_movies margin=508 slide=0 net=508
2026-08-27 23:33:59.859 NuvioTV[87111:12635317] [HomeScrollProbe] pinned-hero y=1889 inset=0 residual=1889
2026-08-27 23:33:59.859 NuvioTV[87111:12635317] [HomeScrollProbe] title row=app.xperience.21e577a3-adc1-47c4-a75b-34493a8dab94:series:recs_series_for_you margin=-38 slide=38 net=0
2026-08-27 23:33:59.859 NuvioTV[87111:12635317] [HomeScrollProbe] title row=app.xperience.21e577a3-adc1-47c4-a75b-34493a8dab94:movie:recs_because_movies margin=516 slide=0 net=516
2026-08-27 23:33:59.875 NuvioTV[87111:12635317] [HomeScrollProbe] pinned-hero y=1883 inset=0 residual=1883
2026-08-27 23:33:59.876 NuvioTV[87111:12635317] [HomeScrollProbe] title row=app.xperience.21e577a3-adc1-47c4-a75b-34493a8dab94:series:recs_series_for_you margin=-32 slide=32 net=0
2026-08-27 23:33:59.876 NuvioTV[87111:12635317] [HomeScrollProbe] title row=app.xperience.21e577a3-adc1-47c4-a75b-34493a8dab94:movie:recs_because_movies margin=522 slide=0 net=522
2026-08-27 23:33:59.891 NuvioTV[87111:12635317] [HomeScrollProbe] pinned-hero y=1878 inset=0 residual=1878
2026-08-27 23:33:59.891 NuvioTV[87111:12635317] [HomeScrollProbe] title row=app.xperience.21e577a3-adc1-47c4-a75b-34493a8dab94:series:recs_series_for_you margin=-28 slide=28 net=0
2026-08-27 23:33:59.891 NuvioTV[87111:12635317] [HomeScrollProbe] title row=app.xperience.21e577a3-adc1-47c4-a75b-34493a8dab94:movie:recs_because_movies margin=526 slide=0 net=526
2026-08-27 23:33:59.908 NuvioTV[87111:12635317] [HomeScrollProbe] pinned-hero y=1873 inset=0 residual=1873
2026-08-27 23:33:59.908 NuvioTV[87111:12635317] [HomeScrollProbe] title row=app.xperience.21e577a3-adc1-47c4-a75b-34493a8dab94:series:recs_series_for_you margin=-22 slide=22 net=0
2026-08-27 23:33:59.908 NuvioTV[87111:12635317] [HomeScrollProbe] title row=app.xperience.21e577a3-adc1-47c4-a75b-34493a8dab94:movie:recs_because_movies margin=532 slide=0 net=532
2026-08-27 23:33:59.925 NuvioTV[87111:12635317] [HomeScrollProbe] pinned-hero y=1869 inset=0 residual=1869
2026-08-27 23:33:59.925 NuvioTV[87111:12635317] [HomeScrollProbe] title row=app.xperience.21e577a3-adc1-47c4-a75b-34493a8dab94:series:recs_series_for_you margin=-18 slide=18 net=0
2026-08-27 23:33:59.925 NuvioTV[87111:12635317] [HomeScrollProbe] title row=app.xperience.21e577a3-adc1-47c4-a75b-34493a8dab94:movie:recs_because_movies margin=536 slide=0 net=536
2026-08-27 23:33:59.942 NuvioTV[87111:12635317] [HomeScrollProbe] pinned-hero y=1865 inset=0 residual=1865
2026-08-27 23:33:59.942 NuvioTV[87111:12635317] [HomeScrollProbe] title row=app.xperience.21e577a3-adc1-47c4-a75b-34493a8dab94:series:recs_series_for_you margin=-14 slide=14 net=0
2026-08-27 23:33:59.942 NuvioTV[87111:12635317] [HomeScrollProbe] title row=app.xperience.21e577a3-adc1-47c4-a75b-34493a8dab94:movie:recs_because_movies margin=540 slide=0 net=540
2026-08-27 23:33:59.958 NuvioTV[87111:12635317] [HomeScrollProbe] pinned-hero y=1862 inset=0 residual=1862
2026-08-27 23:33:59.959 NuvioTV[87111:12635317] [HomeScrollProbe] title row=app.xperience.21e577a3-adc1-47c4-a75b-34493a8dab94:series:recs_series_for_you margin=-12 slide=12 net=0
2026-08-27 23:33:59.959 NuvioTV[87111:12635317] [HomeScrollProbe] title row=app.xperience.21e577a3-adc1-47c4-a75b-34493a8dab94:movie:recs_because_movies margin=542 slide=0 net=542
2026-08-27 23:33:59.975 NuvioTV[87111:12635317] [HomeScrollProbe] pinned-hero y=1859 inset=0 residual=1859
2026-08-27 23:33:59.976 NuvioTV[87111:12635317] [HomeScrollProbe] title row=app.xperience.21e577a3-adc1-47c4-a75b-34493a8dab94:series:recs_series_for_you margin=-8 slide=8 net=0
2026-08-27 23:33:59.976 NuvioTV[87111:12635317] [HomeScrollProbe] title row=app.xperience.21e577a3-adc1-47c4-a75b-34493a8dab94:movie:recs_because_movies margin=546 slide=0 net=546
2026-08-27 23:33:59.992 NuvioTV[87111:12635317] [HomeScrollProbe] pinned-hero y=1856 inset=0 residual=1856
2026-08-27 23:33:59.993 NuvioTV[87111:12635317] [HomeScrollProbe] title row=app.xperience.21e577a3-adc1-47c4-a75b-34493a8dab94:series:recs_series_for_you margin=-6 slide=6 net=0
2026-08-27 23:33:59.993 NuvioTV[87111:12635317] [HomeScrollProbe] title row=app.xperience.21e577a3-adc1-47c4-a75b-34493a8dab94:movie:recs_because_movies margin=548 slide=0 net=548
2026-08-27 23:34:00.009 NuvioTV[87111:12635317] [HomeScrollProbe] pinned-hero y=1854 inset=0 residual=1854
2026-08-27 23:34:00.009 NuvioTV[87111:12635317] [HomeScrollProbe] title row=app.xperience.21e577a3-adc1-47c4-a75b-34493a8dab94:series:recs_series_for_you margin=-4 slide=4 net=0
2026-08-27 23:34:00.009 NuvioTV[87111:12635317] [HomeScrollProbe] title row=app.xperience.21e577a3-adc1-47c4-a75b-34493a8dab94:movie:recs_because_movies margin=550 slide=0 net=550
2026-08-27 23:34:00.026 NuvioTV[87111:12635317] [HomeScrollProbe] pinned-hero y=1851 inset=0 residual=1851
2026-08-27 23:34:00.026 NuvioTV[87111:12635317] [HomeScrollProbe] title row=app.xperience.21e577a3-adc1-47c4-a75b-34493a8dab94:series:recs_series_for_you margin=0 slide=0 net=0
2026-08-27 23:34:00.026 NuvioTV[87111:12635317] [HomeScrollProbe] title row=app.xperience.21e577a3-adc1-47c4-a75b-34493a8dab94:movie:recs_because_movies margin=554 slide=0 net=554
2026-08-27 23:34:00.042 NuvioTV[87111:12635317] [HomeScrollProbe] pinned-hero y=1849 inset=0 residual=1849
2026-08-27 23:34:00.042 NuvioTV[87111:12635317] [HomeScrollProbe] title row=app.xperience.21e577a3-adc1-47c4-a75b-34493a8dab94:series:recs_series_for_you margin=2 slide=0 net=2
2026-08-27 23:34:00.043 NuvioTV[87111:12635317] [HomeScrollProbe] title row=app.xperience.21e577a3-adc1-47c4-a75b-34493a8dab94:movie:recs_because_movies margin=556 slide=0 net=556
2026-08-27 23:34:00.059 NuvioTV[87111:12635317] [HomeScrollProbe] pinned-hero y=1848 inset=0 residual=1848
2026-08-27 23:34:00.059 NuvioTV[87111:12635317] [HomeScrollProbe] title row=app.xperience.21e577a3-adc1-47c4-a75b-34493a8dab94:series:recs_series_for_you margin=4 slide=0 net=4
2026-08-27 23:34:00.075 NuvioTV[87111:12635317] [HomeScrollProbe] pinned-hero y=1846 inset=0 residual=1846
2026-08-27 23:34:00.075 NuvioTV[87111:12635317] [HomeScrollProbe] title row=app.xperience.21e577a3-adc1-47c4-a75b-34493a8dab94:movie:recs_because_movies margin=558 slide=0 net=558
2026-08-27 23:34:00.092 NuvioTV[87111:12635317] [HomeScrollProbe] pinned-hero y=1845 inset=0 residual=1845
2026-08-27 23:34:00.092 NuvioTV[87111:12635317] [HomeScrollProbe] title row=app.xperience.21e577a3-adc1-47c4-a75b-34493a8dab94:series:recs_series_for_you margin=6 slide=0 net=6
2026-08-27 23:34:00.092 NuvioTV[87111:12635317] [HomeScrollProbe] title row=app.xperience.21e577a3-adc1-47c4-a75b-34493a8dab94:movie:recs_because_movies margin=560 slide=0 net=560
2026-08-27 23:34:00.109 NuvioTV[87111:12635317] [HomeScrollProbe] pinned-hero y=1843 inset=0 residual=1843
2026-08-27 23:34:00.109 NuvioTV[87111:12635317] [HomeScrollProbe] title row=app.xperience.21e577a3-adc1-47c4-a75b-34493a8dab94:series:recs_series_for_you margin=8 slide=0 net=8
2026-08-27 23:34:00.109 NuvioTV[87111:12635317] [HomeScrollProbe] title row=app.xperience.21e577a3-adc1-47c4-a75b-34493a8dab94:movie:recs_because_movies margin=562 slide=0 net=562
2026-08-27 23:34:00.125 NuvioTV[87111:12635317] [HomeScrollProbe] pinned-hero y=1842 inset=0 residual=1842
2026-08-27 23:34:00.143 NuvioTV[87111:12635317] [HomeScrollProbe] pinned-hero y=1841 inset=0 residual=1841
2026-08-27 23:34:00.143 NuvioTV[87111:12635317] [HomeScrollProbe] title row=app.xperience.21e577a3-adc1-47c4-a75b-34493a8dab94:series:recs_series_for_you margin=10 slide=0 net=10
2026-08-27 23:34:00.143 NuvioTV[87111:12635317] [HomeScrollProbe] title row=app.xperience.21e577a3-adc1-47c4-a75b-34493a8dab94:movie:recs_because_movies margin=564 slide=0 net=564
2026-08-27 23:34:00.159 NuvioTV[87111:12635317] [HomeScrollProbe] pinned-hero y=1840 inset=0 residual=1840
2026-08-27 23:34:00.175 NuvioTV[87111:12635317] [HomeScrollProbe] pinned-hero y=1839 inset=0 residual=1839
2026-08-27 23:34:00.175 NuvioTV[87111:12635317] [HomeScrollProbe] title row=app.xperience.21e577a3-adc1-47c4-a75b-34493a8dab94:series:recs_series_for_you margin=12 slide=0 net=12
2026-08-27 23:34:00.191 NuvioTV[87111:12635317] [HomeScrollProbe] pinned-hero y=1838 inset=0 residual=1838
2026-08-27 23:34:00.207 NuvioTV[87111:12635317] [HomeScrollProbe] title row=app.xperience.21e577a3-adc1-47c4-a75b-34493a8dab94:series:recs_series_for_you margin=14 slide=0 net=14
2026-08-27 23:34:00.224 NuvioTV[87111:12635317] [HomeScrollProbe] pinned-hero y=1837 inset=0 residual=1837
2026-08-27 23:34:00.243 NuvioTV[87111:12636629] [TrailerExtract] client=android_vr NO streamingData (playability=LOGIN_REQUIRED reason=Sign in to confirm you’re not a bot)
2026-08-27 23:34:00.258 NuvioTV[87111:12635317] [HomeScrollProbe] pinned-hero y=1836 inset=0 residual=1836
2026-08-27 23:34:00.274 NuvioTV[87111:12635317] [HomeScrollProbe] title row=app.xperience.21e577a3-adc1-47c4-a75b-34493a8dab94:series:recs_series_for_you margin=16 slide=0 net=16
2026-08-27 23:34:00.291 NuvioTV[87111:12635317] [HomeScrollProbe] pinned-hero y=1835 inset=0 residual=1835
2026-08-27 23:34:00.325 NuvioTV[87111:12635317] [HomeScrollProbe] pinned-hero y=1834 inset=0 residual=1834
2026-08-27 23:34:00.358 NuvioTV[87111:12635317] [HomeScrollProbe] title row=app.xperience.21e577a3-adc1-47c4-a75b-34493a8dab94:series:recs_series_for_you margin=18 slide=0 net=18
2026-08-27 23:34:00.381 NuvioTV[87111:12637072] [TrailerExtract] client=android video=LsPrbMigoOU hls=false formats=1 adaptive=26 sdKeys=expiresInSeconds,formats,adaptiveFormats,serverAbrStreamingUrl,metadataFormats
2026-08-27 23:34:00.391 NuvioTV[87111:12635317] [HomeScrollProbe] pinned-hero y=1833 inset=0 residual=1833
2026-08-27 23:34:00.508 NuvioTV[87111:12635317] [HomeScrollProbe] pinned-hero y=1832 inset=0 residual=1832
2026-08-27 23:34:00.517 NuvioTV[87111:12637071] [TrailerExtract] client=ios video=LsPrbMigoOU hls=false formats=0 adaptive=28 sdKeys=expiresInSeconds,adaptiveFormats,aspectRatio,serverAbrStreamingUrl,metadataFormats
2026-08-27 23:34:00.519 NuvioTV[87111:12637071] [TrailerExtract] selection: manifest=none progressive=360 (manifests collected=0)
2026-08-27 23:34:00.519 NuvioTV[87111:12637071] [TrailerExtract] repack candidates: avcVideo=1080p avc1.640028 (android) m4aAudio=mp4a.40.2 (android)
2026-08-27 23:34:00.608 NuvioTV[87111:12635317] [HomeScrollProbe] title row=app.xperience.21e577a3-adc1-47c4-a75b-34493a8dab94:series:recs_series_for_you margin=20 slide=0 net=20
2026-08-27 23:34:00.926 NuvioTV[87111:12635317] [HomeScrollProbe] REST pinned-hero y=1832 inset=0 residual=1832
2026-08-27 23:34:01.009 NuvioTV[87111:12635317] [HomeScrollProbe] pinned-hero y=1822 inset=0 residual=1822
2026-08-27 23:34:01.009 NuvioTV[87111:12635317] [HomeScrollProbe] title row=app.xperience.21e577a3-adc1-47c4-a75b-34493a8dab94:series:recs_series_for_you margin=30 slide=0 net=30
2026-08-27 23:34:01.029 NuvioTV[87111:12635317] [HomeScrollProbe] pinned-hero y=1802 inset=0 residual=1802
2026-08-27 23:34:01.029 NuvioTV[87111:12635317] [HomeScrollProbe] title row=app.xperience.21e577a3-adc1-47c4-a75b-34493a8dab94:series:recs_series_for_you margin=50 slide=0 net=50
2026-08-27 23:34:01.045 NuvioTV[87111:12635317] [HomeScrollProbe] pinned-hero y=1772 inset=0 residual=1772
2026-08-27 23:34:01.046 NuvioTV[87111:12635317] [HomeScrollProbe] title row=app.xperience.21e577a3-adc1-47c4-a75b-34493a8dab94:movie:recs_movies_for_you margin=-474 slide=72 net=-402
2026-08-27 23:34:01.046 NuvioTV[87111:12635317] [HomeScrollProbe] title row=app.xperience.21e577a3-adc1-47c4-a75b-34493a8dab94:series:recs_series_for_you margin=80 slide=0 net=80
2026-08-27 23:34:01.079 NuvioTV[87111:12635317] [HomeScrollProbe] pinned-hero y=1732 inset=0 residual=1732
2026-08-27 23:34:01.079 NuvioTV[87111:12635317] [HomeScrollProbe] title row=app.xperience.21e577a3-adc1-47c4-a75b-34493a8dab94:movie:recs_movies_for_you margin=-434 slide=72 net=-362
2026-08-27 23:34:01.079 NuvioTV[87111:12635317] [HomeScrollProbe] title row=app.xperience.21e577a3-adc1-47c4-a75b-34493a8dab94:series:recs_series_for_you margin=120 slide=0 net=120
2026-08-27 23:34:01.096 NuvioTV[87111:12635317] [HomeScrollProbe] pinned-hero y=1682 inset=0 residual=1682
2026-08-27 23:34:01.096 NuvioTV[87111:12635317] [HomeScrollProbe] title row=app.xperience.21e577a3-adc1-47c4-a75b-34493a8dab94:movie:recs_movies_for_you margin=-384 slide=72 net=-312
2026-08-27 23:34:01.096 NuvioTV[87111:12635317] [HomeScrollProbe] title row=app.xperience.21e577a3-adc1-47c4-a75b-34493a8dab94:series:recs_series_for_you margin=170 slide=0 net=170
2026-08-27 23:34:01.112 NuvioTV[87111:12635317] [HomeScrollProbe] pinned-hero y=1633 inset=0 residual=1633
2026-08-27 23:34:01.112 NuvioTV[87111:12635317] [HomeScrollProbe] title row=app.xperience.21e577a3-adc1-47c4-a75b-34493a8dab94:movie:recs_movies_for_you margin=-336 slide=72 net=-264
2026-08-27 23:34:01.112 NuvioTV[87111:12635317] [HomeScrollProbe] title row=app.xperience.21e577a3-adc1-47c4-a75b-34493a8dab94:series:recs_series_for_you margin=218 slide=0 net=218
2026-08-27 23:34:01.129 NuvioTV[87111:12635317] [HomeScrollProbe] pinned-hero y=1591 inset=0 residual=1591
2026-08-27 23:34:01.129 NuvioTV[87111:12635317] [HomeScrollProbe] title row=app.xperience.21e577a3-adc1-47c4-a75b-34493a8dab94:movie:recs_movies_for_you margin=-294 slide=72 net=-222
2026-08-27 23:34:01.129 NuvioTV[87111:12635317] [HomeScrollProbe] title row=app.xperience.21e577a3-adc1-47c4-a75b-34493a8dab94:series:recs_series_for_you margin=260 slide=0 net=260
2026-08-27 23:34:01.161 NuvioTV[87111:12635317] [HomeScrollProbe] pinned-hero y=1540 inset=0 residual=1540
2026-08-27 23:34:01.161 NuvioTV[87111:12635317] [HomeScrollProbe] title row=app.xperience.21e577a3-adc1-47c4-a75b-34493a8dab94:movie:recs_movies_for_you margin=-242 slide=72 net=-170
2026-08-27 23:34:01.161 NuvioTV[87111:12635317] [HomeScrollProbe] title row=app.xperience.21e577a3-adc1-47c4-a75b-34493a8dab94:series:recs_series_for_you margin=312 slide=0 net=312
2026-08-27 23:34:01.178 NuvioTV[87111:12635317] [HomeScrollProbe] pinned-hero y=1512 inset=0 residual=1512
2026-08-27 23:34:01.178 NuvioTV[87111:12635317] [HomeScrollProbe] title row=app.xperience.21e577a3-adc1-47c4-a75b-34493a8dab94:movie:recs_movies_for_you margin=-214 slide=72 net=-142
2026-08-27 23:34:01.178 NuvioTV[87111:12635317] [HomeScrollProbe] title row=app.xperience.21e577a3-adc1-47c4-a75b-34493a8dab94:series:recs_series_for_you margin=340 slide=0 net=340
2026-08-27 23:34:01.194 NuvioTV[87111:12635317] [HomeScrollProbe] pinned-hero y=1490 inset=0 residual=1490
2026-08-27 23:34:01.194 NuvioTV[87111:12635317] [HomeScrollProbe] title row=app.xperience.21e577a3-adc1-47c4-a75b-34493a8dab94:movie:recs_movies_for_you margin=-192 slide=72 net=-120
2026-08-27 23:34:01.194 NuvioTV[87111:12635317] [HomeScrollProbe] title row=app.xperience.21e577a3-adc1-47c4-a75b-34493a8dab94:series:recs_series_for_you margin=362 slide=0 net=362
2026-08-27 23:34:01.209 NuvioTV[87111:12635317] [HomeScrollProbe] pinned-hero y=1470 inset=0 residual=1470
2026-08-27 23:34:01.210 NuvioTV[87111:12635317] [HomeScrollProbe] title row=app.xperience.21e577a3-adc1-47c4-a75b-34493a8dab94:movie:recs_movies_for_you margin=-172 slide=72 net=-100
2026-08-27 23:34:01.210 NuvioTV[87111:12635317] [HomeScrollProbe] title row=app.xperience.21e577a3-adc1-47c4-a75b-34493a8dab94:series:recs_series_for_you margin=382 slide=0 net=382
2026-08-27 23:34:01.226 NuvioTV[87111:12635317] [HomeScrollProbe] pinned-hero y=1450 inset=0 residual=1450
2026-08-27 23:34:01.226 NuvioTV[87111:12635317] [HomeScrollProbe] title row=app.xperience.21e577a3-adc1-47c4-a75b-34493a8dab94:movie:recs_movies_for_you margin=-154 slide=72 net=-82
2026-08-27 23:34:01.226 NuvioTV[87111:12635317] [HomeScrollProbe] title row=app.xperience.21e577a3-adc1-47c4-a75b-34493a8dab94:series:recs_series_for_you margin=400 slide=0 net=400
2026-08-27 23:34:01.243 NuvioTV[87111:12635317] [HomeScrollProbe] pinned-hero y=1433 inset=0 residual=1433
2026-08-27 23:34:01.243 NuvioTV[87111:12635317] [HomeScrollProbe] title row=app.xperience.21e577a3-adc1-47c4-a75b-34493a8dab94:movie:recs_movies_for_you margin=-136 slide=72 net=-64
2026-08-27 23:34:01.243 NuvioTV[87111:12635317] [HomeScrollProbe] title row=app.xperience.21e577a3-adc1-47c4-a75b-34493a8dab94:series:recs_series_for_you margin=418 slide=0 net=418
2026-08-27 23:34:01.258 NuvioTV[87111:12635317] [HomeScrollProbe] pinned-hero y=1418 inset=0 residual=1418
2026-08-27 23:34:01.259 NuvioTV[87111:12635317] [HomeScrollProbe] title row=app.xperience.21e577a3-adc1-47c4-a75b-34493a8dab94:movie:recs_movies_for_you margin=-122 slide=72 net=-50
2026-08-27 23:34:01.259 NuvioTV[87111:12635317] [HomeScrollProbe] title row=app.xperience.21e577a3-adc1-47c4-a75b-34493a8dab94:series:recs_series_for_you margin=432 slide=0 net=432
2026-08-27 23:34:01.275 NuvioTV[87111:12635317] [HomeScrollProbe] pinned-hero y=1404 inset=0 residual=1404
2026-08-27 23:34:01.275 NuvioTV[87111:12635317] [HomeScrollProbe] title row=app.xperience.21e577a3-adc1-47c4-a75b-34493a8dab94:movie:recs_movies_for_you margin=-108 slide=72 net=-36
2026-08-27 23:34:01.275 NuvioTV[87111:12635317] [HomeScrollProbe] title row=app.xperience.21e577a3-adc1-47c4-a75b-34493a8dab94:series:recs_series_for_you margin=446 slide=0 net=446
2026-08-27 23:34:01.292 NuvioTV[87111:12635317] [HomeScrollProbe] pinned-hero y=1392 inset=0 residual=1392
2026-08-27 23:34:01.292 NuvioTV[87111:12635317] [HomeScrollProbe] title row=app.xperience.21e577a3-adc1-47c4-a75b-34493a8dab94:movie:recs_movies_for_you margin=-94 slide=72 net=-22
2026-08-27 23:34:01.292 NuvioTV[87111:12635317] [HomeScrollProbe] title row=app.xperience.21e577a3-adc1-47c4-a75b-34493a8dab94:series:recs_series_for_you margin=460 slide=0 net=460
2026-08-27 23:34:01.309 NuvioTV[87111:12635317] [HomeScrollProbe] pinned-hero y=1380 inset=0 residual=1380
2026-08-27 23:34:01.309 NuvioTV[87111:12635317] [HomeScrollProbe] title row=app.xperience.21e577a3-adc1-47c4-a75b-34493a8dab94:movie:recs_movies_for_you margin=-84 slide=72 net=-12
2026-08-27 23:34:01.309 NuvioTV[87111:12635317] [HomeScrollProbe] title row=app.xperience.21e577a3-adc1-47c4-a75b-34493a8dab94:series:recs_series_for_you margin=470 slide=0 net=470
2026-08-27 23:34:01.326 NuvioTV[87111:12635317] [HomeScrollProbe] pinned-hero y=1370 inset=0 residual=1370
2026-08-27 23:34:01.326 NuvioTV[87111:12635317] [HomeScrollProbe] title row=app.xperience.21e577a3-adc1-47c4-a75b-34493a8dab94:movie:recs_movies_for_you margin=-72 slide=72 net=0
2026-08-27 23:34:01.326 NuvioTV[87111:12635317] [HomeScrollProbe] title row=app.xperience.21e577a3-adc1-47c4-a75b-34493a8dab94:series:recs_series_for_you margin=482 slide=0 net=482
2026-08-27 23:34:01.342 NuvioTV[87111:12635317] [HomeScrollProbe] pinned-hero y=1361 inset=0 residual=1361
2026-08-27 23:34:01.342 NuvioTV[87111:12635317] [HomeScrollProbe] title row=app.xperience.21e577a3-adc1-47c4-a75b-34493a8dab94:movie:recs_movies_for_you margin=-64 slide=64 net=0
2026-08-27 23:34:01.342 NuvioTV[87111:12635317] [HomeScrollProbe] title row=app.xperience.21e577a3-adc1-47c4-a75b-34493a8dab94:series:recs_series_for_you margin=490 slide=0 net=490
2026-08-27 23:34:01.370 NuvioTV[87111:12635317] [HomeScrollProbe] pinned-hero y=1347 inset=0 residual=1347
2026-08-27 23:34:01.370 NuvioTV[87111:12635317] [HomeScrollProbe] title row=app.xperience.21e577a3-adc1-47c4-a75b-34493a8dab94:movie:recs_movies_for_you margin=-50 slide=50 net=0
2026-08-27 23:34:01.370 NuvioTV[87111:12635317] [HomeScrollProbe] title row=app.xperience.21e577a3-adc1-47c4-a75b-34493a8dab94:series:recs_series_for_you margin=504 slide=0 net=504
2026-08-27 23:34:01.379 NuvioTV[87111:12635317] [HomeScrollProbe] pinned-hero y=1343 inset=0 residual=1343
2026-08-27 23:34:01.379 NuvioTV[87111:12635317] [HomeScrollProbe] title row=app.xperience.21e577a3-adc1-47c4-a75b-34493a8dab94:movie:recs_movies_for_you margin=-46 slide=46 net=0
2026-08-27 23:34:01.379 NuvioTV[87111:12635317] [HomeScrollProbe] title row=app.xperience.21e577a3-adc1-47c4-a75b-34493a8dab94:series:recs_series_for_you margin=508 slide=0 net=508
2026-08-27 23:34:01.385 NuvioTV[87111:12636623] [TrailerExtract] repack decision: avc=1080p vs progressive=360p -> ELIGIBLE
2026-08-27 23:34:01.393 NuvioTV[87111:12635317] [HomeScrollProbe] pinned-hero y=1338 inset=0 residual=1338
2026-08-27 23:34:01.394 NuvioTV[87111:12635317] [HomeScrollProbe] title row=app.xperience.21e577a3-adc1-47c4-a75b-34493a8dab94:movie:recs_movies_for_you margin=-40 slide=40 net=0
2026-08-27 23:34:01.394 NuvioTV[87111:12635317] [HomeScrollProbe] title row=app.xperience.21e577a3-adc1-47c4-a75b-34493a8dab94:series:recs_series_for_you margin=514 slide=0 net=514
2026-08-27 23:34:01.409 NuvioTV[87111:12635317] [HomeScrollProbe] pinned-hero y=1332 inset=0 residual=1332
2026-08-27 23:34:01.409 NuvioTV[87111:12635317] [HomeScrollProbe] title row=app.xperience.21e577a3-adc1-47c4-a75b-34493a8dab94:movie:recs_movies_for_you margin=-34 slide=34 net=0
2026-08-27 23:34:01.409 NuvioTV[87111:12635317] [HomeScrollProbe] title row=app.xperience.21e577a3-adc1-47c4-a75b-34493a8dab94:series:recs_series_for_you margin=520 slide=0 net=520
2026-08-27 23:34:01.426 NuvioTV[87111:12635317] [HomeScrollProbe] pinned-hero y=1326 inset=0 residual=1326
2026-08-27 23:34:01.426 NuvioTV[87111:12635317] [HomeScrollProbe] title row=app.xperience.21e577a3-adc1-47c4-a75b-34493a8dab94:movie:recs_movies_for_you margin=-30 slide=30 net=0
2026-08-27 23:34:01.426 NuvioTV[87111:12635317] [HomeScrollProbe] title row=app.xperience.21e577a3-adc1-47c4-a75b-34493a8dab94:series:recs_series_for_you margin=524 slide=0 net=524
2026-08-27 23:34:01.443 NuvioTV[87111:12635317] [HomeScrollProbe] pinned-hero y=1321 inset=0 residual=1321
2026-08-27 23:34:01.443 NuvioTV[87111:12635317] [HomeScrollProbe] title row=app.xperience.21e577a3-adc1-47c4-a75b-34493a8dab94:movie:recs_movies_for_you margin=-24 slide=24 net=0
2026-08-27 23:34:01.443 NuvioTV[87111:12635317] [HomeScrollProbe] title row=app.xperience.21e577a3-adc1-47c4-a75b-34493a8dab94:series:recs_series_for_you margin=530 slide=0 net=530
2026-08-27 23:34:01.459 NuvioTV[87111:12635317] [HomeScrollProbe] pinned-hero y=1317 inset=0 residual=1317
2026-08-27 23:34:01.459 NuvioTV[87111:12635317] [HomeScrollProbe] title row=app.xperience.21e577a3-adc1-47c4-a75b-34493a8dab94:movie:recs_movies_for_you margin=-20 slide=20 net=0
2026-08-27 23:34:01.459 NuvioTV[87111:12635317] [HomeScrollProbe] title row=app.xperience.21e577a3-adc1-47c4-a75b-34493a8dab94:series:recs_series_for_you margin=534 slide=0 net=534
2026-08-27 23:34:01.476 NuvioTV[87111:12635317] [HomeScrollProbe] pinned-hero y=1313 inset=0 residual=1313
2026-08-27 23:34:01.476 NuvioTV[87111:12635317] [HomeScrollProbe] title row=app.xperience.21e577a3-adc1-47c4-a75b-34493a8dab94:movie:recs_movies_for_you margin=-16 slide=16 net=0
2026-08-27 23:34:01.477 NuvioTV[87111:12635317] [HomeScrollProbe] title row=app.xperience.21e577a3-adc1-47c4-a75b-34493a8dab94:series:recs_series_for_you margin=538 slide=0 net=538
2026-08-27 23:34:01.493 NuvioTV[87111:12635317] [HomeScrollProbe] pinned-hero y=1310 inset=0 residual=1310
2026-08-27 23:34:01.493 NuvioTV[87111:12635317] [HomeScrollProbe] title row=app.xperience.21e577a3-adc1-47c4-a75b-34493a8dab94:movie:recs_movies_for_you margin=-12 slide=12 net=0
2026-08-27 23:34:01.493 NuvioTV[87111:12635317] [HomeScrollProbe] title row=app.xperience.21e577a3-adc1-47c4-a75b-34493a8dab94:series:recs_series_for_you margin=542 slide=0 net=542
2026-08-27 23:34:01.509 NuvioTV[87111:12635317] [HomeScrollProbe] pinned-hero y=1306 inset=0 residual=1306
2026-08-27 23:34:01.509 NuvioTV[87111:12635317] [HomeScrollProbe] title row=app.xperience.21e577a3-adc1-47c4-a75b-34493a8dab94:movie:recs_movies_for_you margin=-10 slide=10 net=0
2026-08-27 23:34:01.509 NuvioTV[87111:12635317] [HomeScrollProbe] title row=app.xperience.21e577a3-adc1-47c4-a75b-34493a8dab94:series:recs_series_for_you margin=544 slide=0 net=544
2026-08-27 23:34:01.543 NuvioTV[87111:12635317] [HomeScrollProbe] pinned-hero y=1301 inset=0 residual=1301
2026-08-27 23:34:01.543 NuvioTV[87111:12635317] [HomeScrollProbe] title row=app.xperience.21e577a3-adc1-47c4-a75b-34493a8dab94:movie:recs_movies_for_you margin=-4 slide=4 net=0
2026-08-27 23:34:01.543 NuvioTV[87111:12635317] [HomeScrollProbe] title row=app.xperience.21e577a3-adc1-47c4-a75b-34493a8dab94:series:recs_series_for_you margin=550 slide=0 net=550
2026-08-27 23:34:01.559 NuvioTV[87111:12635317] [HomeScrollProbe] pinned-hero y=1299 inset=0 residual=1299
2026-08-27 23:34:01.559 NuvioTV[87111:12635317] [HomeScrollProbe] title row=app.xperience.21e577a3-adc1-47c4-a75b-34493a8dab94:movie:recs_movies_for_you margin=-2 slide=2 net=0
2026-08-27 23:34:01.559 NuvioTV[87111:12635317] [HomeScrollProbe] title row=app.xperience.21e577a3-adc1-47c4-a75b-34493a8dab94:series:recs_series_for_you margin=552 slide=0 net=552
2026-08-27 23:34:01.576 NuvioTV[87111:12635317] [HomeScrollProbe] pinned-hero y=1297 inset=0 residual=1297
2026-08-27 23:34:01.576 NuvioTV[87111:12635317] [HomeScrollProbe] title row=app.xperience.21e577a3-adc1-47c4-a75b-34493a8dab94:movie:recs_movies_for_you margin=0 slide=0 net=0
2026-08-27 23:34:01.576 NuvioTV[87111:12635317] [HomeScrollProbe] title row=app.xperience.21e577a3-adc1-47c4-a75b-34493a8dab94:series:recs_series_for_you margin=554 slide=0 net=554
2026-08-27 23:34:01.592 NuvioTV[87111:12635317] [HomeScrollProbe] pinned-hero y=1295 inset=0 residual=1295
2026-08-27 23:34:01.592 NuvioTV[87111:12635317] [HomeScrollProbe] title row=app.xperience.21e577a3-adc1-47c4-a75b-34493a8dab94:movie:recs_movies_for_you margin=2 slide=0 net=2
2026-08-27 23:34:01.592 NuvioTV[87111:12635317] [HomeScrollProbe] title row=app.xperience.21e577a3-adc1-47c4-a75b-34493a8dab94:series:recs_series_for_you margin=556 slide=0 net=556
2026-08-27 23:34:01.609 NuvioTV[87111:12635317] [HomeScrollProbe] pinned-hero y=1293 inset=0 residual=1293
2026-08-27 23:34:01.610 NuvioTV[87111:12635317] [HomeScrollProbe] title row=app.xperience.21e577a3-adc1-47c4-a75b-34493a8dab94:movie:recs_movies_for_you margin=4 slide=0 net=4
2026-08-27 23:34:01.610 NuvioTV[87111:12635317] [HomeScrollProbe] title row=app.xperience.21e577a3-adc1-47c4-a75b-34493a8dab94:series:recs_series_for_you margin=558 slide=0 net=558
2026-08-27 23:34:01.626 NuvioTV[87111:12635317] [HomeScrollProbe] pinned-hero y=1292 inset=0 residual=1292
2026-08-27 23:34:01.626 NuvioTV[87111:12635317] [HomeScrollProbe] title row=app.xperience.21e577a3-adc1-47c4-a75b-34493a8dab94:movie:recs_movies_for_you margin=6 slide=0 net=6
2026-08-27 23:34:01.626 NuvioTV[87111:12635317] [HomeScrollProbe] title row=app.xperience.21e577a3-adc1-47c4-a75b-34493a8dab94:series:recs_series_for_you margin=560 slide=0 net=560
2026-08-27 23:34:01.642 NuvioTV[87111:12635317] [HomeScrollProbe] pinned-hero y=1290 inset=0 residual=1290
2026-08-27 23:34:01.642 NuvioTV[87111:12635317] [HomeScrollProbe] title row=app.xperience.21e577a3-adc1-47c4-a75b-34493a8dab94:movie:recs_movies_for_you margin=8 slide=0 net=8
2026-08-27 23:34:01.659 NuvioTV[87111:12635317] [HomeScrollProbe] pinned-hero y=1289 inset=0 residual=1289
2026-08-27 23:34:01.659 NuvioTV[87111:12635317] [HomeScrollProbe] title row=app.xperience.21e577a3-adc1-47c4-a75b-34493a8dab94:series:recs_series_for_you margin=562 slide=0 net=562
2026-08-27 23:34:01.675 NuvioTV[87111:12635317] [HomeScrollProbe] pinned-hero y=1288 inset=0 residual=1288
2026-08-27 23:34:01.676 NuvioTV[87111:12635317] [HomeScrollProbe] title row=app.xperience.21e577a3-adc1-47c4-a75b-34493a8dab94:movie:recs_movies_for_you margin=10 slide=0 net=10
2026-08-27 23:34:01.676 NuvioTV[87111:12635317] [HomeScrollProbe] title row=app.xperience.21e577a3-adc1-47c4-a75b-34493a8dab94:series:recs_series_for_you margin=564 slide=0 net=564
2026-08-27 23:34:01.692 NuvioTV[87111:12635317] [HomeScrollProbe] pinned-hero y=1287 inset=0 residual=1287
2026-08-27 23:34:01.708 NuvioTV[87111:12635317] [HomeScrollProbe] pinned-hero y=1286 inset=0 residual=1286
2026-08-27 23:34:01.708 NuvioTV[87111:12635317] [HomeScrollProbe] title row=app.xperience.21e577a3-adc1-47c4-a75b-34493a8dab94:movie:recs_movies_for_you margin=12 slide=0 net=12
2026-08-27 23:34:01.725 NuvioTV[87111:12635317] [HomeScrollProbe] pinned-hero y=1285 inset=0 residual=1285
2026-08-27 23:34:01.741 NuvioTV[87111:12635317] [HomeScrollProbe] pinned-hero y=1284 inset=0 residual=1284
2026-08-27 23:34:01.742 NuvioTV[87111:12635317] [HomeScrollProbe] title row=app.xperience.21e577a3-adc1-47c4-a75b-34493a8dab94:movie:recs_movies_for_you margin=14 slide=0 net=14
2026-08-27 23:34:01.775 NuvioTV[87111:12635317] [HomeScrollProbe] pinned-hero y=1283 inset=0 residual=1283
2026-08-27 23:34:01.807 NuvioTV[87111:12635317] [HomeScrollProbe] pinned-hero y=1282 inset=0 residual=1282
2026-08-27 23:34:01.808 NuvioTV[87111:12635317] [HomeScrollProbe] title row=app.xperience.21e577a3-adc1-47c4-a75b-34493a8dab94:movie:recs_movies_for_you margin=16 slide=0 net=16
2026-08-27 23:34:01.841 NuvioTV[87111:12635317] [HomeScrollProbe] pinned-hero y=1281 inset=0 residual=1281
2026-08-27 23:34:01.891 NuvioTV[87111:12635317] [HomeScrollProbe] pinned-hero y=1280 inset=0 residual=1280
2026-08-27 23:34:01.891 NuvioTV[87111:12635317] [HomeScrollProbe] title row=app.xperience.21e577a3-adc1-47c4-a75b-34493a8dab94:movie:recs_movies_for_you margin=18 slide=0 net=18
2026-08-27 23:34:01.950 NuvioTV[87111:12636623] [TrailerRepack] serving 1920x1080 avc1+mp4a (27+16 segments) at http://127.0.0.1:8230/e3f143d3e620c1b9d964329ccdfaf8c3/master.m3u8
2026-08-27 23:34:01.975 NuvioTV[87111:12635317] [HomeScrollProbe] pinned-hero y=1279 inset=0 residual=1279
2026-08-27 23:34:02.160 NuvioTV[87111:12635317] [HomeScrollProbe] pinned-hero y=1278 inset=0 residual=1278
2026-08-27 23:34:02.160 NuvioTV[87111:12635317] [HomeScrollProbe] title row=app.xperience.21e577a3-adc1-47c4-a75b-34493a8dab94:movie:recs_movies_for_you margin=20 slide=0 net=20
2026-08-27 23:34:02.599 NuvioTV[87111:12635317] [HomeScrollProbe] REST pinned-hero y=1278 inset=0 residual=1278
2026-08-27 23:34:02.604 NuvioTV[87111:12635317] [HomeScrollProbe] pinned-hero y=1268 inset=0 residual=1268
2026-08-27 23:34:02.604 NuvioTV[87111:12635317] [HomeScrollProbe] title row=app.xperience.21e577a3-adc1-47c4-a75b-34493a8dab94:movie:recs_movies_for_you margin=30 slide=0 net=30
2026-08-27 23:34:02.629 NuvioTV[87111:12635317] [HomeScrollProbe] pinned-hero y=1248 inset=0 residual=1248
2026-08-27 23:34:02.630 NuvioTV[87111:12635317] [HomeScrollProbe] title row=58eddeb3-875e-47be-b94c-9e71577dcc88 margin=-340 slide=72 net=-268
2026-08-27 23:34:02.630 NuvioTV[87111:12635317] [HomeScrollProbe] title row=app.xperience.21e577a3-adc1-47c4-a75b-34493a8dab94:movie:recs_movies_for_you margin=50 slide=0 net=50
2026-08-27 23:34:02.644 NuvioTV[87111:12635317] [HomeScrollProbe] pinned-hero y=1218 inset=0 residual=1218
2026-08-27 23:34:02.644 NuvioTV[87111:12635317] [HomeScrollProbe] title row=58eddeb3-875e-47be-b94c-9e71577dcc88 margin=-310 slide=72 net=-238
2026-08-27 23:34:02.644 NuvioTV[87111:12635317] [HomeScrollProbe] title row=app.xperience.21e577a3-adc1-47c4-a75b-34493a8dab94:movie:recs_movies_for_you margin=80 slide=0 net=80
2026-08-27 23:34:02.661 NuvioTV[87111:12635317] [HomeScrollProbe] pinned-hero y=1178 inset=0 residual=1178
2026-08-27 23:34:02.661 NuvioTV[87111:12635317] [HomeScrollProbe] title row=58eddeb3-875e-47be-b94c-9e71577dcc88 margin=-270 slide=72 net=-198
2026-08-27 23:34:02.661 NuvioTV[87111:12635317] [HomeScrollProbe] title row=app.xperience.21e577a3-adc1-47c4-a75b-34493a8dab94:movie:recs_movies_for_you margin=120 slide=0 net=120
2026-08-27 23:34:02.677 NuvioTV[87111:12635317] [HomeScrollProbe] pinned-hero y=1141 inset=0 residual=1141
2026-08-27 23:34:02.677 NuvioTV[87111:12635317] [HomeScrollProbe] title row=58eddeb3-875e-47be-b94c-9e71577dcc88 margin=-232 slide=72 net=-160
2026-08-27 23:34:02.677 NuvioTV[87111:12635317] [HomeScrollProbe] title row=app.xperience.21e577a3-adc1-47c4-a75b-34493a8dab94:movie:recs_movies_for_you margin=156 slide=0 net=156
2026-08-27 23:34:02.694 NuvioTV[87111:12635317] [HomeScrollProbe] pinned-hero y=1105 inset=0 residual=1105
2026-08-27 23:34:02.694 NuvioTV[87111:12635317] [HomeScrollProbe] title row=58eddeb3-875e-47be-b94c-9e71577dcc88 margin=-196 slide=72 net=-124
2026-08-27 23:34:02.694 NuvioTV[87111:12635317] [HomeScrollProbe] title row=app.xperience.21e577a3-adc1-47c4-a75b-34493a8dab94:movie:recs_movies_for_you margin=192 slide=0 net=192
2026-08-27 23:34:02.711 NuvioTV[87111:12635317] [HomeScrollProbe] pinned-hero y=1073 inset=0 residual=1073
2026-08-27 23:34:02.712 NuvioTV[87111:12635317] [HomeScrollProbe] title row=58eddeb3-875e-47be-b94c-9e71577dcc88 margin=-164 slide=72 net=-92
2026-08-27 23:34:02.712 NuvioTV[87111:12635317] [HomeScrollProbe] title row=app.xperience.21e577a3-adc1-47c4-a75b-34493a8dab94:movie:recs_movies_for_you margin=224 slide=0 net=224
2026-08-27 23:34:02.728 NuvioTV[87111:12635317] [HomeScrollProbe] pinned-hero y=1046 inset=0 residual=1046
2026-08-27 23:34:02.728 NuvioTV[87111:12635317] [HomeScrollProbe] title row=58eddeb3-875e-47be-b94c-9e71577dcc88 margin=-136 slide=72 net=-64
2026-08-27 23:34:02.728 NuvioTV[87111:12635317] [HomeScrollProbe] title row=app.xperience.21e577a3-adc1-47c4-a75b-34493a8dab94:movie:recs_movies_for_you margin=252 slide=0 net=252
2026-08-27 23:34:02.744 NuvioTV[87111:12635317] [HomeScrollProbe] pinned-hero y=1021 inset=0 residual=1021
2026-08-27 23:34:02.744 NuvioTV[87111:12635317] [HomeScrollProbe] title row=58eddeb3-875e-47be-b94c-9e71577dcc88 margin=-112 slide=72 net=-40
2026-08-27 23:34:02.744 NuvioTV[87111:12635317] [HomeScrollProbe] title row=app.xperience.21e577a3-adc1-47c4-a75b-34493a8dab94:movie:recs_movies_for_you margin=276 slide=0 net=276
2026-08-27 23:34:02.760 NuvioTV[87111:12635317] [HomeScrollProbe] pinned-hero y=999 inset=0 residual=999
2026-08-27 23:34:02.760 NuvioTV[87111:12635317] [HomeScrollProbe] title row=58eddeb3-875e-47be-b94c-9e71577dcc88 margin=-90 slide=72 net=-18
2026-08-27 23:34:02.760 NuvioTV[87111:12635317] [HomeScrollProbe] title row=app.xperience.21e577a3-adc1-47c4-a75b-34493a8dab94:movie:recs_movies_for_you margin=298 slide=0 net=298
2026-08-27 23:34:02.777 NuvioTV[87111:12635317] [HomeScrollProbe] pinned-hero y=980 inset=0 residual=980
2026-08-27 23:34:02.778 NuvioTV[87111:12635317] [HomeScrollProbe] title row=58eddeb3-875e-47be-b94c-9e71577dcc88 margin=-70 slide=70 net=0
2026-08-27 23:34:02.778 NuvioTV[87111:12635317] [HomeScrollProbe] title row=app.xperience.21e577a3-adc1-47c4-a75b-34493a8dab94:movie:recs_movies_for_you margin=318 slide=0 net=318
2026-08-27 23:34:02.793 NuvioTV[87111:12635317] [HomeScrollProbe] pinned-hero y=963 inset=0 residual=963
2026-08-27 23:34:02.793 NuvioTV[87111:12635317] [HomeScrollProbe] title row=58eddeb3-875e-47be-b94c-9e71577dcc88 margin=-54 slide=54 net=0
2026-08-27 23:34:02.793 NuvioTV[87111:12635317] [HomeScrollProbe] title row=app.xperience.21e577a3-adc1-47c4-a75b-34493a8dab94:movie:recs_movies_for_you margin=334 slide=0 net=334
2026-08-27 23:34:02.810 NuvioTV[87111:12635317] [HomeScrollProbe] pinned-hero y=947 inset=0 residual=947
2026-08-27 23:34:02.810 NuvioTV[87111:12635317] [HomeScrollProbe] title row=58eddeb3-875e-47be-b94c-9e71577dcc88 margin=-38 slide=38 net=0
2026-08-27 23:34:02.810 NuvioTV[87111:12635317] [HomeScrollProbe] title row=app.xperience.21e577a3-adc1-47c4-a75b-34493a8dab94:movie:recs_movies_for_you margin=350 slide=0 net=350
2026-08-27 23:34:02.825 NuvioTV[87111:12635317] [HomeScrollProbe] pinned-hero y=933 inset=0 residual=933
2026-08-27 23:34:02.825 NuvioTV[87111:12635317] [HomeScrollProbe] title row=58eddeb3-875e-47be-b94c-9e71577dcc88 margin=-24 slide=24 net=0
2026-08-27 23:34:02.825 NuvioTV[87111:12635317] [HomeScrollProbe] title row=app.xperience.21e577a3-adc1-47c4-a75b-34493a8dab94:movie:recs_movies_for_you margin=364 slide=0 net=364
2026-08-27 23:34:02.842 NuvioTV[87111:12635317] [HomeScrollProbe] pinned-hero y=920 inset=0 residual=920
2026-08-27 23:34:02.842 NuvioTV[87111:12635317] [HomeScrollProbe] title row=58eddeb3-875e-47be-b94c-9e71577dcc88 margin=-10 slide=10 net=0
2026-08-27 23:34:02.842 NuvioTV[87111:12635317] [HomeScrollProbe] title row=app.xperience.21e577a3-adc1-47c4-a75b-34493a8dab94:movie:recs_movies_for_you margin=378 slide=0 net=378
2026-08-27 23:34:02.859 NuvioTV[87111:12635317] [HomeScrollProbe] pinned-hero y=908 inset=0 residual=908
2026-08-27 23:34:02.859 NuvioTV[87111:12635317] [HomeScrollProbe] title row=58eddeb3-875e-47be-b94c-9e71577dcc88 margin=2 slide=0 net=2
2026-08-27 23:34:02.859 NuvioTV[87111:12635317] [HomeScrollProbe] title row=app.xperience.21e577a3-adc1-47c4-a75b-34493a8dab94:movie:recs_movies_for_you margin=390 slide=0 net=390
2026-08-27 23:34:02.875 NuvioTV[87111:12635317] [HomeScrollProbe] pinned-hero y=898 inset=0 residual=898
2026-08-27 23:34:02.876 NuvioTV[87111:12635317] [HomeScrollProbe] title row=58eddeb3-875e-47be-b94c-9e71577dcc88 margin=12 slide=0 net=12
2026-08-27 23:34:02.876 NuvioTV[87111:12635317] [HomeScrollProbe] title row=app.xperience.21e577a3-adc1-47c4-a75b-34493a8dab94:movie:recs_movies_for_you margin=400 slide=0 net=400
2026-08-27 23:34:02.904 NuvioTV[87111:12635317] [HomeScrollProbe] pinned-hero y=882 inset=0 residual=882
2026-08-27 23:34:02.904 NuvioTV[87111:12635317] [HomeScrollProbe] title row=58eddeb3-875e-47be-b94c-9e71577dcc88 margin=28 slide=0 net=28
2026-08-27 23:34:02.904 NuvioTV[87111:12635317] [HomeScrollProbe] title row=app.xperience.21e577a3-adc1-47c4-a75b-34493a8dab94:movie:recs_movies_for_you margin=416 slide=0 net=416
2026-08-27 23:34:02.908 NuvioTV[87111:12635317] [HomeScrollProbe] pinned-hero y=880 inset=0 residual=880
2026-08-27 23:34:02.908 NuvioTV[87111:12635317] [HomeScrollProbe] title row=58eddeb3-875e-47be-b94c-9e71577dcc88 margin=30 slide=0 net=30
2026-08-27 23:34:02.908 NuvioTV[87111:12635317] [HomeScrollProbe] title row=app.xperience.21e577a3-adc1-47c4-a75b-34493a8dab94:movie:recs_movies_for_you margin=418 slide=0 net=418
2026-08-27 23:34:02.925 NuvioTV[87111:12635317] [HomeScrollProbe] pinned-hero y=872 inset=0 residual=872
2026-08-27 23:34:02.925 NuvioTV[87111:12635317] [HomeScrollProbe] title row=58eddeb3-875e-47be-b94c-9e71577dcc88 margin=38 slide=0 net=38
2026-08-27 23:34:02.925 NuvioTV[87111:12635317] [HomeScrollProbe] title row=app.xperience.21e577a3-adc1-47c4-a75b-34493a8dab94:movie:recs_movies_for_you margin=426 slide=0 net=426
2026-08-27 23:34:02.960 NuvioTV[87111:12635317] [HomeScrollProbe] pinned-hero y=858 inset=0 residual=858
2026-08-27 23:34:02.960 NuvioTV[87111:12635317] [HomeScrollProbe] title row=upcoming margin=-376 slide=72 net=-304
2026-08-27 23:34:02.960 NuvioTV[87111:12635317] [HomeScrollProbe] title row=58eddeb3-875e-47be-b94c-9e71577dcc88 margin=52 slide=0 net=52
2026-08-27 23:34:02.961 NuvioTV[87111:12635317] [HomeScrollProbe] title row=app.xperience.21e577a3-adc1-47c4-a75b-34493a8dab94:movie:recs_movies_for_you margin=440 slide=0 net=440
2026-08-27 23:34:02.976 NuvioTV[87111:12635317] [HomeScrollProbe] pinned-hero y=853 inset=0 residual=853
2026-08-27 23:34:02.976 NuvioTV[87111:12635317] [HomeScrollProbe] title row=upcoming margin=-370 slide=72 net=-298
2026-08-27 23:34:02.976 NuvioTV[87111:12635317] [HomeScrollProbe] title row=58eddeb3-875e-47be-b94c-9e71577dcc88 margin=56 slide=0 net=56
2026-08-27 23:34:02.976 NuvioTV[87111:12635317] [HomeScrollProbe] title row=app.xperience.21e577a3-adc1-47c4-a75b-34493a8dab94:movie:recs_movies_for_you margin=444 slide=0 net=444
2026-08-27 23:34:02.993 NuvioTV[87111:12635317] [HomeScrollProbe] pinned-hero y=848 inset=0 residual=848
2026-08-27 23:34:02.993 NuvioTV[87111:12635317] [HomeScrollProbe] title row=upcoming margin=-366 slide=72 net=-294
2026-08-27 23:34:02.993 NuvioTV[87111:12635317] [HomeScrollProbe] title row=58eddeb3-875e-47be-b94c-9e71577dcc88 margin=62 slide=0 net=62
2026-08-27 23:34:02.993 NuvioTV[87111:12635317] [HomeScrollProbe] title row=app.xperience.21e577a3-adc1-47c4-a75b-34493a8dab94:movie:recs_movies_for_you margin=450 slide=0 net=450
2026-08-27 23:34:03.009 NuvioTV[87111:12635317] [HomeScrollProbe] pinned-hero y=843 inset=0 residual=843
2026-08-27 23:34:03.009 NuvioTV[87111:12635317] [HomeScrollProbe] title row=upcoming margin=-360 slide=72 net=-288
2026-08-27 23:34:03.009 NuvioTV[87111:12635317] [HomeScrollProbe] title row=58eddeb3-875e-47be-b94c-9e71577dcc88 margin=66 slide=0 net=66
2026-08-27 23:34:03.009 NuvioTV[87111:12635317] [HomeScrollProbe] title row=app.xperience.21e577a3-adc1-47c4-a75b-34493a8dab94:movie:recs_movies_for_you margin=454 slide=0 net=454
2026-08-27 23:34:03.026 NuvioTV[87111:12635317] [HomeScrollProbe] pinned-hero y=839 inset=0 residual=839
2026-08-27 23:34:03.026 NuvioTV[87111:12635317] [HomeScrollProbe] title row=upcoming margin=-356 slide=72 net=-284
2026-08-27 23:34:03.026 NuvioTV[87111:12635317] [HomeScrollProbe] title row=58eddeb3-875e-47be-b94c-9e71577dcc88 margin=70 slide=0 net=70
2026-08-27 23:34:03.026 NuvioTV[87111:12635317] [HomeScrollProbe] title row=app.xperience.21e577a3-adc1-47c4-a75b-34493a8dab94:movie:recs_movies_for_you margin=458 slide=0 net=458
2026-08-27 23:34:03.042 NuvioTV[87111:12635317] [HomeScrollProbe] pinned-hero y=836 inset=0 residual=836
2026-08-27 23:34:03.043 NuvioTV[87111:12635317] [HomeScrollProbe] title row=upcoming margin=-354 slide=72 net=-282
2026-08-27 23:34:03.043 NuvioTV[87111:12635317] [HomeScrollProbe] title row=58eddeb3-875e-47be-b94c-9e71577dcc88 margin=74 slide=0 net=74
2026-08-27 23:34:03.043 NuvioTV[87111:12635317] [HomeScrollProbe] title row=app.xperience.21e577a3-adc1-47c4-a75b-34493a8dab94:movie:recs_movies_for_you margin=462 slide=0 net=462
2026-08-27 23:34:03.059 NuvioTV[87111:12635317] [HomeScrollProbe] pinned-hero y=833 inset=0 residual=833
2026-08-27 23:34:03.059 NuvioTV[87111:12635317] [HomeScrollProbe] title row=upcoming margin=-350 slide=72 net=-278
2026-08-27 23:34:03.059 NuvioTV[87111:12635317] [HomeScrollProbe] title row=58eddeb3-875e-47be-b94c-9e71577dcc88 margin=76 slide=0 net=76
2026-08-27 23:34:03.059 NuvioTV[87111:12635317] [HomeScrollProbe] title row=app.xperience.21e577a3-adc1-47c4-a75b-34493a8dab94:movie:recs_movies_for_you margin=464 slide=0 net=464
2026-08-27 23:34:03.075 NuvioTV[87111:12635317] [HomeScrollProbe] pinned-hero y=830 inset=0 residual=830
2026-08-27 23:34:03.075 NuvioTV[87111:12635317] [HomeScrollProbe] title row=upcoming margin=-348 slide=72 net=-276
2026-08-27 23:34:03.075 NuvioTV[87111:12635317] [HomeScrollProbe] title row=58eddeb3-875e-47be-b94c-9e71577dcc88 margin=80 slide=0 net=80
2026-08-27 23:34:03.075 NuvioTV[87111:12635317] [HomeScrollProbe] title row=app.xperience.21e577a3-adc1-47c4-a75b-34493a8dab94:movie:recs_movies_for_you margin=468 slide=0 net=468
2026-08-27 23:34:03.092 NuvioTV[87111:12635317] [HomeScrollProbe] pinned-hero y=827 inset=0 residual=827
2026-08-27 23:34:03.092 NuvioTV[87111:12635317] [HomeScrollProbe] title row=upcoming margin=-344 slide=72 net=-272
2026-08-27 23:34:03.092 NuvioTV[87111:12635317] [HomeScrollProbe] title row=58eddeb3-875e-47be-b94c-9e71577dcc88 margin=82 slide=0 net=82
2026-08-27 23:34:03.092 NuvioTV[87111:12635317] [HomeScrollProbe] title row=app.xperience.21e577a3-adc1-47c4-a75b-34493a8dab94:movie:recs_movies_for_you margin=470 slide=0 net=470
2026-08-27 23:34:03.109 NuvioTV[87111:12635317] [HomeScrollProbe] pinned-hero y=825 inset=0 residual=825
2026-08-27 23:34:03.109 NuvioTV[87111:12635317] [HomeScrollProbe] title row=upcoming margin=-342 slide=72 net=-270
2026-08-27 23:34:03.109 NuvioTV[87111:12635317] [HomeScrollProbe] title row=58eddeb3-875e-47be-b94c-9e71577dcc88 margin=84 slide=0 net=84
2026-08-27 23:34:03.109 NuvioTV[87111:12635317] [HomeScrollProbe] title row=app.xperience.21e577a3-adc1-47c4-a75b-34493a8dab94:movie:recs_movies_for_you margin=472 slide=0 net=472
2026-08-27 23:34:03.125 NuvioTV[87111:12635317] [HomeScrollProbe] pinned-hero y=823 inset=0 residual=823
2026-08-27 23:34:03.125 NuvioTV[87111:12635317] [HomeScrollProbe] title row=upcoming margin=-340 slide=72 net=-268
2026-08-27 23:34:03.126 NuvioTV[87111:12635317] [HomeScrollProbe] title row=58eddeb3-875e-47be-b94c-9e71577dcc88 margin=86 slide=0 net=86
2026-08-27 23:34:03.126 NuvioTV[87111:12635317] [HomeScrollProbe] title row=app.xperience.21e577a3-adc1-47c4-a75b-34493a8dab94:movie:recs_movies_for_you margin=474 slide=0 net=474
2026-08-27 23:34:03.142 NuvioTV[87111:12635317] [HomeScrollProbe] pinned-hero y=821 inset=0 residual=821
2026-08-27 23:34:03.142 NuvioTV[87111:12635317] [HomeScrollProbe] title row=upcoming margin=-338 slide=72 net=-266
2026-08-27 23:34:03.143 NuvioTV[87111:12635317] [HomeScrollProbe] title row=58eddeb3-875e-47be-b94c-9e71577dcc88 margin=88 slide=0 net=88
2026-08-27 23:34:03.143 NuvioTV[87111:12635317] [HomeScrollProbe] title row=app.xperience.21e577a3-adc1-47c4-a75b-34493a8dab94:movie:recs_movies_for_you margin=476 slide=0 net=476
2026-08-27 23:34:03.154 NuvioTV[87111:12636623] [TrailerExtract] client=android_vr NO streamingData (playability=LOGIN_REQUIRED reason=Sign in to confirm you’re not a bot)
2026-08-27 23:34:03.159 NuvioTV[87111:12635317] [HomeScrollProbe] pinned-hero y=819 inset=0 residual=819
2026-08-27 23:34:03.159 NuvioTV[87111:12635317] [HomeScrollProbe] title row=upcoming margin=-336 slide=72 net=-264
2026-08-27 23:34:03.159 NuvioTV[87111:12635317] [HomeScrollProbe] title row=58eddeb3-875e-47be-b94c-9e71577dcc88 margin=90 slide=0 net=90
2026-08-27 23:34:03.159 NuvioTV[87111:12635317] [HomeScrollProbe] title row=app.xperience.21e577a3-adc1-47c4-a75b-34493a8dab94:movie:recs_movies_for_you margin=478 slide=0 net=478
2026-08-27 23:34:03.175 NuvioTV[87111:12635317] [HomeScrollProbe] pinned-hero y=818 inset=0 residual=818
2026-08-27 23:34:03.175 NuvioTV[87111:12635317] [HomeScrollProbe] title row=58eddeb3-875e-47be-b94c-9e71577dcc88 margin=92 slide=0 net=92
2026-08-27 23:34:03.175 NuvioTV[87111:12635317] [HomeScrollProbe] title row=app.xperience.21e577a3-adc1-47c4-a75b-34493a8dab94:movie:recs_movies_for_you margin=480 slide=0 net=480
2026-08-27 23:34:03.192 NuvioTV[87111:12635317] [HomeScrollProbe] pinned-hero y=816 inset=0 residual=816
2026-08-27 23:34:03.192 NuvioTV[87111:12635317] [HomeScrollProbe] title row=upcoming margin=-334 slide=72 net=-262
2026-08-27 23:34:03.193 NuvioTV[87111:12635317] [HomeScrollProbe] title row=58eddeb3-875e-47be-b94c-9e71577dcc88 margin=94 slide=0 net=94
2026-08-27 23:34:03.193 NuvioTV[87111:12635317] [HomeScrollProbe] title row=app.xperience.21e577a3-adc1-47c4-a75b-34493a8dab94:movie:recs_movies_for_you margin=482 slide=0 net=482
2026-08-27 23:34:03.209 NuvioTV[87111:12635317] [HomeScrollProbe] pinned-hero y=815 inset=0 residual=815
2026-08-27 23:34:03.209 NuvioTV[87111:12635317] [HomeScrollProbe] title row=upcoming margin=-332 slide=72 net=-260
2026-08-27 23:34:03.225 NuvioTV[87111:12635317] [HomeScrollProbe] pinned-hero y=814 inset=0 residual=814
2026-08-27 23:34:03.225 NuvioTV[87111:12635317] [HomeScrollProbe] title row=58eddeb3-875e-47be-b94c-9e71577dcc88 margin=96 slide=0 net=96
2026-08-27 23:34:03.226 NuvioTV[87111:12635317] [HomeScrollProbe] title row=app.xperience.21e577a3-adc1-47c4-a75b-34493a8dab94:movie:recs_movies_for_you margin=484 slide=0 net=484
2026-08-27 23:34:03.242 NuvioTV[87111:12635317] [HomeScrollProbe] pinned-hero y=813 inset=0 residual=813
2026-08-27 23:34:03.242 NuvioTV[87111:12635317] [HomeScrollProbe] title row=upcoming margin=-330 slide=72 net=-258
2026-08-27 23:34:03.259 NuvioTV[87111:12635317] [HomeScrollProbe] pinned-hero y=812 inset=0 residual=812
2026-08-27 23:34:03.259 NuvioTV[87111:12635317] [HomeScrollProbe] title row=58eddeb3-875e-47be-b94c-9e71577dcc88 margin=98 slide=0 net=98
2026-08-27 23:34:03.259 NuvioTV[87111:12635317] [HomeScrollProbe] title row=app.xperience.21e577a3-adc1-47c4-a75b-34493a8dab94:movie:recs_movies_for_you margin=486 slide=0 net=486
2026-08-27 23:34:03.275 NuvioTV[87111:12635317] [HomeScrollProbe] pinned-hero y=811 inset=0 residual=811
2026-08-27 23:34:03.275 NuvioTV[87111:12635317] [HomeScrollProbe] title row=upcoming margin=-328 slide=72 net=-256
2026-08-27 23:34:03.287 NuvioTV[87111:12636626] [TrailerExtract] client=android video=sNMyooXZZTM hls=false formats=1 adaptive=25 sdKeys=expiresInSeconds,formats,adaptiveFormats,serverAbrStreamingUrl,metadataFormats
2026-08-27 23:34:03.292 NuvioTV[87111:12635317] [HomeScrollProbe] pinned-hero y=810 inset=0 residual=810
2026-08-27 23:34:03.293 NuvioTV[87111:12635317] [HomeScrollProbe] title row=58eddeb3-875e-47be-b94c-9e71577dcc88 margin=100 slide=0 net=100
2026-08-27 23:34:03.293 NuvioTV[87111:12635317] [HomeScrollProbe] title row=app.xperience.21e577a3-adc1-47c4-a75b-34493a8dab94:movie:recs_movies_for_you margin=488 slide=0 net=488
2026-08-27 23:34:03.325 NuvioTV[87111:12635317] [HomeScrollProbe] pinned-hero y=809 inset=0 residual=809
2026-08-27 23:34:03.325 NuvioTV[87111:12635317] [HomeScrollProbe] title row=upcoming margin=-326 slide=72 net=-254
2026-08-27 23:34:03.359 NuvioTV[87111:12635317] [HomeScrollProbe] pinned-hero y=808 inset=0 residual=808
2026-08-27 23:34:03.359 NuvioTV[87111:12635317] [HomeScrollProbe] title row=58eddeb3-875e-47be-b94c-9e71577dcc88 margin=102 slide=0 net=102
2026-08-27 23:34:03.359 NuvioTV[87111:12635317] [HomeScrollProbe] title row=app.xperience.21e577a3-adc1-47c4-a75b-34493a8dab94:movie:recs_movies_for_you margin=490 slide=0 net=490
2026-08-27 23:34:03.392 NuvioTV[87111:12635317] [HomeScrollProbe] pinned-hero y=807 inset=0 residual=807
2026-08-27 23:34:03.392 NuvioTV[87111:12635317] [HomeScrollProbe] title row=upcoming margin=-324 slide=72 net=-252
2026-08-27 23:34:03.410 NuvioTV[87111:12636001] [TrailerExtract] client=ios video=sNMyooXZZTM hls=false formats=0 adaptive=23 sdKeys=expiresInSeconds,adaptiveFormats,aspectRatio,serverAbrStreamingUrl,metadataFormats
2026-08-27 23:34:03.412 NuvioTV[87111:12636001] [TrailerExtract] selection: manifest=none progressive=360 (manifests collected=0)
2026-08-27 23:34:03.412 NuvioTV[87111:12636001] [TrailerExtract] repack candidates: avcVideo=1080p avc1.640028 (android) m4aAudio=mp4a.40.2 (android)
2026-08-27 23:34:03.442 NuvioTV[87111:12635317] [HomeScrollProbe] pinned-hero y=806 inset=0 residual=806
2026-08-27 23:34:03.442 NuvioTV[87111:12635317] [HomeScrollProbe] title row=58eddeb3-875e-47be-b94c-9e71577dcc88 margin=104 slide=0 net=104
2026-08-27 23:34:03.442 NuvioTV[87111:12635317] [HomeScrollProbe] title row=app.xperience.21e577a3-adc1-47c4-a75b-34493a8dab94:movie:recs_movies_for_you margin=492 slide=0 net=492
2026-08-27 23:34:03.509 NuvioTV[87111:12635317] [HomeScrollProbe] pinned-hero y=805 inset=0 residual=805
2026-08-27 23:34:03.509 NuvioTV[87111:12635317] [HomeScrollProbe] title row=upcoming margin=-322 slide=72 net=-250
2026-08-27 23:34:03.642 NuvioTV[87111:12635317] [HomeScrollProbe] pinned-hero y=804 inset=0 residual=804
2026-08-27 23:34:03.642 NuvioTV[87111:12635317] [HomeScrollProbe] title row=58eddeb3-875e-47be-b94c-9e71577dcc88 margin=106 slide=0 net=106
2026-08-27 23:34:03.642 NuvioTV[87111:12635317] [HomeScrollProbe] title row=app.xperience.21e577a3-adc1-47c4-a75b-34493a8dab94:movie:recs_movies_for_you margin=494 slide=0 net=494
2026-08-27 23:34:04.029 NuvioTV[87111:12636001] [TrailerExtract] repack decision: avc=1080p vs progressive=360p -> ELIGIBLE
2026-08-27 23:34:04.061 NuvioTV[87111:12635317] [HomeScrollProbe] REST pinned-hero y=804 inset=0 residual=804
2026-08-27 23:34:04.209 NuvioTV[87111:12635317] [HomeScrollProbe] pinned-hero y=794 inset=0 residual=794
2026-08-27 23:34:04.209 NuvioTV[87111:12635317] [HomeScrollProbe] title row=upcoming margin=-312 slide=72 net=-240
2026-08-27 23:34:04.209 NuvioTV[87111:12635317] [HomeScrollProbe] title row=58eddeb3-875e-47be-b94c-9e71577dcc88 margin=116 slide=0 net=116
2026-08-27 23:34:04.209 NuvioTV[87111:12635317] [HomeScrollProbe] title row=app.xperience.21e577a3-adc1-47c4-a75b-34493a8dab94:movie:recs_movies_for_you margin=504 slide=0 net=504
2026-08-27 23:34:04.225 NuvioTV[87111:12635317] [HomeScrollProbe] pinned-hero y=774 inset=0 residual=774
2026-08-27 23:34:04.225 NuvioTV[87111:12635317] [HomeScrollProbe] title row=upcoming margin=-292 slide=72 net=-220
2026-08-27 23:34:04.225 NuvioTV[87111:12635317] [HomeScrollProbe] title row=58eddeb3-875e-47be-b94c-9e71577dcc88 margin=136 slide=0 net=136
2026-08-27 23:34:04.225 NuvioTV[87111:12635317] [HomeScrollProbe] title row=app.xperience.21e577a3-adc1-47c4-a75b-34493a8dab94:movie:recs_movies_for_you margin=524 slide=0 net=524
2026-08-27 23:34:04.242 NuvioTV[87111:12635317] [HomeScrollProbe] pinned-hero y=744 inset=0 residual=744
2026-08-27 23:34:04.242 NuvioTV[87111:12635317] [HomeScrollProbe] title row=upcoming margin=-262 slide=72 net=-190
2026-08-27 23:34:04.242 NuvioTV[87111:12635317] [HomeScrollProbe] title row=58eddeb3-875e-47be-b94c-9e71577dcc88 margin=166 slide=0 net=166
2026-08-27 23:34:04.242 NuvioTV[87111:12635317] [HomeScrollProbe] title row=app.xperience.21e577a3-adc1-47c4-a75b-34493a8dab94:movie:recs_movies_for_you margin=554 slide=0 net=554
2026-08-27 23:34:04.258 NuvioTV[87111:12635317] [HomeScrollProbe] pinned-hero y=708 inset=0 residual=708
2026-08-27 23:34:04.258 NuvioTV[87111:12635317] [HomeScrollProbe] title row=58eddeb3-875e-47be-b94c-9e71577dcc88 margin=202 slide=0 net=202
2026-08-27 23:34:04.258 NuvioTV[87111:12635317] [HomeScrollProbe] title row=upcoming margin=-226 slide=72 net=-154
2026-08-27 23:34:04.275 NuvioTV[87111:12635317] [HomeScrollProbe] pinned-hero y=676 inset=0 residual=676
2026-08-27 23:34:04.275 NuvioTV[87111:12635317] [HomeScrollProbe] title row=58eddeb3-875e-47be-b94c-9e71577dcc88 margin=234 slide=0 net=234
2026-08-27 23:34:04.275 NuvioTV[87111:12635317] [HomeScrollProbe] title row=upcoming margin=-194 slide=72 net=-122
2026-08-27 23:34:04.291 NuvioTV[87111:12635317] [HomeScrollProbe] pinned-hero y=648 inset=0 residual=648
2026-08-27 23:34:04.291 NuvioTV[87111:12635317] [HomeScrollProbe] title row=58eddeb3-875e-47be-b94c-9e71577dcc88 margin=262 slide=0 net=262
2026-08-27 23:34:04.291 NuvioTV[87111:12635317] [HomeScrollProbe] title row=upcoming margin=-166 slide=72 net=-94
2026-08-27 23:34:04.308 NuvioTV[87111:12635317] [HomeScrollProbe] pinned-hero y=622 inset=0 residual=622
2026-08-27 23:34:04.308 NuvioTV[87111:12635317] [HomeScrollProbe] title row=58eddeb3-875e-47be-b94c-9e71577dcc88 margin=288 slide=0 net=288
2026-08-27 23:34:04.308 NuvioTV[87111:12635317] [HomeScrollProbe] title row=upcoming margin=-140 slide=72 net=-68
2026-08-27 23:34:04.325 NuvioTV[87111:12635317] [HomeScrollProbe] pinned-hero y=598 inset=0 residual=598
2026-08-27 23:34:04.325 NuvioTV[87111:12635317] [HomeScrollProbe] title row=58eddeb3-875e-47be-b94c-9e71577dcc88 margin=312 slide=0 net=312
2026-08-27 23:34:04.325 NuvioTV[87111:12635317] [HomeScrollProbe] title row=upcoming margin=-116 slide=72 net=-44
2026-08-27 23:34:04.341 NuvioTV[87111:12635317] [HomeScrollProbe] pinned-hero y=578 inset=0 residual=578
2026-08-27 23:34:04.341 NuvioTV[87111:12635317] [HomeScrollProbe] title row=58eddeb3-875e-47be-b94c-9e71577dcc88 margin=332 slide=0 net=332
2026-08-27 23:34:04.341 NuvioTV[87111:12635317] [HomeScrollProbe] title row=upcoming margin=-96 slide=72 net=-24
2026-08-27 23:34:04.358 NuvioTV[87111:12635317] [HomeScrollProbe] pinned-hero y=559 inset=0 residual=559
2026-08-27 23:34:04.358 NuvioTV[87111:12635317] [HomeScrollProbe] title row=58eddeb3-875e-47be-b94c-9e71577dcc88 margin=350 slide=0 net=350
2026-08-27 23:34:04.358 NuvioTV[87111:12635317] [HomeScrollProbe] title row=upcoming margin=-76 slide=72 net=-4
2026-08-27 23:34:04.375 NuvioTV[87111:12635317] [HomeScrollProbe] pinned-hero y=542 inset=0 residual=542
2026-08-27 23:34:04.375 NuvioTV[87111:12635317] [HomeScrollProbe] title row=58eddeb3-875e-47be-b94c-9e71577dcc88 margin=368 slide=0 net=368
2026-08-27 23:34:04.375 NuvioTV[87111:12635317] [HomeScrollProbe] title row=upcoming margin=-60 slide=60 net=0
2026-08-27 23:34:04.391 NuvioTV[87111:12635317] [HomeScrollProbe] pinned-hero y=527 inset=0 residual=527
2026-08-27 23:34:04.391 NuvioTV[87111:12635317] [HomeScrollProbe] title row=58eddeb3-875e-47be-b94c-9e71577dcc88 margin=382 slide=0 net=382
2026-08-27 23:34:04.391 NuvioTV[87111:12635317] [HomeScrollProbe] title row=upcoming margin=-44 slide=44 net=0
2026-08-27 23:34:04.414 NuvioTV[87111:12635317] [HomeScrollProbe] pinned-hero y=507 inset=0 residual=507
2026-08-27 23:34:04.414 NuvioTV[87111:12635317] [HomeScrollProbe] title row=58eddeb3-875e-47be-b94c-9e71577dcc88 margin=402 slide=0 net=402
2026-08-27 23:34:04.414 NuvioTV[87111:12635317] [HomeScrollProbe] title row=upcoming margin=-24 slide=24 net=0
2026-08-27 23:34:04.441 NuvioTV[87111:12635317] [HomeScrollProbe] pinned-hero y=489 inset=0 residual=489
2026-08-27 23:34:04.441 NuvioTV[87111:12635317] [HomeScrollProbe] title row=58eddeb3-875e-47be-b94c-9e71577dcc88 margin=420 slide=0 net=420
2026-08-27 23:34:04.441 NuvioTV[87111:12635317] [HomeScrollProbe] title row=upcoming margin=-6 slide=6 net=0
2026-08-27 23:34:04.459 NuvioTV[87111:12635317] [HomeScrollProbe] pinned-hero y=479 inset=0 residual=479
2026-08-27 23:34:04.459 NuvioTV[87111:12635317] [HomeScrollProbe] title row=58eddeb3-875e-47be-b94c-9e71577dcc88 margin=430 slide=0 net=430
2026-08-27 23:34:04.459 NuvioTV[87111:12635317] [HomeScrollProbe] title row=upcoming margin=4 slide=0 net=4
2026-08-27 23:34:04.475 NuvioTV[87111:12635317] [HomeScrollProbe] pinned-hero y=470 inset=0 residual=470
2026-08-27 23:34:04.475 NuvioTV[87111:12635317] [HomeScrollProbe] title row=58eddeb3-875e-47be-b94c-9e71577dcc88 margin=440 slide=0 net=440
2026-08-27 23:34:04.475 NuvioTV[87111:12635317] [HomeScrollProbe] title row=upcoming margin=12 slide=0 net=12
2026-08-27 23:34:04.491 NuvioTV[87111:12635317] [HomeScrollProbe] pinned-hero y=462 inset=0 residual=462
2026-08-27 23:34:04.491 NuvioTV[87111:12635317] [HomeScrollProbe] title row=58eddeb3-875e-47be-b94c-9e71577dcc88 margin=448 slide=0 net=448
2026-08-27 23:34:04.491 NuvioTV[87111:12635317] [HomeScrollProbe] title row=upcoming margin=20 slide=0 net=20
2026-08-27 23:34:04.507 NuvioTV[87111:12635317] [HomeScrollProbe] pinned-hero y=455 inset=0 residual=455
2026-08-27 23:34:04.508 NuvioTV[87111:12635317] [HomeScrollProbe] title row=58eddeb3-875e-47be-b94c-9e71577dcc88 margin=454 slide=0 net=454
2026-08-27 23:34:04.508 NuvioTV[87111:12635317] [HomeScrollProbe] title row=upcoming margin=28 slide=0 net=28
2026-08-27 23:34:04.525 NuvioTV[87111:12635317] [HomeScrollProbe] pinned-hero y=448 inset=0 residual=448
2026-08-27 23:34:04.525 NuvioTV[87111:12635317] [HomeScrollProbe] title row=58eddeb3-875e-47be-b94c-9e71577dcc88 margin=462 slide=0 net=462
2026-08-27 23:34:04.525 NuvioTV[87111:12635317] [HomeScrollProbe] title row=upcoming margin=34 slide=0 net=34
2026-08-27 23:34:04.542 NuvioTV[87111:12635317] [HomeScrollProbe] pinned-hero y=443 inset=0 residual=443
2026-08-27 23:34:04.542 NuvioTV[87111:12635317] [HomeScrollProbe] title row=58eddeb3-875e-47be-b94c-9e71577dcc88 margin=466 slide=0 net=466
2026-08-27 23:34:04.542 NuvioTV[87111:12635317] [HomeScrollProbe] title row=upcoming margin=40 slide=0 net=40
2026-08-27 23:34:04.558 NuvioTV[87111:12635317] [HomeScrollProbe] pinned-hero y=437 inset=0 residual=437
2026-08-27 23:34:04.559 NuvioTV[87111:12635317] [HomeScrollProbe] title row=58eddeb3-875e-47be-b94c-9e71577dcc88 margin=472 slide=0 net=472
2026-08-27 23:34:04.559 NuvioTV[87111:12635317] [HomeScrollProbe] title row=upcoming margin=46 slide=0 net=46
2026-08-27 23:34:04.579 NuvioTV[87111:12635317] [HomeScrollProbe] pinned-hero y=433 inset=0 residual=433
2026-08-27 23:34:04.580 NuvioTV[87111:12635317] [HomeScrollProbe] title row=continue-watching margin=-376 slide=72 net=-304
2026-08-27 23:34:04.580 NuvioTV[87111:12635317] [HomeScrollProbe] title row=58eddeb3-875e-47be-b94c-9e71577dcc88 margin=476 slide=0 net=476
2026-08-27 23:34:04.580 NuvioTV[87111:12635317] [HomeScrollProbe] title row=upcoming margin=50 slide=0 net=50
2026-08-27 23:34:04.592 NuvioTV[87111:12635317] [HomeScrollProbe] pinned-hero y=428 inset=0 residual=428
2026-08-27 23:34:04.592 NuvioTV[87111:12635317] [HomeScrollProbe] title row=continue-watching margin=-372 slide=72 net=-300
2026-08-27 23:34:04.592 NuvioTV[87111:12635317] [HomeScrollProbe] title row=58eddeb3-875e-47be-b94c-9e71577dcc88 margin=482 slide=0 net=482
2026-08-27 23:34:04.592 NuvioTV[87111:12635317] [HomeScrollProbe] title row=upcoming margin=54 slide=0 net=54
2026-08-27 23:34:04.605 NuvioTV[87111:12635359] [TrailerRepack] serving 1920x1080 avc1+mp4a (32+17 segments) at http://127.0.0.1:8230/eb7982d3f037b5eec9026b270cb52005/master.m3u8
2026-08-27 23:34:04.610 NuvioTV[87111:12635317] [HomeScrollProbe] pinned-hero y=424 inset=0 residual=424
2026-08-27 23:34:04.610 NuvioTV[87111:12635317] [HomeScrollProbe] title row=continue-watching margin=-368 slide=72 net=-296
2026-08-27 23:34:04.610 NuvioTV[87111:12635317] [HomeScrollProbe] title row=58eddeb3-875e-47be-b94c-9e71577dcc88 margin=486 slide=0 net=486
2026-08-27 23:34:04.610 NuvioTV[87111:12635317] [HomeScrollProbe] title row=upcoming margin=58 slide=0 net=58
2026-08-27 23:34:04.626 NuvioTV[87111:12635317] [HomeScrollProbe] pinned-hero y=421 inset=0 residual=421
2026-08-27 23:34:04.627 NuvioTV[87111:12635317] [HomeScrollProbe] title row=continue-watching margin=-364 slide=72 net=-292
2026-08-27 23:34:04.627 NuvioTV[87111:12635317] [HomeScrollProbe] title row=58eddeb3-875e-47be-b94c-9e71577dcc88 margin=488 slide=0 net=488
2026-08-27 23:34:04.627 NuvioTV[87111:12635317] [HomeScrollProbe] title row=upcoming margin=62 slide=0 net=62
2026-08-27 23:34:04.643 NuvioTV[87111:12635317] [HomeScrollProbe] pinned-hero y=418 inset=0 residual=418
2026-08-27 23:34:04.643 NuvioTV[87111:12635317] [HomeScrollProbe] title row=continue-watching margin=-362 slide=72 net=-290
2026-08-27 23:34:04.643 NuvioTV[87111:12635317] [HomeScrollProbe] title row=58eddeb3-875e-47be-b94c-9e71577dcc88 margin=492 slide=0 net=492
2026-08-27 23:34:04.643 NuvioTV[87111:12635317] [HomeScrollProbe] title row=upcoming margin=66 slide=0 net=66
2026-08-27 23:34:04.659 NuvioTV[87111:12635317] [HomeScrollProbe] pinned-hero y=415 inset=0 residual=415
2026-08-27 23:34:04.659 NuvioTV[87111:12635317] [HomeScrollProbe] title row=continue-watching margin=-360 slide=72 net=-288
2026-08-27 23:34:04.660 NuvioTV[87111:12635317] [HomeScrollProbe] title row=58eddeb3-875e-47be-b94c-9e71577dcc88 margin=494 slide=0 net=494
2026-08-27 23:34:04.660 NuvioTV[87111:12635317] [HomeScrollProbe] title row=upcoming margin=68 slide=0 net=68
2026-08-27 23:34:04.676 NuvioTV[87111:12635317] [HomeScrollProbe] pinned-hero y=413 inset=0 residual=413
2026-08-27 23:34:04.676 NuvioTV[87111:12635317] [HomeScrollProbe] title row=continue-watching margin=-356 slide=72 net=-284
2026-08-27 23:34:04.676 NuvioTV[87111:12635317] [HomeScrollProbe] title row=58eddeb3-875e-47be-b94c-9e71577dcc88 margin=496 slide=0 net=496
2026-08-27 23:34:04.676 NuvioTV[87111:12635317] [HomeScrollProbe] title row=upcoming margin=70 slide=0 net=70
2026-08-27 23:34:04.708 NuvioTV[87111:12635317] [HomeScrollProbe] pinned-hero y=408 inset=0 residual=408
2026-08-27 23:34:04.708 NuvioTV[87111:12635317] [HomeScrollProbe] title row=continue-watching margin=-352 slide=72 net=-280
2026-08-27 23:34:04.708 NuvioTV[87111:12635317] [HomeScrollProbe] title row=58eddeb3-875e-47be-b94c-9e71577dcc88 margin=502 slide=0 net=502
2026-08-27 23:34:04.708 NuvioTV[87111:12635317] [HomeScrollProbe] title row=upcoming margin=74 slide=0 net=74
2026-08-27 23:34:04.725 NuvioTV[87111:12635317] [HomeScrollProbe] pinned-hero y=407 inset=0 residual=407
2026-08-27 23:34:04.725 NuvioTV[87111:12635317] [HomeScrollProbe] title row=continue-watching margin=-350 slide=72 net=-278
2026-08-27 23:34:04.725 NuvioTV[87111:12635317] [HomeScrollProbe] title row=upcoming margin=76 slide=0 net=76
2026-08-27 23:34:04.741 NuvioTV[87111:12635317] [HomeScrollProbe] pinned-hero y=405 inset=0 residual=405
2026-08-27 23:34:04.741 NuvioTV[87111:12635317] [HomeScrollProbe] title row=58eddeb3-875e-47be-b94c-9e71577dcc88 margin=504 slide=0 net=504
2026-08-27 23:34:04.741 NuvioTV[87111:12635317] [HomeScrollProbe] title row=upcoming margin=78 slide=0 net=78
2026-08-27 23:34:04.758 NuvioTV[87111:12635317] [HomeScrollProbe] pinned-hero y=404 inset=0 residual=404
2026-08-27 23:34:04.758 NuvioTV[87111:12635317] [HomeScrollProbe] title row=continue-watching margin=-348 slide=72 net=-276
2026-08-27 23:34:04.758 NuvioTV[87111:12635317] [HomeScrollProbe] title row=58eddeb3-875e-47be-b94c-9e71577dcc88 margin=506 slide=0 net=506
2026-08-27 23:34:04.758 NuvioTV[87111:12635317] [HomeScrollProbe] title row=upcoming margin=80 slide=0 net=80
2026-08-27 23:34:04.775 NuvioTV[87111:12635317] [HomeScrollProbe] pinned-hero y=402 inset=0 residual=402
2026-08-27 23:34:04.775 NuvioTV[87111:12635317] [HomeScrollProbe] title row=continue-watching margin=-346 slide=72 net=-274
2026-08-27 23:34:04.775 NuvioTV[87111:12635317] [HomeScrollProbe] title row=58eddeb3-875e-47be-b94c-9e71577dcc88 margin=508 slide=0 net=508
2026-08-27 23:34:04.792 NuvioTV[87111:12635317] [HomeScrollProbe] pinned-hero y=401 inset=0 residual=401
2026-08-27 23:34:04.792 NuvioTV[87111:12635317] [HomeScrollProbe] title row=upcoming margin=82 slide=0 net=82
2026-08-27 23:34:04.808 NuvioTV[87111:12635317] [HomeScrollProbe] pinned-hero y=400 inset=0 residual=400
2026-08-27 23:34:04.808 NuvioTV[87111:12635317] [HomeScrollProbe] title row=continue-watching margin=-344 slide=72 net=-272
2026-08-27 23:34:04.809 NuvioTV[87111:12635317] [HomeScrollProbe] title row=58eddeb3-875e-47be-b94c-9e71577dcc88 margin=510 slide=0 net=510
2026-08-27 23:34:04.825 NuvioTV[87111:12635317] [HomeScrollProbe] pinned-hero y=399 inset=0 residual=399
2026-08-27 23:34:04.825 NuvioTV[87111:12635317] [HomeScrollProbe] title row=upcoming margin=84 slide=0 net=84
2026-08-27 23:34:04.842 NuvioTV[87111:12635317] [HomeScrollProbe] pinned-hero y=398 inset=0 residual=398
2026-08-27 23:34:04.842 NuvioTV[87111:12635317] [HomeScrollProbe] title row=continue-watching margin=-342 slide=72 net=-270
2026-08-27 23:34:04.842 NuvioTV[87111:12635317] [HomeScrollProbe] title row=58eddeb3-875e-47be-b94c-9e71577dcc88 margin=512 slide=0 net=512
2026-08-27 23:34:04.859 NuvioTV[87111:12635317] [HomeScrollProbe] pinned-hero y=397 inset=0 residual=397
2026-08-27 23:34:04.859 NuvioTV[87111:12635317] [HomeScrollProbe] title row=upcoming margin=86 slide=0 net=86
2026-08-27 23:34:04.875 NuvioTV[87111:12635317] [HomeScrollProbe] title row=continue-watching margin=-340 slide=72 net=-268
2026-08-27 23:34:04.892 NuvioTV[87111:12635317] [HomeScrollProbe] pinned-hero y=396 inset=0 residual=396
2026-08-27 23:34:04.892 NuvioTV[87111:12635317] [HomeScrollProbe] title row=58eddeb3-875e-47be-b94c-9e71577dcc88 margin=514 slide=0 net=514
2026-08-27 23:34:04.908 NuvioTV[87111:12635317] [HomeScrollProbe] title row=upcoming margin=88 slide=0 net=88
2026-08-27 23:34:04.925 NuvioTV[87111:12635317] [HomeScrollProbe] pinned-hero y=395 inset=0 residual=395
2026-08-27 23:34:04.942 NuvioTV[87111:12635317] [HomeScrollProbe] title row=continue-watching margin=-338 slide=72 net=-266
2026-08-27 23:34:04.959 NuvioTV[87111:12635317] [HomeScrollProbe] pinned-hero y=394 inset=0 residual=394
2026-08-27 23:34:04.959 NuvioTV[87111:12635317] [HomeScrollProbe] title row=58eddeb3-875e-47be-b94c-9e71577dcc88 margin=516 slide=0 net=516
2026-08-27 23:34:04.976 NuvioTV[87111:12635317] [HomeScrollProbe] title row=upcoming margin=90 slide=0 net=90
2026-08-27 23:34:04.993 NuvioTV[87111:12635317] [HomeScrollProbe] pinned-hero y=393 inset=0 residual=393
2026-08-27 23:34:05.026 NuvioTV[87111:12635317] [HomeScrollProbe] title row=continue-watching margin=-336 slide=72 net=-264
2026-08-27 23:34:05.059 NuvioTV[87111:12635317] [HomeScrollProbe] pinned-hero y=392 inset=0 residual=392
2026-08-27 23:34:05.060 NuvioTV[87111:12635317] [HomeScrollProbe] title row=58eddeb3-875e-47be-b94c-9e71577dcc88 margin=518 slide=0 net=518
2026-08-27 23:34:05.110 NuvioTV[87111:12635317] [HomeScrollProbe] title row=upcoming margin=92 slide=0 net=92
2026-08-27 23:34:05.177 NuvioTV[87111:12635317] [HomeScrollProbe] pinned-hero y=391 inset=0 residual=391
2026-08-27 23:34:05.276 NuvioTV[87111:12635317] [HomeScrollProbe] title row=continue-watching margin=-334 slide=72 net=-262
2026-08-27 23:34:05.587 NuvioTV[87111:12635317] [HomeScrollProbe] REST pinned-hero y=391 inset=0 residual=391
2026-08-27 23:34:05.778 NuvioTV[87111:12635317] [HomeScrollProbe] pinned-hero y=381 inset=0 residual=381
2026-08-27 23:34:05.778 NuvioTV[87111:12635317] [HomeScrollProbe] title row=continue-watching margin=-324 slide=72 net=-252
2026-08-27 23:34:05.779 NuvioTV[87111:12635317] [HomeScrollProbe] title row=58eddeb3-875e-47be-b94c-9e71577dcc88 margin=528 slide=0 net=528
2026-08-27 23:34:05.779 NuvioTV[87111:12635317] [HomeScrollProbe] title row=upcoming margin=102 slide=0 net=102
2026-08-27 23:34:05.795 NuvioTV[87111:12635317] [HomeScrollProbe] pinned-hero y=361 inset=0 residual=361
2026-08-27 23:34:05.795 NuvioTV[87111:12635317] [HomeScrollProbe] title row=continue-watching margin=-304 slide=72 net=-232
2026-08-27 23:34:05.795 NuvioTV[87111:12635317] [HomeScrollProbe] title row=58eddeb3-875e-47be-b94c-9e71577dcc88 margin=548 slide=0 net=548
2026-08-27 23:34:05.795 NuvioTV[87111:12635317] [HomeScrollProbe] title row=upcoming margin=122 slide=0 net=122
2026-08-27 23:34:05.812 NuvioTV[87111:12635317] [HomeScrollProbe] pinned-hero y=331 inset=0 residual=331
2026-08-27 23:34:05.812 NuvioTV[87111:12635317] [HomeScrollProbe] title row=continue-watching margin=-274 slide=72 net=-202
2026-08-27 23:34:05.812 NuvioTV[87111:12635317] [HomeScrollProbe] title row=upcoming margin=152 slide=0 net=152
2026-08-27 23:34:05.826 NuvioTV[87111:12635317] [HomeScrollProbe] pinned-hero y=301 inset=0 residual=301
2026-08-27 23:34:05.826 NuvioTV[87111:12635317] [HomeScrollProbe] title row=continue-watching margin=-246 slide=72 net=-174
2026-08-27 23:34:05.826 NuvioTV[87111:12635317] [HomeScrollProbe] title row=upcoming margin=182 slide=0 net=182
2026-08-27 23:34:05.843 NuvioTV[87111:12635317] [HomeScrollProbe] pinned-hero y=271 inset=0 residual=271
2026-08-27 23:34:05.843 NuvioTV[87111:12635317] [HomeScrollProbe] title row=continue-watching margin=-216 slide=72 net=-144
2026-08-27 23:34:05.843 NuvioTV[87111:12635317] [HomeScrollProbe] title row=upcoming margin=212 slide=0 net=212
2026-08-27 23:34:05.859 NuvioTV[87111:12635317] [HomeScrollProbe] pinned-hero y=244 inset=0 residual=244
2026-08-27 23:34:05.859 NuvioTV[87111:12635317] [HomeScrollProbe] title row=continue-watching margin=-188 slide=72 net=-116
2026-08-27 23:34:05.859 NuvioTV[87111:12635317] [HomeScrollProbe] title row=upcoming margin=240 slide=0 net=240
2026-08-27 23:34:05.876 NuvioTV[87111:12635317] [HomeScrollProbe] pinned-hero y=219 inset=0 residual=219
2026-08-27 23:34:05.876 NuvioTV[87111:12635317] [HomeScrollProbe] title row=continue-watching margin=-164 slide=72 net=-92
2026-08-27 23:34:05.876 NuvioTV[87111:12635317] [HomeScrollProbe] title row=upcoming margin=264 slide=0 net=264
2026-08-27 23:34:05.892 NuvioTV[87111:12635317] [HomeScrollProbe] pinned-hero y=197 inset=0 residual=197
2026-08-27 23:34:05.892 NuvioTV[87111:12635317] [HomeScrollProbe] title row=continue-watching margin=-142 slide=72 net=-70
2026-08-27 23:34:05.892 NuvioTV[87111:12635317] [HomeScrollProbe] title row=upcoming margin=286 slide=0 net=286
2026-08-27 23:34:05.909 NuvioTV[87111:12635317] [HomeScrollProbe] pinned-hero y=178 inset=0 residual=178
2026-08-27 23:34:05.909 NuvioTV[87111:12635317] [HomeScrollProbe] title row=continue-watching margin=-122 slide=72 net=-50
2026-08-27 23:34:05.909 NuvioTV[87111:12635317] [HomeScrollProbe] title row=upcoming margin=306 slide=0 net=306
2026-08-27 23:34:05.925 NuvioTV[87111:12635317] [HomeScrollProbe] pinned-hero y=160 inset=0 residual=160
2026-08-27 23:34:05.925 NuvioTV[87111:12635317] [HomeScrollProbe] title row=continue-watching margin=-104 slide=72 net=-32
2026-08-27 23:34:05.925 NuvioTV[87111:12635317] [HomeScrollProbe] title row=upcoming margin=324 slide=0 net=324
2026-08-27 23:34:05.942 NuvioTV[87111:12635317] [HomeScrollProbe] pinned-hero y=144 inset=0 residual=144
2026-08-27 23:34:05.942 NuvioTV[87111:12635317] [HomeScrollProbe] title row=continue-watching margin=-88 slide=72 net=-16
2026-08-27 23:34:05.942 NuvioTV[87111:12635317] [HomeScrollProbe] title row=upcoming margin=340 slide=0 net=340
2026-08-27 23:34:05.959 NuvioTV[87111:12635317] [HomeScrollProbe] pinned-hero y=129 inset=0 residual=129
2026-08-27 23:34:05.959 NuvioTV[87111:12635317] [HomeScrollProbe] title row=continue-watching margin=-74 slide=72 net=-2
2026-08-27 23:34:05.959 NuvioTV[87111:12635317] [HomeScrollProbe] title row=upcoming margin=354 slide=0 net=354
2026-08-27 23:34:06.008 NuvioTV[87111:12635317] [HomeScrollProbe] pinned-hero y=105 inset=0 residual=105
2026-08-27 23:34:06.008 NuvioTV[87111:12635317] [HomeScrollProbe] title row=continue-watching margin=-48 slide=48 net=0
2026-08-27 23:34:06.008 NuvioTV[87111:12635317] [HomeScrollProbe] title row=upcoming margin=378 slide=0 net=378
2026-08-27 23:34:06.042 NuvioTV[87111:12635317] [HomeScrollProbe] pinned-hero y=84 inset=0 residual=84
2026-08-27 23:34:06.042 NuvioTV[87111:12635317] [HomeScrollProbe] title row=continue-watching margin=-28 slide=28 net=0
2026-08-27 23:34:06.042 NuvioTV[87111:12635317] [HomeScrollProbe] title row=upcoming margin=398 slide=0 net=398
2026-08-27 23:34:06.058 NuvioTV[87111:12635317] [HomeScrollProbe] pinned-hero y=76 inset=0 residual=76
2026-08-27 23:34:06.058 NuvioTV[87111:12635317] [HomeScrollProbe] title row=continue-watching margin=-20 slide=20 net=0
2026-08-27 23:34:06.058 NuvioTV[87111:12635317] [HomeScrollProbe] title row=upcoming margin=408 slide=0 net=408
2026-08-27 23:34:06.075 NuvioTV[87111:12635317] [HomeScrollProbe] pinned-hero y=68 inset=0 residual=68
2026-08-27 23:34:06.075 NuvioTV[87111:12635317] [HomeScrollProbe] title row=continue-watching margin=-12 slide=12 net=0
2026-08-27 23:34:06.075 NuvioTV[87111:12635317] [HomeScrollProbe] title row=upcoming margin=414 slide=0 net=414
2026-08-27 23:34:06.092 NuvioTV[87111:12635317] [HomeScrollProbe] pinned-hero y=61 inset=0 residual=61
2026-08-27 23:34:06.092 NuvioTV[87111:12635317] [HomeScrollProbe] title row=continue-watching margin=-6 slide=6 net=0
2026-08-27 23:34:06.092 NuvioTV[87111:12635317] [HomeScrollProbe] title row=upcoming margin=422 slide=0 net=422
2026-08-27 23:34:06.109 NuvioTV[87111:12635317] [HomeScrollProbe] pinned-hero y=55 inset=0 residual=55
2026-08-27 23:34:06.109 NuvioTV[87111:12635317] [HomeScrollProbe] title row=continue-watching margin=2 slide=0 net=2
2026-08-27 23:34:06.109 NuvioTV[87111:12635317] [HomeScrollProbe] title row=upcoming margin=428 slide=0 net=428
2026-08-27 23:34:06.125 NuvioTV[87111:12635317] [HomeScrollProbe] pinned-hero y=50 inset=0 residual=50
2026-08-27 23:34:06.125 NuvioTV[87111:12635317] [HomeScrollProbe] title row=continue-watching margin=6 slide=0 net=6
2026-08-27 23:34:06.125 NuvioTV[87111:12635317] [HomeScrollProbe] title row=upcoming margin=434 slide=0 net=434
2026-08-27 23:34:06.141 NuvioTV[87111:12635317] [HomeScrollProbe] pinned-hero y=45 inset=0 residual=45
2026-08-27 23:34:06.141 NuvioTV[87111:12635317] [HomeScrollProbe] title row=continue-watching margin=12 slide=0 net=12
2026-08-27 23:34:06.141 NuvioTV[87111:12635317] [HomeScrollProbe] title row=upcoming margin=438 slide=0 net=438
2026-08-27 23:34:06.158 NuvioTV[87111:12635317] [HomeScrollProbe] pinned-hero y=40 inset=0 residual=40
2026-08-27 23:34:06.158 NuvioTV[87111:12635317] [HomeScrollProbe] title row=continue-watching margin=16 slide=0 net=16
2026-08-27 23:34:06.158 NuvioTV[87111:12635317] [HomeScrollProbe] title row=upcoming margin=442 slide=0 net=442
2026-08-27 23:34:06.175 NuvioTV[87111:12635317] [HomeScrollProbe] pinned-hero y=36 inset=0 residual=36
2026-08-27 23:34:06.175 NuvioTV[87111:12635317] [HomeScrollProbe] title row=continue-watching margin=20 slide=0 net=20
2026-08-27 23:34:06.175 NuvioTV[87111:12635317] [HomeScrollProbe] title row=upcoming margin=446 slide=0 net=446
2026-08-27 23:34:06.192 NuvioTV[87111:12635317] [HomeScrollProbe] pinned-hero y=33 inset=0 residual=33
2026-08-27 23:34:06.192 NuvioTV[87111:12635317] [HomeScrollProbe] title row=continue-watching margin=24 slide=0 net=24
2026-08-27 23:34:06.192 NuvioTV[87111:12635317] [HomeScrollProbe] title row=upcoming margin=450 slide=0 net=450
2026-08-27 23:34:06.208 NuvioTV[87111:12635317] [HomeScrollProbe] pinned-hero y=29 inset=0 residual=29
2026-08-27 23:34:06.208 NuvioTV[87111:12635317] [HomeScrollProbe] title row=continue-watching margin=28 slide=0 net=28
2026-08-27 23:34:06.208 NuvioTV[87111:12635317] [HomeScrollProbe] title row=upcoming margin=454 slide=0 net=454
2026-08-27 23:34:06.225 NuvioTV[87111:12635317] [HomeScrollProbe] pinned-hero y=26 inset=0 residual=26
2026-08-27 23:34:06.225 NuvioTV[87111:12635317] [HomeScrollProbe] title row=continue-watching margin=30 slide=0 net=30
2026-08-27 23:34:06.225 NuvioTV[87111:12635317] [HomeScrollProbe] title row=upcoming margin=456 slide=0 net=456
2026-08-27 23:34:06.241 NuvioTV[87111:12635317] [HomeScrollProbe] pinned-hero y=24 inset=0 residual=24
2026-08-27 23:34:06.241 NuvioTV[87111:12635317] [HomeScrollProbe] title row=continue-watching margin=32 slide=0 net=32
2026-08-27 23:34:06.241 NuvioTV[87111:12635317] [HomeScrollProbe] title row=upcoming margin=460 slide=0 net=460
2026-08-27 23:34:06.258 NuvioTV[87111:12635317] [HomeScrollProbe] pinned-hero y=21 inset=0 residual=21
2026-08-27 23:34:06.258 NuvioTV[87111:12635317] [HomeScrollProbe] title row=continue-watching margin=36 slide=0 net=36
2026-08-27 23:34:06.258 NuvioTV[87111:12635317] [HomeScrollProbe] title row=upcoming margin=462 slide=0 net=462
2026-08-27 23:34:06.275 NuvioTV[87111:12635317] [HomeScrollProbe] pinned-hero y=19 inset=0 residual=19
2026-08-27 23:34:06.275 NuvioTV[87111:12635317] [HomeScrollProbe] title row=continue-watching margin=38 slide=0 net=38
2026-08-27 23:34:06.275 NuvioTV[87111:12635317] [HomeScrollProbe] title row=upcoming margin=464 slide=0 net=464
2026-08-27 23:34:06.291 NuvioTV[87111:12635317] [HomeScrollProbe] pinned-hero y=17 inset=0 residual=17
2026-08-27 23:34:06.292 NuvioTV[87111:12635317] [HomeScrollProbe] title row=continue-watching margin=40 slide=0 net=40
2026-08-27 23:34:06.292 NuvioTV[87111:12635317] [HomeScrollProbe] title row=upcoming margin=466 slide=0 net=466
2026-08-27 23:34:06.308 NuvioTV[87111:12635317] [HomeScrollProbe] pinned-hero y=16 inset=0 residual=16
2026-08-27 23:34:06.309 NuvioTV[87111:12635317] [HomeScrollProbe] title row=upcoming margin=468 slide=0 net=468
2026-08-27 23:34:06.325 NuvioTV[87111:12635317] [HomeScrollProbe] pinned-hero y=14 inset=0 residual=14
2026-08-27 23:34:06.325 NuvioTV[87111:12635317] [HomeScrollProbe] title row=continue-watching margin=42 slide=0 net=42
2026-08-27 23:34:06.342 NuvioTV[87111:12635317] [HomeScrollProbe] pinned-hero y=13 inset=0 residual=13
2026-08-27 23:34:06.342 NuvioTV[87111:12635317] [HomeScrollProbe] title row=continue-watching margin=44 slide=0 net=44
2026-08-27 23:34:06.342 NuvioTV[87111:12635317] [HomeScrollProbe] title row=upcoming margin=470 slide=0 net=470
2026-08-27 23:34:06.358 NuvioTV[87111:12635317] [HomeScrollProbe] pinned-hero y=11 inset=0 residual=11
2026-08-27 23:34:06.358 NuvioTV[87111:12635317] [HomeScrollProbe] title row=continue-watching margin=46 slide=0 net=46
2026-08-27 23:34:06.358 NuvioTV[87111:12635317] [HomeScrollProbe] title row=upcoming margin=472 slide=0 net=472
2026-08-27 23:34:06.369 NuvioTV[87111:12636623] [TrailerExtract] client=android_vr NO streamingData (playability=LOGIN_REQUIRED reason=Sign in to confirm you’re not a bot)
2026-08-27 23:34:06.375 NuvioTV[87111:12635317] [HomeScrollProbe] pinned-hero y=10 inset=0 residual=10
2026-08-27 23:34:06.391 NuvioTV[87111:12635317] [HomeScrollProbe] pinned-hero y=9 inset=0 residual=9
2026-08-27 23:34:06.392 NuvioTV[87111:12635317] [HomeScrollProbe] title row=continue-watching margin=48 slide=0 net=48
2026-08-27 23:34:06.392 NuvioTV[87111:12635317] [HomeScrollProbe] title row=upcoming margin=474 slide=0 net=474
2026-08-27 23:34:06.408 NuvioTV[87111:12635317] [HomeScrollProbe] pinned-hero y=8 inset=0 residual=8
2026-08-27 23:34:06.425 NuvioTV[87111:12635317] [HomeScrollProbe] title row=upcoming margin=476 slide=0 net=476
2026-08-27 23:34:06.442 NuvioTV[87111:12635317] [HomeScrollProbe] pinned-hero y=7 inset=0 residual=7
2026-08-27 23:34:06.442 NuvioTV[87111:12635317] [HomeScrollProbe] title row=continue-watching margin=50 slide=0 net=50
2026-08-27 23:34:06.458 NuvioTV[87111:12635317] [HomeScrollProbe] pinned-hero y=6 inset=0 residual=6
2026-08-27 23:34:06.475 NuvioTV[87111:12635317] [HomeScrollProbe] title row=upcoming margin=478 slide=0 net=478
2026-08-27 23:34:06.492 NuvioTV[87111:12635317] [HomeScrollProbe] pinned-hero y=5 inset=0 residual=5
2026-08-27 23:34:06.492 NuvioTV[87111:12635317] [HomeScrollProbe] title row=continue-watching margin=52 slide=0 net=52
2026-08-27 23:34:06.497 NuvioTV[87111:12635359] [TrailerExtract] client=android video=0dclNQV71-k hls=false formats=1 adaptive=31 sdKeys=expiresInSeconds,formats,adaptiveFormats,serverAbrStreamingUrl,metadataFormats
2026-08-27 23:34:06.525 NuvioTV[87111:12635317] [HomeScrollProbe] pinned-hero y=4 inset=0 residual=4
2026-08-27 23:34:06.542 NuvioTV[87111:12635317] [HomeScrollProbe] title row=upcoming margin=480 slide=0 net=480
2026-08-27 23:34:06.559 NuvioTV[87111:12635317] [HomeScrollProbe] pinned-hero y=3 inset=0 residual=3
2026-08-27 23:34:06.559 NuvioTV[87111:12635317] [HomeScrollProbe] title row=continue-watching margin=54 slide=0 net=54
2026-08-27 23:34:06.625 NuvioTV[87111:12635317] [HomeScrollProbe] pinned-hero y=2 inset=0 residual=2
2026-08-27 23:34:06.627 NuvioTV[87111:12636623] [TrailerExtract] client=ios video=0dclNQV71-k hls=false formats=0 adaptive=28 sdKeys=expiresInSeconds,adaptiveFormats,aspectRatio,serverAbrStreamingUrl,metadataFormats
2026-08-27 23:34:06.629 NuvioTV[87111:12636623] [TrailerExtract] selection: manifest=none progressive=360 (manifests collected=0)
2026-08-27 23:34:06.629 NuvioTV[87111:12636623] [TrailerExtract] repack candidates: avcVideo=1080p avc1.640028 (android) m4aAudio=mp4a.40.2 (android)
2026-08-27 23:34:06.658 NuvioTV[87111:12635317] [HomeScrollProbe] title row=upcoming margin=482 slide=0 net=482
2026-08-27 23:34:06.708 NuvioTV[87111:12635317] [HomeScrollProbe] pinned-hero y=1 inset=0 residual=1
2026-08-27 23:34:06.708 NuvioTV[87111:12635317] [HomeScrollProbe] title row=continue-watching margin=56 slide=0 net=56
2026-08-27 23:34:06.875 NuvioTV[87111:12635317] [HomeScrollProbe] pinned-hero y=0 inset=0 residual=0
2026-08-27 23:34:07.226 NuvioTV[87111:12636628] [TrailerExtract] repack decision: avc=1080p vs progressive=360p -> ELIGIBLE
2026-08-27 23:34:07.295 NuvioTV[87111:12635317] [HomeScrollProbe] REST pinned-hero y=0 inset=0 residual=0
2026-08-27 23:34:07.753 NuvioTV[87111:12637076] [TrailerRepack] serving 1920x1080 avc1+mp4a (22+12 segments) at http://127.0.0.1:8230/5332b29680f530cda55e6ff13f600cd6/master.m3u8
com.nuvio.media.NuvioTV: 87111
