[LaunchTrace] +0ms app_init
2026-08-27 23:34:56.329 NuvioTV[87386:12640420] -canOpenURL: failed for URL: "infuse://" - error: "The operation couldn’t be completed. (OSStatus error -10814.)"
[ExtPlayerProbe] canOpenURL(infuse://) = false
2026-08-27 23:34:56.330 NuvioTV[87386:12640420] -canOpenURL: failed for URL: "vlc-x-callback://" - error: "The operation couldn’t be completed. (OSStatus error -10814.)"
[ExtPlayerProbe] canOpenURL(vlc-x-callback://) = false
2026-08-27 23:34:56.330 NuvioTV[87386:12640420] -canOpenURL: failed for URL: "outplayer://" - error: "The operation couldn’t be completed. (OSStatus error -10814.)"
[ExtPlayerProbe] canOpenURL(outplayer://) = false
2026-08-27 23:34:56.331 NuvioTV[87386:12640420] -canOpenURL: failed for URL: "open-vidhub://" - error: "The operation couldn’t be completed. (OSStatus error -10814.)"
[ExtPlayerProbe] canOpenURL(open-vidhub://) = false
2026-08-27 23:34:56.331 NuvioTV[87386:12640420] -canOpenURL: failed for URL: "vidhub://" - error: "The operation couldn’t be completed. (OSStatus error -10814.)"
[ExtPlayerProbe] canOpenURL(vidhub://) = false
2026-08-27 23:34:56.332 NuvioTV[87386:12640420] -canOpenURL: failed for URL: "infuse://" - error: "The operation couldn’t be completed. (OSStatus error -10814.)"
2026-08-27 23:34:56.333 NuvioTV[87386:12640420] -canOpenURL: failed for URL: "vlc-x-callback://" - error: "The operation couldn’t be completed. (OSStatus error -10814.)"
2026-08-27 23:34:56.333 NuvioTV[87386:12640420] -canOpenURL: failed for URL: "outplayer://" - error: "The operation couldn’t be completed. (OSStatus error -10814.)"
2026-08-27 23:34:56.333 NuvioTV[87386:12640420] -canOpenURL: failed for URL: "open-vidhub://" - error: "The operation couldn’t be completed. (OSStatus error -10814.)"
[ExtPlayerProbe] availablePlayers = []
[LaunchTrace] +1141ms artwork #1: mem=0 disk=1 net=0 fail=0
[ProfileSelect] selecting profile 2
[ProfileSelect] selectProfile returned — requesting full pull
[ProfileSelect] full pull requested — tap complete
2026-08-27 23:35:14.000 NuvioTV[87386:12640420] [HomeScrollProbe] classic y=0 inset=0 residual=0
[LaunchTrace] +17971ms home_appear
2026-08-27 23:35:14.009 NuvioTV[87386:12640420] [TrailerPipeline] trailerLocation heroMode=YES
2026-08-27 23:35:14.017 NuvioTV[87386:12640420] [TrailerPipeline] trailerLocation heroMode=YES
2026-08-27 23:35:14.017 NuvioTV[87386:12640420] [HomeScrollProbe] classic y=0 inset=0 residual=0
2026-08-27 23:35:14.051 NuvioTV[87386:12640420] [HomeScrollProbe] classic y=-302 inset=302 residual=0
2026-08-27 23:35:14.052 NuvioTV[87386:12640420] [HomeScrollProbe] classic y=-157 inset=157 residual=0
[LaunchTrace] +18059ms first_rows n=1 hero=0
2026-08-27 23:35:14.183 NuvioTV[87386:12640420] [HomeScrollProbe] title row=58eddeb3-875e-47be-b94c-9e71577dcc88 margin=482 slide=0 net=482
2026-08-27 23:35:14.184 NuvioTV[87386:12640420] [HomeScrollProbe] title row=continue-watching margin=56 slide=0 net=56
2026-08-27 23:35:14.198 NuvioTV[87386:12640420] [HomeScrollProbe] pinned-panel y=0 inset=0 residual=0
[TopShelf] wrote 10 items to /Users/christianturnbull/Library/Developer/CoreSimulator/Devices/FA87E9B6-F28D-4DF9-84E4-A5A4C5DBFC4E/data/Containers/Shared/AppGroup/E705B090-DA3F-472C-93BC-23BC3D1912B8/Library/Caches/top-shelf.json
[TopShelf] wrote 10 items to /Users/christianturnbull/Library/Developer/CoreSimulator/Devices/FA87E9B6-F28D-4DF9-84E4-A5A4C5DBFC4E/data/Containers/Shared/AppGroup/E705B090-DA3F-472C-93BC-23BC3D1912B8/Library/Caches/top-shelf.json
[TopShelf] wrote 10 items to /Users/christianturnbull/Library/Developer/CoreSimulator/Devices/FA87E9B6-F28D-4DF9-84E4-A5A4C5DBFC4E/data/Containers/Shared/AppGroup/E705B090-DA3F-472C-93BC-23BC3D1912B8/Library/Caches/top-shelf.json
[LaunchTrace] +18272ms artwork #10: mem=0 disk=10 net=0 fail=0
2026-08-27 23:35:14.599 NuvioTV[87386:12640420] [HomeScrollProbe] REST pinned-panel y=0 inset=0 residual=0
[LaunchTrace] +18733ms rows n=5
[LaunchTrace] +18822ms rows n=9
[LaunchTrace] +18970ms rows n=17
[LaunchTrace] +19158ms rows n=21
[LaunchTrace] +19367ms rows n=25
[LaunchTrace] +20091ms rows n=33
[LaunchTrace] +20591ms rows n=35
2026-08-27 23:35:19.113 NuvioTV[87386:12640420] [HomeScrollProbe] title row=upcoming margin=482 slide=0 net=482
2026-08-27 23:35:19.113 NuvioTV[87386:12640420] [HomeScrollProbe] title row=58eddeb3-875e-47be-b94c-9e71577dcc88 margin=910 slide=0 net=910
[LaunchTrace] +33739ms artwork #25: mem=0 disk=25 net=0 fail=0
2026-08-27 23:35:31.034 NuvioTV[87386:12640420] [HomeScrollProbe] pinned-panel y=10 inset=0 residual=10
2026-08-27 23:35:31.034 NuvioTV[87386:12640420] [HomeScrollProbe] title row=continue-watching margin=46 slide=0 net=46
2026-08-27 23:35:31.034 NuvioTV[87386:12640420] [HomeScrollProbe] title row=upcoming margin=472 slide=0 net=472
2026-08-27 23:35:31.060 NuvioTV[87386:12640420] [HomeScrollProbe] pinned-panel y=30 inset=0 residual=30
2026-08-27 23:35:31.060 NuvioTV[87386:12640420] [HomeScrollProbe] title row=continue-watching margin=26 slide=0 net=26
2026-08-27 23:35:31.060 NuvioTV[87386:12640420] [HomeScrollProbe] title row=upcoming margin=452 slide=0 net=452
2026-08-27 23:35:31.078 NuvioTV[87386:12640420] [HomeScrollProbe] pinned-panel y=60 inset=0 residual=60
2026-08-27 23:35:31.078 NuvioTV[87386:12640420] [HomeScrollProbe] title row=continue-watching margin=-4 slide=4 net=0
2026-08-27 23:35:31.078 NuvioTV[87386:12640420] [HomeScrollProbe] title row=upcoming margin=422 slide=0 net=422
2026-08-27 23:35:31.093 NuvioTV[87386:12640420] [HomeScrollProbe] pinned-panel y=92 inset=0 residual=92
2026-08-27 23:35:31.093 NuvioTV[87386:12640420] [HomeScrollProbe] title row=continue-watching margin=-36 slide=36 net=0
2026-08-27 23:35:31.093 NuvioTV[87386:12640420] [HomeScrollProbe] title row=upcoming margin=392 slide=0 net=392
2026-08-27 23:35:31.109 NuvioTV[87386:12640420] [HomeScrollProbe] pinned-panel y=120 inset=0 residual=120
2026-08-27 23:35:31.109 NuvioTV[87386:12640420] [HomeScrollProbe] title row=continue-watching margin=-64 slide=64 net=0
2026-08-27 23:35:31.109 NuvioTV[87386:12640420] [HomeScrollProbe] title row=upcoming margin=364 slide=0 net=364
2026-08-27 23:35:31.126 NuvioTV[87386:12640420] [HomeScrollProbe] pinned-panel y=145 inset=0 residual=145
2026-08-27 23:35:31.126 NuvioTV[87386:12640420] [HomeScrollProbe] title row=continue-watching margin=-88 slide=72 net=-16
2026-08-27 23:35:31.126 NuvioTV[87386:12640420] [HomeScrollProbe] title row=upcoming margin=338 slide=0 net=338
2026-08-27 23:35:31.142 NuvioTV[87386:12640420] [HomeScrollProbe] pinned-panel y=168 inset=0 residual=168
2026-08-27 23:35:31.142 NuvioTV[87386:12640420] [HomeScrollProbe] title row=continue-watching margin=-112 slide=72 net=-40
2026-08-27 23:35:31.142 NuvioTV[87386:12640420] [HomeScrollProbe] title row=upcoming margin=316 slide=0 net=316
2026-08-27 23:35:31.159 NuvioTV[87386:12640420] [HomeScrollProbe] pinned-panel y=188 inset=0 residual=188
2026-08-27 23:35:31.159 NuvioTV[87386:12640420] [HomeScrollProbe] title row=continue-watching margin=-132 slide=72 net=-60
2026-08-27 23:35:31.159 NuvioTV[87386:12640420] [HomeScrollProbe] title row=upcoming margin=294 slide=0 net=294
2026-08-27 23:35:31.176 NuvioTV[87386:12640420] [HomeScrollProbe] pinned-panel y=207 inset=0 residual=207
2026-08-27 23:35:31.176 NuvioTV[87386:12640420] [HomeScrollProbe] title row=continue-watching margin=-150 slide=72 net=-78
2026-08-27 23:35:31.176 NuvioTV[87386:12640420] [HomeScrollProbe] title row=upcoming margin=276 slide=0 net=276
2026-08-27 23:35:31.193 NuvioTV[87386:12640420] [HomeScrollProbe] pinned-panel y=223 inset=0 residual=223
2026-08-27 23:35:31.193 NuvioTV[87386:12640420] [HomeScrollProbe] title row=continue-watching margin=-168 slide=72 net=-96
2026-08-27 23:35:31.193 NuvioTV[87386:12640420] [HomeScrollProbe] title row=upcoming margin=260 slide=0 net=260
2026-08-27 23:35:31.209 NuvioTV[87386:12640420] [HomeScrollProbe] pinned-panel y=238 inset=0 residual=238
2026-08-27 23:35:31.209 NuvioTV[87386:12640420] [HomeScrollProbe] title row=continue-watching margin=-182 slide=72 net=-110
2026-08-27 23:35:31.209 NuvioTV[87386:12640420] [HomeScrollProbe] title row=upcoming margin=244 slide=0 net=244
2026-08-27 23:35:31.225 NuvioTV[87386:12640420] [HomeScrollProbe] pinned-panel y=252 inset=0 residual=252
2026-08-27 23:35:31.225 NuvioTV[87386:12640420] [HomeScrollProbe] title row=continue-watching margin=-196 slide=72 net=-124
2026-08-27 23:35:31.226 NuvioTV[87386:12640420] [HomeScrollProbe] title row=upcoming margin=232 slide=0 net=232
2026-08-27 23:35:31.242 NuvioTV[87386:12640420] [HomeScrollProbe] pinned-panel y=264 inset=0 residual=264
2026-08-27 23:35:31.243 NuvioTV[87386:12640420] [HomeScrollProbe] title row=continue-watching margin=-208 slide=72 net=-136
2026-08-27 23:35:31.243 NuvioTV[87386:12640420] [HomeScrollProbe] title row=upcoming margin=220 slide=0 net=220
2026-08-27 23:35:31.259 NuvioTV[87386:12640420] [HomeScrollProbe] pinned-panel y=275 inset=0 residual=275
2026-08-27 23:35:31.259 NuvioTV[87386:12640420] [HomeScrollProbe] title row=continue-watching margin=-220 slide=72 net=-148
2026-08-27 23:35:31.259 NuvioTV[87386:12640420] [HomeScrollProbe] title row=upcoming margin=208 slide=0 net=208
2026-08-27 23:35:31.292 NuvioTV[87386:12640420] [HomeScrollProbe] pinned-panel y=294 inset=0 residual=294
2026-08-27 23:35:31.292 NuvioTV[87386:12640420] [HomeScrollProbe] title row=continue-watching margin=-238 slide=72 net=-166
2026-08-27 23:35:31.292 NuvioTV[87386:12640420] [HomeScrollProbe] title row=upcoming margin=190 slide=0 net=190
2026-08-27 23:35:31.309 NuvioTV[87386:12640420] [HomeScrollProbe] pinned-panel y=301 inset=0 residual=301
2026-08-27 23:35:31.309 NuvioTV[87386:12640420] [HomeScrollProbe] title row=continue-watching margin=-246 slide=72 net=-174
2026-08-27 23:35:31.309 NuvioTV[87386:12640420] [HomeScrollProbe] title row=upcoming margin=182 slide=0 net=182
2026-08-27 23:35:31.325 NuvioTV[87386:12640420] [HomeScrollProbe] pinned-panel y=308 inset=0 residual=308
2026-08-27 23:35:31.326 NuvioTV[87386:12640420] [HomeScrollProbe] title row=continue-watching margin=-252 slide=72 net=-180
2026-08-27 23:35:31.326 NuvioTV[87386:12640420] [HomeScrollProbe] title row=upcoming margin=174 slide=0 net=174
2026-08-27 23:35:31.344 NuvioTV[87386:12640420] [HomeScrollProbe] pinned-panel y=315 inset=0 residual=315
2026-08-27 23:35:31.344 NuvioTV[87386:12640420] [HomeScrollProbe] title row=58eddeb3-875e-47be-b94c-9e71577dcc88 margin=594 slide=0 net=594
2026-08-27 23:35:31.344 NuvioTV[87386:12640420] [HomeScrollProbe] title row=continue-watching margin=-258 slide=72 net=-186
2026-08-27 23:35:31.344 NuvioTV[87386:12640420] [HomeScrollProbe] title row=upcoming margin=168 slide=0 net=168
2026-08-27 23:35:31.360 NuvioTV[87386:12640420] [HomeScrollProbe] pinned-panel y=320 inset=0 residual=320
2026-08-27 23:35:31.360 NuvioTV[87386:12640420] [HomeScrollProbe] title row=58eddeb3-875e-47be-b94c-9e71577dcc88 margin=590 slide=0 net=590
2026-08-27 23:35:31.360 NuvioTV[87386:12640420] [HomeScrollProbe] title row=continue-watching margin=-264 slide=72 net=-192
2026-08-27 23:35:31.360 NuvioTV[87386:12640420] [HomeScrollProbe] title row=upcoming margin=162 slide=0 net=162
2026-08-27 23:35:31.376 NuvioTV[87386:12640420] [HomeScrollProbe] pinned-panel y=326 inset=0 residual=326
2026-08-27 23:35:31.376 NuvioTV[87386:12640420] [HomeScrollProbe] title row=58eddeb3-875e-47be-b94c-9e71577dcc88 margin=584 slide=0 net=584
2026-08-27 23:35:31.377 NuvioTV[87386:12640420] [HomeScrollProbe] title row=continue-watching margin=-270 slide=72 net=-198
2026-08-27 23:35:31.377 NuvioTV[87386:12640420] [HomeScrollProbe] title row=upcoming margin=158 slide=0 net=158
2026-08-27 23:35:31.393 NuvioTV[87386:12640420] [HomeScrollProbe] pinned-panel y=330 inset=0 residual=330
2026-08-27 23:35:31.393 NuvioTV[87386:12640420] [HomeScrollProbe] title row=58eddeb3-875e-47be-b94c-9e71577dcc88 margin=580 slide=0 net=580
2026-08-27 23:35:31.393 NuvioTV[87386:12640420] [HomeScrollProbe] title row=continue-watching margin=-274 slide=72 net=-202
2026-08-27 23:35:31.393 NuvioTV[87386:12640420] [HomeScrollProbe] title row=upcoming margin=152 slide=0 net=152
2026-08-27 23:35:31.409 NuvioTV[87386:12640420] [HomeScrollProbe] pinned-panel y=334 inset=0 residual=334
2026-08-27 23:35:31.409 NuvioTV[87386:12640420] [HomeScrollProbe] title row=58eddeb3-875e-47be-b94c-9e71577dcc88 margin=576 slide=0 net=576
2026-08-27 23:35:31.409 NuvioTV[87386:12640420] [HomeScrollProbe] title row=continue-watching margin=-278 slide=72 net=-206
2026-08-27 23:35:31.409 NuvioTV[87386:12640420] [HomeScrollProbe] title row=upcoming margin=148 slide=0 net=148
2026-08-27 23:35:31.426 NuvioTV[87386:12640420] [HomeScrollProbe] pinned-panel y=338 inset=0 residual=338
2026-08-27 23:35:31.426 NuvioTV[87386:12640420] [HomeScrollProbe] title row=58eddeb3-875e-47be-b94c-9e71577dcc88 margin=572 slide=0 net=572
2026-08-27 23:35:31.426 NuvioTV[87386:12640420] [HomeScrollProbe] title row=continue-watching margin=-282 slide=72 net=-210
2026-08-27 23:35:31.426 NuvioTV[87386:12640420] [HomeScrollProbe] title row=upcoming margin=144 slide=0 net=144
2026-08-27 23:35:31.443 NuvioTV[87386:12640420] [HomeScrollProbe] pinned-panel y=341 inset=0 residual=341
2026-08-27 23:35:31.443 NuvioTV[87386:12640420] [HomeScrollProbe] title row=58eddeb3-875e-47be-b94c-9e71577dcc88 margin=568 slide=0 net=568
2026-08-27 23:35:31.443 NuvioTV[87386:12640420] [HomeScrollProbe] title row=continue-watching margin=-286 slide=72 net=-214
2026-08-27 23:35:31.443 NuvioTV[87386:12640420] [HomeScrollProbe] title row=upcoming margin=142 slide=0 net=142
2026-08-27 23:35:31.460 NuvioTV[87386:12640420] [HomeScrollProbe] pinned-panel y=344 inset=0 residual=344
2026-08-27 23:35:31.460 NuvioTV[87386:12640420] [HomeScrollProbe] title row=58eddeb3-875e-47be-b94c-9e71577dcc88 margin=566 slide=0 net=566
2026-08-27 23:35:31.460 NuvioTV[87386:12640420] [HomeScrollProbe] title row=continue-watching margin=-288 slide=72 net=-216
2026-08-27 23:35:31.460 NuvioTV[87386:12640420] [HomeScrollProbe] title row=upcoming margin=138 slide=0 net=138
2026-08-27 23:35:31.476 NuvioTV[87386:12640420] [HomeScrollProbe] pinned-panel y=347 inset=0 residual=347
2026-08-27 23:35:31.476 NuvioTV[87386:12640420] [HomeScrollProbe] title row=58eddeb3-875e-47be-b94c-9e71577dcc88 margin=562 slide=0 net=562
2026-08-27 23:35:31.476 NuvioTV[87386:12640420] [HomeScrollProbe] title row=continue-watching margin=-292 slide=72 net=-220
2026-08-27 23:35:31.476 NuvioTV[87386:12640420] [HomeScrollProbe] title row=upcoming margin=136 slide=0 net=136
2026-08-27 23:35:31.493 NuvioTV[87386:12640420] [HomeScrollProbe] pinned-panel y=350 inset=0 residual=350
2026-08-27 23:35:31.493 NuvioTV[87386:12640420] [HomeScrollProbe] title row=58eddeb3-875e-47be-b94c-9e71577dcc88 margin=560 slide=0 net=560
2026-08-27 23:35:31.493 NuvioTV[87386:12640420] [HomeScrollProbe] title row=continue-watching margin=-294 slide=72 net=-222
2026-08-27 23:35:31.493 NuvioTV[87386:12640420] [HomeScrollProbe] title row=upcoming margin=134 slide=0 net=134
2026-08-27 23:35:31.509 NuvioTV[87386:12640420] [HomeScrollProbe] pinned-panel y=352 inset=0 residual=352
2026-08-27 23:35:31.509 NuvioTV[87386:12640420] [HomeScrollProbe] title row=58eddeb3-875e-47be-b94c-9e71577dcc88 margin=558 slide=0 net=558
2026-08-27 23:35:31.509 NuvioTV[87386:12640420] [HomeScrollProbe] title row=continue-watching margin=-296 slide=72 net=-224
2026-08-27 23:35:31.510 NuvioTV[87386:12640420] [HomeScrollProbe] title row=upcoming margin=132 slide=0 net=132
2026-08-27 23:35:31.526 NuvioTV[87386:12640420] [HomeScrollProbe] pinned-panel y=354 inset=0 residual=354
2026-08-27 23:35:31.526 NuvioTV[87386:12640420] [HomeScrollProbe] title row=58eddeb3-875e-47be-b94c-9e71577dcc88 margin=556 slide=0 net=556
2026-08-27 23:35:31.527 NuvioTV[87386:12640420] [HomeScrollProbe] title row=continue-watching margin=-298 slide=72 net=-226
2026-08-27 23:35:31.527 NuvioTV[87386:12640420] [HomeScrollProbe] title row=upcoming margin=130 slide=0 net=130
2026-08-27 23:35:31.543 NuvioTV[87386:12640420] [HomeScrollProbe] pinned-panel y=356 inset=0 residual=356
2026-08-27 23:35:31.543 NuvioTV[87386:12640420] [HomeScrollProbe] title row=58eddeb3-875e-47be-b94c-9e71577dcc88 margin=554 slide=0 net=554
2026-08-27 23:35:31.543 NuvioTV[87386:12640420] [HomeScrollProbe] title row=continue-watching margin=-300 slide=72 net=-228
2026-08-27 23:35:31.543 NuvioTV[87386:12640420] [HomeScrollProbe] title row=upcoming margin=128 slide=0 net=128
2026-08-27 23:35:31.559 NuvioTV[87386:12640420] [HomeScrollProbe] pinned-panel y=357 inset=0 residual=357
2026-08-27 23:35:31.560 NuvioTV[87386:12640420] [HomeScrollProbe] title row=58eddeb3-875e-47be-b94c-9e71577dcc88 margin=552 slide=0 net=552
2026-08-27 23:35:31.560 NuvioTV[87386:12640420] [HomeScrollProbe] title row=continue-watching margin=-302 slide=72 net=-230
2026-08-27 23:35:31.560 NuvioTV[87386:12640420] [HomeScrollProbe] title row=upcoming margin=126 slide=0 net=126
2026-08-27 23:35:31.577 NuvioTV[87386:12640420] [HomeScrollProbe] pinned-panel y=359 inset=0 residual=359
2026-08-27 23:35:31.577 NuvioTV[87386:12640420] [HomeScrollProbe] title row=58eddeb3-875e-47be-b94c-9e71577dcc88 margin=550 slide=0 net=550
2026-08-27 23:35:31.577 NuvioTV[87386:12640420] [HomeScrollProbe] title row=upcoming margin=124 slide=0 net=124
2026-08-27 23:35:31.593 NuvioTV[87386:12640420] [HomeScrollProbe] pinned-panel y=360 inset=0 residual=360
2026-08-27 23:35:31.594 NuvioTV[87386:12640420] [HomeScrollProbe] title row=continue-watching margin=-304 slide=72 net=-232
2026-08-27 23:35:31.609 NuvioTV[87386:12640420] [HomeScrollProbe] pinned-panel y=361 inset=0 residual=361
2026-08-27 23:35:31.609 NuvioTV[87386:12640420] [HomeScrollProbe] title row=58eddeb3-875e-47be-b94c-9e71577dcc88 margin=548 slide=0 net=548
2026-08-27 23:35:31.609 NuvioTV[87386:12640420] [HomeScrollProbe] title row=continue-watching margin=-306 slide=72 net=-234
2026-08-27 23:35:31.610 NuvioTV[87386:12640420] [HomeScrollProbe] title row=upcoming margin=122 slide=0 net=122
2026-08-27 23:35:31.626 NuvioTV[87386:12640420] [HomeScrollProbe] pinned-panel y=362 inset=0 residual=362
2026-08-27 23:35:31.627 NuvioTV[87386:12640420] [HomeScrollProbe] title row=upcoming margin=120 slide=0 net=120
2026-08-27 23:35:31.643 NuvioTV[87386:12640420] [HomeScrollProbe] pinned-panel y=363 inset=0 residual=363
2026-08-27 23:35:31.644 NuvioTV[87386:12640420] [HomeScrollProbe] title row=58eddeb3-875e-47be-b94c-9e71577dcc88 margin=546 slide=0 net=546
2026-08-27 23:35:31.644 NuvioTV[87386:12640420] [HomeScrollProbe] title row=continue-watching margin=-308 slide=72 net=-236
2026-08-27 23:35:31.660 NuvioTV[87386:12640420] [HomeScrollProbe] pinned-panel y=364 inset=0 residual=364
2026-08-27 23:35:31.676 NuvioTV[87386:12640420] [HomeScrollProbe] pinned-panel y=365 inset=0 residual=365
2026-08-27 23:35:31.676 NuvioTV[87386:12640420] [HomeScrollProbe] title row=58eddeb3-875e-47be-b94c-9e71577dcc88 margin=544 slide=0 net=544
2026-08-27 23:35:31.676 NuvioTV[87386:12640420] [HomeScrollProbe] title row=upcoming margin=118 slide=0 net=118
2026-08-27 23:35:31.693 NuvioTV[87386:12640420] [HomeScrollProbe] title row=continue-watching margin=-310 slide=72 net=-238
2026-08-27 23:35:31.710 NuvioTV[87386:12640420] [HomeScrollProbe] pinned-panel y=366 inset=0 residual=366
2026-08-27 23:35:31.726 NuvioTV[87386:12640420] [HomeScrollProbe] pinned-panel y=367 inset=0 residual=367
2026-08-27 23:35:31.726 NuvioTV[87386:12640420] [HomeScrollProbe] title row=58eddeb3-875e-47be-b94c-9e71577dcc88 margin=542 slide=0 net=542
2026-08-27 23:35:31.726 NuvioTV[87386:12640420] [HomeScrollProbe] title row=upcoming margin=116 slide=0 net=116
2026-08-27 23:35:31.743 NuvioTV[87386:12640420] [HomeScrollProbe] title row=continue-watching margin=-312 slide=72 net=-240
2026-08-27 23:35:31.777 NuvioTV[87386:12640420] [HomeScrollProbe] pinned-panel y=368 inset=0 residual=368
2026-08-27 23:35:31.793 NuvioTV[87386:12640420] [HomeScrollProbe] title row=upcoming margin=114 slide=0 net=114
2026-08-27 23:35:31.810 NuvioTV[87386:12640420] [HomeScrollProbe] pinned-panel y=369 inset=0 residual=369
2026-08-27 23:35:31.810 NuvioTV[87386:12640420] [HomeScrollProbe] title row=58eddeb3-875e-47be-b94c-9e71577dcc88 margin=540 slide=0 net=540
2026-08-27 23:35:31.844 NuvioTV[87386:12640420] [HomeScrollProbe] title row=continue-watching margin=-314 slide=72 net=-242
2026-08-27 23:35:31.877 NuvioTV[87386:12640420] [HomeScrollProbe] pinned-panel y=370 inset=0 residual=370
2026-08-27 23:35:31.928 NuvioTV[87386:12640420] [HomeScrollProbe] title row=upcoming margin=112 slide=0 net=112
2026-08-27 23:35:31.994 NuvioTV[87386:12640420] [HomeScrollProbe] pinned-panel y=371 inset=0 residual=371
2026-08-27 23:35:31.994 NuvioTV[87386:12640420] [HomeScrollProbe] title row=58eddeb3-875e-47be-b94c-9e71577dcc88 margin=538 slide=0 net=538
2026-08-27 23:35:32.093 NuvioTV[87386:12640420] [HomeScrollProbe] title row=continue-watching margin=-316 slide=72 net=-244
2026-08-27 23:35:32.110 NuvioTV[87386:12640420] [HomeScrollProbe] pinned-panel y=372 inset=0 residual=372
2026-08-27 23:35:32.186 NuvioTV[87386:12641604] [TrailerExtract] client=android_vr NO streamingData (playability=LOGIN_REQUIRED reason=Sign in to confirm you’re not a bot)
2026-08-27 23:35:32.346 NuvioTV[87386:12641605] [TrailerExtract] client=android video=_ARTcQh2P8o hls=false formats=1 adaptive=31 sdKeys=expiresInSeconds,formats,adaptiveFormats,serverAbrStreamingUrl,metadataFormats
2026-08-27 23:35:32.493 NuvioTV[87386:12641599] [TrailerExtract] client=ios video=_ARTcQh2P8o hls=false formats=0 adaptive=28 sdKeys=expiresInSeconds,adaptiveFormats,aspectRatio,serverAbrStreamingUrl,metadataFormats
2026-08-27 23:35:32.495 NuvioTV[87386:12641599] [TrailerExtract] selection: manifest=none progressive=360 (manifests collected=0)
2026-08-27 23:35:32.495 NuvioTV[87386:12641599] [TrailerExtract] repack candidates: avcVideo=1080p avc1.640028 (android) m4aAudio=mp4a.40.2 (android)
2026-08-27 23:35:32.530 NuvioTV[87386:12640420] [HomeScrollProbe] REST pinned-panel y=372 inset=0 residual=372
2026-08-27 23:35:32.612 NuvioTV[87386:12640420] [HomeScrollProbe] pinned-panel y=382 inset=0 residual=382
2026-08-27 23:35:32.613 NuvioTV[87386:12640420] [HomeScrollProbe] title row=58eddeb3-875e-47be-b94c-9e71577dcc88 margin=528 slide=0 net=528
2026-08-27 23:35:32.613 NuvioTV[87386:12640420] [HomeScrollProbe] title row=continue-watching margin=-326 slide=72 net=-254
2026-08-27 23:35:32.613 NuvioTV[87386:12640420] [HomeScrollProbe] title row=upcoming margin=102 slide=0 net=102
2026-08-27 23:35:32.630 NuvioTV[87386:12640420] [HomeScrollProbe] pinned-panel y=402 inset=0 residual=402
2026-08-27 23:35:32.630 NuvioTV[87386:12640420] [HomeScrollProbe] title row=58eddeb3-875e-47be-b94c-9e71577dcc88 margin=508 slide=0 net=508
2026-08-27 23:35:32.630 NuvioTV[87386:12640420] [HomeScrollProbe] title row=continue-watching margin=-346 slide=72 net=-274
2026-08-27 23:35:32.630 NuvioTV[87386:12640420] [HomeScrollProbe] title row=upcoming margin=82 slide=0 net=82
2026-08-27 23:35:32.649 NuvioTV[87386:12640420] [HomeScrollProbe] pinned-panel y=432 inset=0 residual=432
2026-08-27 23:35:32.649 NuvioTV[87386:12640420] [HomeScrollProbe] title row=58eddeb3-875e-47be-b94c-9e71577dcc88 margin=478 slide=0 net=478
2026-08-27 23:35:32.649 NuvioTV[87386:12640420] [HomeScrollProbe] title row=continue-watching margin=-376 slide=72 net=-304
2026-08-27 23:35:32.649 NuvioTV[87386:12640420] [HomeScrollProbe] title row=upcoming margin=52 slide=0 net=52
2026-08-27 23:35:32.663 NuvioTV[87386:12640420] [HomeScrollProbe] pinned-panel y=465 inset=0 residual=465
2026-08-27 23:35:32.663 NuvioTV[87386:12640420] [HomeScrollProbe] title row=58eddeb3-875e-47be-b94c-9e71577dcc88 margin=444 slide=0 net=444
2026-08-27 23:35:32.663 NuvioTV[87386:12640420] [HomeScrollProbe] title row=upcoming margin=18 slide=0 net=18
2026-08-27 23:35:32.679 NuvioTV[87386:12640420] [HomeScrollProbe] pinned-panel y=497 inset=0 residual=497
2026-08-27 23:35:32.679 NuvioTV[87386:12640420] [HomeScrollProbe] title row=58eddeb3-875e-47be-b94c-9e71577dcc88 margin=412 slide=0 net=412
2026-08-27 23:35:32.679 NuvioTV[87386:12640420] [HomeScrollProbe] title row=upcoming margin=-14 slide=14 net=0
2026-08-27 23:35:32.695 NuvioTV[87386:12640420] [HomeScrollProbe] pinned-panel y=526 inset=0 residual=526
2026-08-27 23:35:32.695 NuvioTV[87386:12640420] [HomeScrollProbe] title row=58eddeb3-875e-47be-b94c-9e71577dcc88 margin=384 slide=0 net=384
2026-08-27 23:35:32.695 NuvioTV[87386:12640420] [HomeScrollProbe] title row=upcoming margin=-44 slide=44 net=0
2026-08-27 23:35:32.711 NuvioTV[87386:12640420] [HomeScrollProbe] pinned-panel y=552 inset=0 residual=552
2026-08-27 23:35:32.711 NuvioTV[87386:12640420] [HomeScrollProbe] title row=58eddeb3-875e-47be-b94c-9e71577dcc88 margin=358 slide=0 net=358
2026-08-27 23:35:32.711 NuvioTV[87386:12640420] [HomeScrollProbe] title row=upcoming margin=-70 slide=70 net=0
2026-08-27 23:35:32.727 NuvioTV[87386:12640420] [HomeScrollProbe] pinned-panel y=574 inset=0 residual=574
2026-08-27 23:35:32.727 NuvioTV[87386:12640420] [HomeScrollProbe] title row=58eddeb3-875e-47be-b94c-9e71577dcc88 margin=336 slide=0 net=336
2026-08-27 23:35:32.727 NuvioTV[87386:12640420] [HomeScrollProbe] title row=upcoming margin=-92 slide=72 net=-20
2026-08-27 23:35:32.733 NuvioTV[87386:12640420] [TrailerPipeline] gates inlineTrailersEnabled=YES systemAutoplay=YES
2026-08-27 23:35:32.747 NuvioTV[87386:12640420] [HomeScrollProbe] pinned-panel y=600 inset=0 residual=600
2026-08-27 23:35:32.748 NuvioTV[87386:12640420] [HomeScrollProbe] title row=58eddeb3-875e-47be-b94c-9e71577dcc88 margin=310 slide=0 net=310
2026-08-27 23:35:32.748 NuvioTV[87386:12640420] [HomeScrollProbe] title row=upcoming margin=-118 slide=72 net=-46
2026-08-27 23:35:32.760 NuvioTV[87386:12640420] [HomeScrollProbe] pinned-panel y=614 inset=0 residual=614
2026-08-27 23:35:32.760 NuvioTV[87386:12640420] [HomeScrollProbe] title row=58eddeb3-875e-47be-b94c-9e71577dcc88 margin=296 slide=0 net=296
2026-08-27 23:35:32.760 NuvioTV[87386:12640420] [HomeScrollProbe] title row=upcoming margin=-132 slide=72 net=-60
2026-08-27 23:35:32.776 NuvioTV[87386:12640420] [HomeScrollProbe] pinned-panel y=631 inset=0 residual=631
2026-08-27 23:35:32.776 NuvioTV[87386:12640420] [HomeScrollProbe] title row=58eddeb3-875e-47be-b94c-9e71577dcc88 margin=278 slide=0 net=278
2026-08-27 23:35:32.776 NuvioTV[87386:12640420] [HomeScrollProbe] title row=upcoming margin=-148 slide=72 net=-76
2026-08-27 23:35:32.793 NuvioTV[87386:12640420] [HomeScrollProbe] pinned-panel y=647 inset=0 residual=647
2026-08-27 23:35:32.793 NuvioTV[87386:12640420] [HomeScrollProbe] title row=58eddeb3-875e-47be-b94c-9e71577dcc88 margin=262 slide=0 net=262
2026-08-27 23:35:32.793 NuvioTV[87386:12640420] [HomeScrollProbe] title row=upcoming margin=-164 slide=72 net=-92
2026-08-27 23:35:32.809 NuvioTV[87386:12640420] [HomeScrollProbe] pinned-panel y=661 inset=0 residual=661
2026-08-27 23:35:32.810 NuvioTV[87386:12640420] [HomeScrollProbe] title row=58eddeb3-875e-47be-b94c-9e71577dcc88 margin=248 slide=0 net=248
2026-08-27 23:35:32.810 NuvioTV[87386:12640420] [HomeScrollProbe] title row=upcoming margin=-178 slide=72 net=-106
2026-08-27 23:35:32.827 NuvioTV[87386:12640420] [HomeScrollProbe] pinned-panel y=674 inset=0 residual=674
2026-08-27 23:35:32.827 NuvioTV[87386:12640420] [HomeScrollProbe] title row=58eddeb3-875e-47be-b94c-9e71577dcc88 margin=236 slide=0 net=236
2026-08-27 23:35:32.827 NuvioTV[87386:12640420] [HomeScrollProbe] title row=upcoming margin=-192 slide=72 net=-120
2026-08-27 23:35:32.843 NuvioTV[87386:12640420] [HomeScrollProbe] pinned-panel y=685 inset=0 residual=685
2026-08-27 23:35:32.843 NuvioTV[87386:12640420] [HomeScrollProbe] title row=58eddeb3-875e-47be-b94c-9e71577dcc88 margin=224 slide=0 net=224
2026-08-27 23:35:32.843 NuvioTV[87386:12640420] [HomeScrollProbe] title row=upcoming margin=-202 slide=72 net=-130
2026-08-27 23:35:32.860 NuvioTV[87386:12640420] [HomeScrollProbe] pinned-panel y=695 inset=0 residual=695
2026-08-27 23:35:32.860 NuvioTV[87386:12640420] [HomeScrollProbe] title row=58eddeb3-875e-47be-b94c-9e71577dcc88 margin=214 slide=0 net=214
2026-08-27 23:35:32.860 NuvioTV[87386:12640420] [HomeScrollProbe] title row=upcoming margin=-212 slide=72 net=-140
2026-08-27 23:35:32.894 NuvioTV[87386:12640420] [HomeScrollProbe] pinned-panel y=713 inset=0 residual=713
2026-08-27 23:35:32.895 NuvioTV[87386:12640420] [HomeScrollProbe] title row=app.xperience.21e577a3-adc1-47c4-a75b-34493a8dab94:movie:recs_movies_for_you margin=584 slide=0 net=584
2026-08-27 23:35:32.895 NuvioTV[87386:12640420] [HomeScrollProbe] title row=58eddeb3-875e-47be-b94c-9e71577dcc88 margin=196 slide=0 net=196
2026-08-27 23:35:32.895 NuvioTV[87386:12640420] [HomeScrollProbe] title row=upcoming margin=-230 slide=72 net=-158
[LaunchTrace] +36878ms artwork #50: mem=0 disk=50 net=0 fail=0
2026-08-27 23:35:32.912 NuvioTV[87386:12640420] [HomeScrollProbe] pinned-panel y=720 inset=0 residual=720
2026-08-27 23:35:32.912 NuvioTV[87386:12640420] [HomeScrollProbe] title row=app.xperience.21e577a3-adc1-47c4-a75b-34493a8dab94:movie:recs_movies_for_you margin=578 slide=0 net=578
2026-08-27 23:35:32.912 NuvioTV[87386:12640420] [HomeScrollProbe] title row=58eddeb3-875e-47be-b94c-9e71577dcc88 margin=190 slide=0 net=190
2026-08-27 23:35:32.912 NuvioTV[87386:12640420] [HomeScrollProbe] title row=upcoming margin=-238 slide=72 net=-166
2026-08-27 23:35:32.926 NuvioTV[87386:12640420] [HomeScrollProbe] pinned-panel y=726 inset=0 residual=726
2026-08-27 23:35:32.926 NuvioTV[87386:12640420] [HomeScrollProbe] title row=app.xperience.21e577a3-adc1-47c4-a75b-34493a8dab94:movie:recs_movies_for_you margin=572 slide=0 net=572
2026-08-27 23:35:32.926 NuvioTV[87386:12640420] [HomeScrollProbe] title row=58eddeb3-875e-47be-b94c-9e71577dcc88 margin=184 slide=0 net=184
2026-08-27 23:35:32.926 NuvioTV[87386:12640420] [HomeScrollProbe] title row=upcoming margin=-244 slide=72 net=-172
2026-08-27 23:35:32.942 NuvioTV[87386:12641599] [TrailerExtract] repack decision: avc=1080p vs progressive=360p -> ELIGIBLE
2026-08-27 23:35:32.944 NuvioTV[87386:12640420] [HomeScrollProbe] pinned-panel y=732 inset=0 residual=732
2026-08-27 23:35:32.944 NuvioTV[87386:12640420] [HomeScrollProbe] title row=app.xperience.21e577a3-adc1-47c4-a75b-34493a8dab94:movie:recs_movies_for_you margin=566 slide=0 net=566
2026-08-27 23:35:32.944 NuvioTV[87386:12640420] [HomeScrollProbe] title row=58eddeb3-875e-47be-b94c-9e71577dcc88 margin=178 slide=0 net=178
2026-08-27 23:35:32.945 NuvioTV[87386:12640420] [HomeScrollProbe] title row=upcoming margin=-250 slide=72 net=-178
2026-08-27 23:35:32.960 NuvioTV[87386:12640420] [HomeScrollProbe] pinned-panel y=738 inset=0 residual=738
2026-08-27 23:35:32.960 NuvioTV[87386:12640420] [HomeScrollProbe] title row=app.xperience.21e577a3-adc1-47c4-a75b-34493a8dab94:movie:recs_movies_for_you margin=560 slide=0 net=560
2026-08-27 23:35:32.961 NuvioTV[87386:12640420] [HomeScrollProbe] title row=58eddeb3-875e-47be-b94c-9e71577dcc88 margin=172 slide=0 net=172
2026-08-27 23:35:32.961 NuvioTV[87386:12640420] [HomeScrollProbe] title row=upcoming margin=-256 slide=72 net=-184
2026-08-27 23:35:32.977 NuvioTV[87386:12640420] [HomeScrollProbe] pinned-panel y=742 inset=0 residual=742
2026-08-27 23:35:32.977 NuvioTV[87386:12640420] [HomeScrollProbe] title row=app.xperience.21e577a3-adc1-47c4-a75b-34493a8dab94:movie:recs_movies_for_you margin=556 slide=0 net=556
2026-08-27 23:35:32.977 NuvioTV[87386:12640420] [HomeScrollProbe] title row=58eddeb3-875e-47be-b94c-9e71577dcc88 margin=168 slide=0 net=168
2026-08-27 23:35:32.977 NuvioTV[87386:12640420] [HomeScrollProbe] title row=upcoming margin=-260 slide=72 net=-188
2026-08-27 23:35:32.994 NuvioTV[87386:12640420] [HomeScrollProbe] pinned-panel y=747 inset=0 residual=747
2026-08-27 23:35:32.994 NuvioTV[87386:12640420] [HomeScrollProbe] title row=app.xperience.21e577a3-adc1-47c4-a75b-34493a8dab94:movie:recs_movies_for_you margin=550 slide=0 net=550
2026-08-27 23:35:32.994 NuvioTV[87386:12640420] [HomeScrollProbe] title row=58eddeb3-875e-47be-b94c-9e71577dcc88 margin=162 slide=0 net=162
2026-08-27 23:35:32.994 NuvioTV[87386:12640420] [HomeScrollProbe] title row=upcoming margin=-264 slide=72 net=-192
2026-08-27 23:35:33.012 NuvioTV[87386:12640420] [HomeScrollProbe] pinned-panel y=751 inset=0 residual=751
2026-08-27 23:35:33.012 NuvioTV[87386:12640420] [HomeScrollProbe] title row=app.xperience.21e577a3-adc1-47c4-a75b-34493a8dab94:movie:recs_movies_for_you margin=546 slide=0 net=546
2026-08-27 23:35:33.012 NuvioTV[87386:12640420] [HomeScrollProbe] title row=58eddeb3-875e-47be-b94c-9e71577dcc88 margin=158 slide=0 net=158
2026-08-27 23:35:33.012 NuvioTV[87386:12640420] [HomeScrollProbe] title row=upcoming margin=-268 slide=72 net=-196
2026-08-27 23:35:33.027 NuvioTV[87386:12640420] [HomeScrollProbe] pinned-panel y=754 inset=0 residual=754
2026-08-27 23:35:33.027 NuvioTV[87386:12640420] [HomeScrollProbe] title row=app.xperience.21e577a3-adc1-47c4-a75b-34493a8dab94:movie:recs_movies_for_you margin=544 slide=0 net=544
2026-08-27 23:35:33.027 NuvioTV[87386:12640420] [HomeScrollProbe] title row=58eddeb3-875e-47be-b94c-9e71577dcc88 margin=156 slide=0 net=156
2026-08-27 23:35:33.027 NuvioTV[87386:12640420] [HomeScrollProbe] title row=upcoming margin=-272 slide=72 net=-200
2026-08-27 23:35:33.043 NuvioTV[87386:12640420] [HomeScrollProbe] pinned-panel y=757 inset=0 residual=757
2026-08-27 23:35:33.043 NuvioTV[87386:12640420] [HomeScrollProbe] title row=app.xperience.21e577a3-adc1-47c4-a75b-34493a8dab94:movie:recs_movies_for_you margin=540 slide=0 net=540
2026-08-27 23:35:33.043 NuvioTV[87386:12640420] [HomeScrollProbe] title row=58eddeb3-875e-47be-b94c-9e71577dcc88 margin=152 slide=0 net=152
2026-08-27 23:35:33.043 NuvioTV[87386:12640420] [HomeScrollProbe] title row=upcoming margin=-274 slide=72 net=-202
2026-08-27 23:35:33.060 NuvioTV[87386:12640420] [HomeScrollProbe] pinned-panel y=760 inset=0 residual=760
2026-08-27 23:35:33.060 NuvioTV[87386:12640420] [HomeScrollProbe] title row=app.xperience.21e577a3-adc1-47c4-a75b-34493a8dab94:movie:recs_movies_for_you margin=538 slide=0 net=538
2026-08-27 23:35:33.060 NuvioTV[87386:12640420] [HomeScrollProbe] title row=58eddeb3-875e-47be-b94c-9e71577dcc88 margin=150 slide=0 net=150
2026-08-27 23:35:33.060 NuvioTV[87386:12640420] [HomeScrollProbe] title row=upcoming margin=-278 slide=72 net=-206
2026-08-27 23:35:33.077 NuvioTV[87386:12640420] [HomeScrollProbe] pinned-panel y=762 inset=0 residual=762
2026-08-27 23:35:33.077 NuvioTV[87386:12640420] [HomeScrollProbe] title row=app.xperience.21e577a3-adc1-47c4-a75b-34493a8dab94:movie:recs_movies_for_you margin=536 slide=0 net=536
2026-08-27 23:35:33.077 NuvioTV[87386:12640420] [HomeScrollProbe] title row=58eddeb3-875e-47be-b94c-9e71577dcc88 margin=148 slide=0 net=148
2026-08-27 23:35:33.077 NuvioTV[87386:12640420] [HomeScrollProbe] title row=upcoming margin=-280 slide=72 net=-208
2026-08-27 23:35:33.093 NuvioTV[87386:12640420] [HomeScrollProbe] pinned-panel y=765 inset=0 residual=765
2026-08-27 23:35:33.093 NuvioTV[87386:12640420] [HomeScrollProbe] title row=app.xperience.21e577a3-adc1-47c4-a75b-34493a8dab94:movie:recs_movies_for_you margin=532 slide=0 net=532
2026-08-27 23:35:33.093 NuvioTV[87386:12640420] [HomeScrollProbe] title row=58eddeb3-875e-47be-b94c-9e71577dcc88 margin=144 slide=0 net=144
2026-08-27 23:35:33.093 NuvioTV[87386:12640420] [HomeScrollProbe] title row=upcoming margin=-282 slide=72 net=-210
2026-08-27 23:35:33.109 NuvioTV[87386:12640420] [HomeScrollProbe] pinned-panel y=767 inset=0 residual=767
2026-08-27 23:35:33.110 NuvioTV[87386:12640420] [HomeScrollProbe] title row=app.xperience.21e577a3-adc1-47c4-a75b-34493a8dab94:movie:recs_movies_for_you margin=530 slide=0 net=530
2026-08-27 23:35:33.110 NuvioTV[87386:12640420] [HomeScrollProbe] title row=58eddeb3-875e-47be-b94c-9e71577dcc88 margin=142 slide=0 net=142
2026-08-27 23:35:33.110 NuvioTV[87386:12640420] [HomeScrollProbe] title row=upcoming margin=-284 slide=72 net=-212
2026-08-27 23:35:33.127 NuvioTV[87386:12640420] [HomeScrollProbe] pinned-panel y=769 inset=0 residual=769
2026-08-27 23:35:33.127 NuvioTV[87386:12640420] [HomeScrollProbe] title row=app.xperience.21e577a3-adc1-47c4-a75b-34493a8dab94:movie:recs_movies_for_you margin=528 slide=0 net=528
2026-08-27 23:35:33.127 NuvioTV[87386:12640420] [HomeScrollProbe] title row=58eddeb3-875e-47be-b94c-9e71577dcc88 margin=140 slide=0 net=140
2026-08-27 23:35:33.127 NuvioTV[87386:12640420] [HomeScrollProbe] title row=upcoming margin=-286 slide=72 net=-214
2026-08-27 23:35:33.143 NuvioTV[87386:12640420] [HomeScrollProbe] pinned-panel y=770 inset=0 residual=770
2026-08-27 23:35:33.143 NuvioTV[87386:12640420] [HomeScrollProbe] title row=upcoming margin=-288 slide=72 net=-216
2026-08-27 23:35:33.160 NuvioTV[87386:12640420] [HomeScrollProbe] pinned-panel y=772 inset=0 residual=772
2026-08-27 23:35:33.160 NuvioTV[87386:12640420] [HomeScrollProbe] title row=app.xperience.21e577a3-adc1-47c4-a75b-34493a8dab94:movie:recs_movies_for_you margin=526 slide=0 net=526
2026-08-27 23:35:33.160 NuvioTV[87386:12640420] [HomeScrollProbe] title row=58eddeb3-875e-47be-b94c-9e71577dcc88 margin=138 slide=0 net=138
2026-08-27 23:35:33.160 NuvioTV[87386:12640420] [HomeScrollProbe] title row=upcoming margin=-290 slide=72 net=-218
2026-08-27 23:35:33.176 NuvioTV[87386:12640420] [HomeScrollProbe] pinned-panel y=773 inset=0 residual=773
2026-08-27 23:35:33.177 NuvioTV[87386:12640420] [HomeScrollProbe] title row=app.xperience.21e577a3-adc1-47c4-a75b-34493a8dab94:movie:recs_movies_for_you margin=524 slide=0 net=524
2026-08-27 23:35:33.177 NuvioTV[87386:12640420] [HomeScrollProbe] title row=58eddeb3-875e-47be-b94c-9e71577dcc88 margin=136 slide=0 net=136
2026-08-27 23:35:33.182 NuvioTV[87386:12641606] [TrailerRepack] serving 1920x1080 avc1+mp4a (30+15 segments) at http://127.0.0.1:8230/a0292149977679c291dda97877a13c19/master.m3u8
2026-08-27 23:35:33.193 NuvioTV[87386:12640420] [HomeScrollProbe] pinned-panel y=774 inset=0 residual=774
2026-08-27 23:35:33.193 NuvioTV[87386:12640420] [HomeScrollProbe] title row=upcoming margin=-292 slide=72 net=-220
2026-08-27 23:35:33.210 NuvioTV[87386:12640420] [HomeScrollProbe] pinned-panel y=775 inset=0 residual=775
2026-08-27 23:35:33.210 NuvioTV[87386:12640420] [HomeScrollProbe] title row=app.xperience.21e577a3-adc1-47c4-a75b-34493a8dab94:movie:recs_movies_for_you margin=522 slide=0 net=522
2026-08-27 23:35:33.210 NuvioTV[87386:12640420] [HomeScrollProbe] title row=58eddeb3-875e-47be-b94c-9e71577dcc88 margin=134 slide=0 net=134
2026-08-27 23:35:33.226 NuvioTV[87386:12640420] [HomeScrollProbe] pinned-panel y=776 inset=0 residual=776
2026-08-27 23:35:33.226 NuvioTV[87386:12640420] [HomeScrollProbe] title row=upcoming margin=-294 slide=72 net=-222
2026-08-27 23:35:33.243 NuvioTV[87386:12640420] [HomeScrollProbe] pinned-panel y=777 inset=0 residual=777
2026-08-27 23:35:33.243 NuvioTV[87386:12640420] [HomeScrollProbe] title row=app.xperience.21e577a3-adc1-47c4-a75b-34493a8dab94:movie:recs_movies_for_you margin=520 slide=0 net=520
2026-08-27 23:35:33.243 NuvioTV[87386:12640420] [HomeScrollProbe] title row=58eddeb3-875e-47be-b94c-9e71577dcc88 margin=132 slide=0 net=132
2026-08-27 23:35:33.259 NuvioTV[87386:12640420] [HomeScrollProbe] pinned-panel y=778 inset=0 residual=778
2026-08-27 23:35:33.259 NuvioTV[87386:12640420] [HomeScrollProbe] title row=upcoming margin=-296 slide=72 net=-224
2026-08-27 23:35:33.292 NuvioTV[87386:12640420] [HomeScrollProbe] pinned-panel y=779 inset=0 residual=779
2026-08-27 23:35:33.293 NuvioTV[87386:12640420] [HomeScrollProbe] title row=app.xperience.21e577a3-adc1-47c4-a75b-34493a8dab94:movie:recs_movies_for_you margin=518 slide=0 net=518
2026-08-27 23:35:33.293 NuvioTV[87386:12640420] [HomeScrollProbe] title row=58eddeb3-875e-47be-b94c-9e71577dcc88 margin=130 slide=0 net=130
2026-08-27 23:35:33.309 NuvioTV[87386:12640420] [HomeScrollProbe] pinned-panel y=780 inset=0 residual=780
2026-08-27 23:35:33.309 NuvioTV[87386:12640420] [HomeScrollProbe] title row=upcoming margin=-298 slide=72 net=-226
2026-08-27 23:35:33.342 NuvioTV[87386:12640420] [HomeScrollProbe] pinned-panel y=781 inset=0 residual=781
2026-08-27 23:35:33.342 NuvioTV[87386:12640420] [HomeScrollProbe] title row=app.xperience.21e577a3-adc1-47c4-a75b-34493a8dab94:movie:recs_movies_for_you margin=516 slide=0 net=516
2026-08-27 23:35:33.342 NuvioTV[87386:12640420] [HomeScrollProbe] title row=58eddeb3-875e-47be-b94c-9e71577dcc88 margin=128 slide=0 net=128
2026-08-27 23:35:33.393 NuvioTV[87386:12640420] [HomeScrollProbe] pinned-panel y=782 inset=0 residual=782
2026-08-27 23:35:33.393 NuvioTV[87386:12640420] [HomeScrollProbe] title row=upcoming margin=-300 slide=72 net=-228
2026-08-27 23:35:33.444 NuvioTV[87386:12640420] [HomeScrollProbe] pinned-panel y=783 inset=0 residual=783
2026-08-27 23:35:33.444 NuvioTV[87386:12640420] [HomeScrollProbe] title row=app.xperience.21e577a3-adc1-47c4-a75b-34493a8dab94:movie:recs_movies_for_you margin=514 slide=0 net=514
2026-08-27 23:35:33.445 NuvioTV[87386:12640420] [HomeScrollProbe] title row=58eddeb3-875e-47be-b94c-9e71577dcc88 margin=126 slide=0 net=126
2026-08-27 23:35:33.544 NuvioTV[87386:12640420] [HomeScrollProbe] pinned-panel y=784 inset=0 residual=784
2026-08-27 23:35:33.545 NuvioTV[87386:12640420] [HomeScrollProbe] title row=upcoming margin=-302 slide=72 net=-230
2026-08-27 23:35:33.695 NuvioTV[87386:12640420] [HomeScrollProbe] pinned-panel y=785 inset=0 residual=785
2026-08-27 23:35:33.696 NuvioTV[87386:12640420] [HomeScrollProbe] title row=app.xperience.21e577a3-adc1-47c4-a75b-34493a8dab94:movie:recs_movies_for_you margin=512 slide=0 net=512
2026-08-27 23:35:33.696 NuvioTV[87386:12640420] [HomeScrollProbe] title row=58eddeb3-875e-47be-b94c-9e71577dcc88 margin=124 slide=0 net=124
2026-08-27 23:35:34.116 NuvioTV[87386:12640420] [HomeScrollProbe] REST pinned-panel y=785 inset=0 residual=785
2026-08-27 23:35:36.155 NuvioTV[87386:12640420] [HomeScrollProbe] pinned-panel y=795 inset=0 residual=795
2026-08-27 23:35:36.156 NuvioTV[87386:12640420] [HomeScrollProbe] title row=app.xperience.21e577a3-adc1-47c4-a75b-34493a8dab94:movie:recs_movies_for_you margin=502 slide=0 net=502
2026-08-27 23:35:36.156 NuvioTV[87386:12640420] [HomeScrollProbe] title row=58eddeb3-875e-47be-b94c-9e71577dcc88 margin=114 slide=0 net=114
2026-08-27 23:35:36.156 NuvioTV[87386:12640420] [HomeScrollProbe] title row=upcoming margin=-312 slide=72 net=-240
2026-08-27 23:35:36.179 NuvioTV[87386:12640420] [HomeScrollProbe] pinned-panel y=815 inset=0 residual=815
2026-08-27 23:35:36.180 NuvioTV[87386:12640420] [HomeScrollProbe] title row=app.xperience.21e577a3-adc1-47c4-a75b-34493a8dab94:movie:recs_movies_for_you margin=482 slide=0 net=482
2026-08-27 23:35:36.180 NuvioTV[87386:12640420] [HomeScrollProbe] title row=58eddeb3-875e-47be-b94c-9e71577dcc88 margin=94 slide=0 net=94
2026-08-27 23:35:36.180 NuvioTV[87386:12640420] [HomeScrollProbe] title row=upcoming margin=-332 slide=72 net=-260
2026-08-27 23:35:36.195 NuvioTV[87386:12640420] [HomeScrollProbe] pinned-panel y=845 inset=0 residual=845
2026-08-27 23:35:36.195 NuvioTV[87386:12640420] [HomeScrollProbe] title row=app.xperience.21e577a3-adc1-47c4-a75b-34493a8dab94:movie:recs_movies_for_you margin=452 slide=0 net=452
2026-08-27 23:35:36.195 NuvioTV[87386:12640420] [HomeScrollProbe] title row=58eddeb3-875e-47be-b94c-9e71577dcc88 margin=64 slide=0 net=64
2026-08-27 23:35:36.195 NuvioTV[87386:12640420] [HomeScrollProbe] title row=upcoming margin=-362 slide=72 net=-290
2026-08-27 23:35:36.210 NuvioTV[87386:12640420] [HomeScrollProbe] pinned-panel y=885 inset=0 residual=885
2026-08-27 23:35:36.210 NuvioTV[87386:12640420] [HomeScrollProbe] title row=58eddeb3-875e-47be-b94c-9e71577dcc88 margin=24 slide=0 net=24
2026-08-27 23:35:36.211 NuvioTV[87386:12640420] [HomeScrollProbe] title row=app.xperience.21e577a3-adc1-47c4-a75b-34493a8dab94:movie:recs_movies_for_you margin=412 slide=0 net=412
2026-08-27 23:35:36.226 NuvioTV[87386:12640420] [HomeScrollProbe] pinned-panel y=926 inset=0 residual=926
2026-08-27 23:35:36.226 NuvioTV[87386:12640420] [HomeScrollProbe] title row=58eddeb3-875e-47be-b94c-9e71577dcc88 margin=-18 slide=18 net=0
2026-08-27 23:35:36.226 NuvioTV[87386:12640420] [HomeScrollProbe] title row=app.xperience.21e577a3-adc1-47c4-a75b-34493a8dab94:movie:recs_movies_for_you margin=372 slide=0 net=372
2026-08-27 23:35:36.243 NuvioTV[87386:12640420] [HomeScrollProbe] pinned-panel y=963 inset=0 residual=963
2026-08-27 23:35:36.243 NuvioTV[87386:12640420] [HomeScrollProbe] title row=58eddeb3-875e-47be-b94c-9e71577dcc88 margin=-54 slide=54 net=0
2026-08-27 23:35:36.243 NuvioTV[87386:12640420] [HomeScrollProbe] title row=app.xperience.21e577a3-adc1-47c4-a75b-34493a8dab94:movie:recs_movies_for_you margin=334 slide=0 net=334
2026-08-27 23:35:36.260 NuvioTV[87386:12640420] [HomeScrollProbe] pinned-panel y=997 inset=0 residual=997
2026-08-27 23:35:36.260 NuvioTV[87386:12640420] [HomeScrollProbe] title row=58eddeb3-875e-47be-b94c-9e71577dcc88 margin=-88 slide=72 net=-16
2026-08-27 23:35:36.260 NuvioTV[87386:12640420] [HomeScrollProbe] title row=app.xperience.21e577a3-adc1-47c4-a75b-34493a8dab94:movie:recs_movies_for_you margin=300 slide=0 net=300
2026-08-27 23:35:36.277 NuvioTV[87386:12640420] [HomeScrollProbe] pinned-panel y=1027 inset=0 residual=1027
2026-08-27 23:35:36.277 NuvioTV[87386:12640420] [HomeScrollProbe] title row=58eddeb3-875e-47be-b94c-9e71577dcc88 margin=-118 slide=72 net=-46
2026-08-27 23:35:36.277 NuvioTV[87386:12640420] [HomeScrollProbe] title row=app.xperience.21e577a3-adc1-47c4-a75b-34493a8dab94:movie:recs_movies_for_you margin=270 slide=0 net=270
2026-08-27 23:35:36.293 NuvioTV[87386:12640420] [HomeScrollProbe] pinned-panel y=1054 inset=0 residual=1054
2026-08-27 23:35:36.293 NuvioTV[87386:12640420] [HomeScrollProbe] title row=58eddeb3-875e-47be-b94c-9e71577dcc88 margin=-146 slide=72 net=-74
2026-08-27 23:35:36.293 NuvioTV[87386:12640420] [HomeScrollProbe] title row=app.xperience.21e577a3-adc1-47c4-a75b-34493a8dab94:movie:recs_movies_for_you margin=244 slide=0 net=244
2026-08-27 23:35:36.310 NuvioTV[87386:12640420] [HomeScrollProbe] pinned-panel y=1079 inset=0 residual=1079
2026-08-27 23:35:36.310 NuvioTV[87386:12640420] [HomeScrollProbe] title row=58eddeb3-875e-47be-b94c-9e71577dcc88 margin=-170 slide=72 net=-98
2026-08-27 23:35:36.310 NuvioTV[87386:12640420] [HomeScrollProbe] title row=app.xperience.21e577a3-adc1-47c4-a75b-34493a8dab94:movie:recs_movies_for_you margin=218 slide=0 net=218
2026-08-27 23:35:36.326 NuvioTV[87386:12640420] [HomeScrollProbe] pinned-panel y=1101 inset=0 residual=1101
2026-08-27 23:35:36.326 NuvioTV[87386:12640420] [HomeScrollProbe] title row=58eddeb3-875e-47be-b94c-9e71577dcc88 margin=-192 slide=72 net=-120
2026-08-27 23:35:36.326 NuvioTV[87386:12640420] [HomeScrollProbe] title row=app.xperience.21e577a3-adc1-47c4-a75b-34493a8dab94:movie:recs_movies_for_you margin=196 slide=0 net=196
2026-08-27 23:35:36.343 NuvioTV[87386:12640420] [HomeScrollProbe] pinned-panel y=1120 inset=0 residual=1120
2026-08-27 23:35:36.343 NuvioTV[87386:12640420] [HomeScrollProbe] title row=58eddeb3-875e-47be-b94c-9e71577dcc88 margin=-212 slide=72 net=-140
2026-08-27 23:35:36.343 NuvioTV[87386:12640420] [HomeScrollProbe] title row=app.xperience.21e577a3-adc1-47c4-a75b-34493a8dab94:movie:recs_movies_for_you margin=178 slide=0 net=178
2026-08-27 23:35:36.359 NuvioTV[87386:12640420] [HomeScrollProbe] pinned-panel y=1138 inset=0 residual=1138
2026-08-27 23:35:36.359 NuvioTV[87386:12640420] [HomeScrollProbe] title row=58eddeb3-875e-47be-b94c-9e71577dcc88 margin=-230 slide=72 net=-158
2026-08-27 23:35:36.359 NuvioTV[87386:12640420] [HomeScrollProbe] title row=app.xperience.21e577a3-adc1-47c4-a75b-34493a8dab94:movie:recs_movies_for_you margin=160 slide=0 net=160
2026-08-27 23:35:36.378 NuvioTV[87386:12640420] [HomeScrollProbe] pinned-panel y=1157 inset=0 residual=1157
2026-08-27 23:35:36.378 NuvioTV[87386:12640420] [HomeScrollProbe] title row=58eddeb3-875e-47be-b94c-9e71577dcc88 margin=-248 slide=72 net=-176
2026-08-27 23:35:36.379 NuvioTV[87386:12640420] [HomeScrollProbe] title row=app.xperience.21e577a3-adc1-47c4-a75b-34493a8dab94:movie:recs_movies_for_you margin=140 slide=0 net=140
2026-08-27 23:35:36.393 NuvioTV[87386:12640420] [HomeScrollProbe] pinned-panel y=1169 inset=0 residual=1169
2026-08-27 23:35:36.393 NuvioTV[87386:12640420] [HomeScrollProbe] title row=58eddeb3-875e-47be-b94c-9e71577dcc88 margin=-260 slide=72 net=-188
2026-08-27 23:35:36.393 NuvioTV[87386:12640420] [HomeScrollProbe] title row=app.xperience.21e577a3-adc1-47c4-a75b-34493a8dab94:movie:recs_movies_for_you margin=128 slide=0 net=128
2026-08-27 23:35:36.409 NuvioTV[87386:12640420] [HomeScrollProbe] pinned-panel y=1182 inset=0 residual=1182
2026-08-27 23:35:36.410 NuvioTV[87386:12640420] [HomeScrollProbe] title row=58eddeb3-875e-47be-b94c-9e71577dcc88 margin=-274 slide=72 net=-202
2026-08-27 23:35:36.410 NuvioTV[87386:12640420] [HomeScrollProbe] title row=app.xperience.21e577a3-adc1-47c4-a75b-34493a8dab94:movie:recs_movies_for_you margin=116 slide=0 net=116
2026-08-27 23:35:36.426 NuvioTV[87386:12640420] [HomeScrollProbe] pinned-panel y=1194 inset=0 residual=1194
2026-08-27 23:35:36.427 NuvioTV[87386:12640420] [HomeScrollProbe] title row=58eddeb3-875e-47be-b94c-9e71577dcc88 margin=-284 slide=72 net=-212
2026-08-27 23:35:36.427 NuvioTV[87386:12640420] [HomeScrollProbe] title row=app.xperience.21e577a3-adc1-47c4-a75b-34493a8dab94:movie:recs_movies_for_you margin=104 slide=0 net=104
2026-08-27 23:35:36.443 NuvioTV[87386:12640420] [HomeScrollProbe] pinned-panel y=1204 inset=0 residual=1204
2026-08-27 23:35:36.443 NuvioTV[87386:12640420] [HomeScrollProbe] title row=58eddeb3-875e-47be-b94c-9e71577dcc88 margin=-296 slide=72 net=-224
2026-08-27 23:35:36.443 NuvioTV[87386:12640420] [HomeScrollProbe] title row=app.xperience.21e577a3-adc1-47c4-a75b-34493a8dab94:movie:recs_movies_for_you margin=94 slide=0 net=94
2026-08-27 23:35:36.460 NuvioTV[87386:12640420] [HomeScrollProbe] pinned-panel y=1213 inset=0 residual=1213
2026-08-27 23:35:36.460 NuvioTV[87386:12640420] [HomeScrollProbe] title row=58eddeb3-875e-47be-b94c-9e71577dcc88 margin=-304 slide=72 net=-232
2026-08-27 23:35:36.460 NuvioTV[87386:12640420] [HomeScrollProbe] title row=app.xperience.21e577a3-adc1-47c4-a75b-34493a8dab94:movie:recs_movies_for_you margin=84 slide=0 net=84
2026-08-27 23:35:36.477 NuvioTV[87386:12640420] [HomeScrollProbe] pinned-panel y=1222 inset=0 residual=1222
2026-08-27 23:35:36.477 NuvioTV[87386:12640420] [HomeScrollProbe] title row=58eddeb3-875e-47be-b94c-9e71577dcc88 margin=-312 slide=72 net=-240
2026-08-27 23:35:36.477 NuvioTV[87386:12640420] [HomeScrollProbe] title row=app.xperience.21e577a3-adc1-47c4-a75b-34493a8dab94:movie:recs_movies_for_you margin=76 slide=0 net=76
2026-08-27 23:35:36.493 NuvioTV[87386:12640420] [HomeScrollProbe] pinned-panel y=1229 inset=0 residual=1229
2026-08-27 23:35:36.493 NuvioTV[87386:12640420] [HomeScrollProbe] title row=58eddeb3-875e-47be-b94c-9e71577dcc88 margin=-320 slide=72 net=-248
2026-08-27 23:35:36.493 NuvioTV[87386:12640420] [HomeScrollProbe] title row=app.xperience.21e577a3-adc1-47c4-a75b-34493a8dab94:movie:recs_movies_for_you margin=68 slide=0 net=68
2026-08-27 23:35:36.510 NuvioTV[87386:12640420] [HomeScrollProbe] pinned-panel y=1236 inset=0 residual=1236
2026-08-27 23:35:36.510 NuvioTV[87386:12640420] [HomeScrollProbe] title row=58eddeb3-875e-47be-b94c-9e71577dcc88 margin=-328 slide=72 net=-256
2026-08-27 23:35:36.510 NuvioTV[87386:12640420] [HomeScrollProbe] title row=app.xperience.21e577a3-adc1-47c4-a75b-34493a8dab94:movie:recs_movies_for_you margin=62 slide=0 net=62
2026-08-27 23:35:36.527 NuvioTV[87386:12640420] [HomeScrollProbe] pinned-panel y=1242 inset=0 residual=1242
2026-08-27 23:35:36.527 NuvioTV[87386:12640420] [HomeScrollProbe] title row=58eddeb3-875e-47be-b94c-9e71577dcc88 margin=-334 slide=72 net=-262
2026-08-27 23:35:36.527 NuvioTV[87386:12640420] [HomeScrollProbe] title row=app.xperience.21e577a3-adc1-47c4-a75b-34493a8dab94:movie:recs_movies_for_you margin=56 slide=0 net=56
2026-08-27 23:35:36.543 NuvioTV[87386:12640420] [HomeScrollProbe] pinned-panel y=1248 inset=0 residual=1248
2026-08-27 23:35:36.543 NuvioTV[87386:12640420] [HomeScrollProbe] title row=58eddeb3-875e-47be-b94c-9e71577dcc88 margin=-338 slide=72 net=-266
2026-08-27 23:35:36.543 NuvioTV[87386:12640420] [HomeScrollProbe] title row=app.xperience.21e577a3-adc1-47c4-a75b-34493a8dab94:movie:recs_movies_for_you margin=50 slide=0 net=50
2026-08-27 23:35:36.572 NuvioTV[87386:12640420] [HomeScrollProbe] pinned-panel y=1253 inset=0 residual=1253
2026-08-27 23:35:36.573 NuvioTV[87386:12640420] [HomeScrollProbe] title row=app.xperience.21e577a3-adc1-47c4-a75b-34493a8dab94:series:recs_series_for_you margin=598 slide=0 net=598
2026-08-27 23:35:36.573 NuvioTV[87386:12640420] [HomeScrollProbe] title row=app.xperience.21e577a3-adc1-47c4-a75b-34493a8dab94:movie:recs_movies_for_you margin=44 slide=0 net=44
2026-08-27 23:35:36.594 NuvioTV[87386:12640420] [HomeScrollProbe] pinned-panel y=1261 inset=0 residual=1261
2026-08-27 23:35:36.594 NuvioTV[87386:12640420] [HomeScrollProbe] title row=app.xperience.21e577a3-adc1-47c4-a75b-34493a8dab94:series:recs_series_for_you margin=590 slide=0 net=590
2026-08-27 23:35:36.594 NuvioTV[87386:12640420] [HomeScrollProbe] title row=app.xperience.21e577a3-adc1-47c4-a75b-34493a8dab94:movie:recs_movies_for_you margin=36 slide=0 net=36
2026-08-27 23:35:36.626 NuvioTV[87386:12640420] [HomeScrollProbe] pinned-panel y=1268 inset=0 residual=1268
2026-08-27 23:35:36.626 NuvioTV[87386:12640420] [HomeScrollProbe] title row=app.xperience.21e577a3-adc1-47c4-a75b-34493a8dab94:series:recs_series_for_you margin=582 slide=0 net=582
2026-08-27 23:35:36.626 NuvioTV[87386:12640420] [HomeScrollProbe] title row=app.xperience.21e577a3-adc1-47c4-a75b-34493a8dab94:movie:recs_movies_for_you margin=30 slide=0 net=30
2026-08-27 23:35:36.644 NuvioTV[87386:12640420] [HomeScrollProbe] pinned-panel y=1271 inset=0 residual=1271
2026-08-27 23:35:36.644 NuvioTV[87386:12640420] [HomeScrollProbe] title row=app.xperience.21e577a3-adc1-47c4-a75b-34493a8dab94:series:recs_series_for_you margin=580 slide=0 net=580
2026-08-27 23:35:36.644 NuvioTV[87386:12640420] [HomeScrollProbe] title row=app.xperience.21e577a3-adc1-47c4-a75b-34493a8dab94:movie:recs_movies_for_you margin=26 slide=0 net=26
2026-08-27 23:35:36.660 NuvioTV[87386:12640420] [HomeScrollProbe] pinned-panel y=1274 inset=0 residual=1274
2026-08-27 23:35:36.660 NuvioTV[87386:12640420] [HomeScrollProbe] title row=app.xperience.21e577a3-adc1-47c4-a75b-34493a8dab94:series:recs_series_for_you margin=578 slide=0 net=578
2026-08-27 23:35:36.660 NuvioTV[87386:12640420] [HomeScrollProbe] title row=app.xperience.21e577a3-adc1-47c4-a75b-34493a8dab94:movie:recs_movies_for_you margin=24 slide=0 net=24
2026-08-27 23:35:36.676 NuvioTV[87386:12640420] [HomeScrollProbe] pinned-panel y=1276 inset=0 residual=1276
2026-08-27 23:35:36.677 NuvioTV[87386:12640420] [HomeScrollProbe] title row=app.xperience.21e577a3-adc1-47c4-a75b-34493a8dab94:series:recs_series_for_you margin=574 slide=0 net=574
2026-08-27 23:35:36.677 NuvioTV[87386:12640420] [HomeScrollProbe] title row=app.xperience.21e577a3-adc1-47c4-a75b-34493a8dab94:movie:recs_movies_for_you margin=22 slide=0 net=22
2026-08-27 23:35:36.694 NuvioTV[87386:12640420] [HomeScrollProbe] pinned-panel y=1278 inset=0 residual=1278
2026-08-27 23:35:36.694 NuvioTV[87386:12640420] [HomeScrollProbe] title row=app.xperience.21e577a3-adc1-47c4-a75b-34493a8dab94:series:recs_series_for_you margin=572 slide=0 net=572
2026-08-27 23:35:36.694 NuvioTV[87386:12640420] [HomeScrollProbe] title row=app.xperience.21e577a3-adc1-47c4-a75b-34493a8dab94:movie:recs_movies_for_you margin=20 slide=0 net=20
2026-08-27 23:35:36.711 NuvioTV[87386:12640420] [HomeScrollProbe] pinned-panel y=1280 inset=0 residual=1280
2026-08-27 23:35:36.711 NuvioTV[87386:12640420] [HomeScrollProbe] title row=app.xperience.21e577a3-adc1-47c4-a75b-34493a8dab94:series:recs_series_for_you margin=570 slide=0 net=570
2026-08-27 23:35:36.712 NuvioTV[87386:12640420] [HomeScrollProbe] title row=app.xperience.21e577a3-adc1-47c4-a75b-34493a8dab94:movie:recs_movies_for_you margin=18 slide=0 net=18
2026-08-27 23:35:36.727 NuvioTV[87386:12640420] [HomeScrollProbe] pinned-panel y=1282 inset=0 residual=1282
2026-08-27 23:35:36.727 NuvioTV[87386:12640420] [HomeScrollProbe] title row=app.xperience.21e577a3-adc1-47c4-a75b-34493a8dab94:movie:recs_movies_for_you margin=16 slide=0 net=16
2026-08-27 23:35:36.743 NuvioTV[87386:12640420] [HomeScrollProbe] pinned-panel y=1283 inset=0 residual=1283
2026-08-27 23:35:36.744 NuvioTV[87386:12640420] [HomeScrollProbe] title row=app.xperience.21e577a3-adc1-47c4-a75b-34493a8dab94:series:recs_series_for_you margin=568 slide=0 net=568
2026-08-27 23:35:36.744 NuvioTV[87386:12640420] [HomeScrollProbe] title row=app.xperience.21e577a3-adc1-47c4-a75b-34493a8dab94:movie:recs_movies_for_you margin=14 slide=0 net=14
2026-08-27 23:35:36.760 NuvioTV[87386:12640420] [HomeScrollProbe] pinned-panel y=1285 inset=0 residual=1285
2026-08-27 23:35:36.760 NuvioTV[87386:12640420] [HomeScrollProbe] title row=app.xperience.21e577a3-adc1-47c4-a75b-34493a8dab94:series:recs_series_for_you margin=566 slide=0 net=566
2026-08-27 23:35:36.760 NuvioTV[87386:12640420] [HomeScrollProbe] title row=app.xperience.21e577a3-adc1-47c4-a75b-34493a8dab94:movie:recs_movies_for_you margin=12 slide=0 net=12
2026-08-27 23:35:36.777 NuvioTV[87386:12640420] [HomeScrollProbe] pinned-panel y=1286 inset=0 residual=1286
2026-08-27 23:35:36.810 NuvioTV[87386:12640420] [HomeScrollProbe] pinned-panel y=1288 inset=0 residual=1288
2026-08-27 23:35:36.810 NuvioTV[87386:12640420] [HomeScrollProbe] title row=app.xperience.21e577a3-adc1-47c4-a75b-34493a8dab94:series:recs_series_for_you margin=562 slide=0 net=562
2026-08-27 23:35:36.810 NuvioTV[87386:12640420] [HomeScrollProbe] title row=app.xperience.21e577a3-adc1-47c4-a75b-34493a8dab94:movie:recs_movies_for_you margin=10 slide=0 net=10
2026-08-27 23:35:36.826 NuvioTV[87386:12640420] [HomeScrollProbe] pinned-panel y=1289 inset=0 residual=1289
2026-08-27 23:35:36.826 NuvioTV[87386:12640420] [HomeScrollProbe] title row=app.xperience.21e577a3-adc1-47c4-a75b-34493a8dab94:movie:recs_movies_for_you margin=8 slide=0 net=8
2026-08-27 23:35:36.843 NuvioTV[87386:12640420] [HomeScrollProbe] pinned-panel y=1290 inset=0 residual=1290
2026-08-27 23:35:36.860 NuvioTV[87386:12640420] [HomeScrollProbe] pinned-panel y=1291 inset=0 residual=1291
2026-08-27 23:35:36.860 NuvioTV[87386:12640420] [HomeScrollProbe] title row=app.xperience.21e577a3-adc1-47c4-a75b-34493a8dab94:series:recs_series_for_you margin=560 slide=0 net=560
2026-08-27 23:35:36.860 NuvioTV[87386:12640420] [HomeScrollProbe] title row=app.xperience.21e577a3-adc1-47c4-a75b-34493a8dab94:movie:recs_movies_for_you margin=6 slide=0 net=6
2026-08-27 23:35:36.893 NuvioTV[87386:12640420] [HomeScrollProbe] pinned-panel y=1292 inset=0 residual=1292
2026-08-27 23:35:36.910 NuvioTV[87386:12640420] [HomeScrollProbe] title row=app.xperience.21e577a3-adc1-47c4-a75b-34493a8dab94:series:recs_series_for_you margin=558 slide=0 net=558
2026-08-27 23:35:36.927 NuvioTV[87386:12640420] [HomeScrollProbe] pinned-panel y=1293 inset=0 residual=1293
2026-08-27 23:35:36.927 NuvioTV[87386:12640420] [HomeScrollProbe] title row=app.xperience.21e577a3-adc1-47c4-a75b-34493a8dab94:movie:recs_movies_for_you margin=4 slide=0 net=4
2026-08-27 23:35:36.960 NuvioTV[87386:12640420] [HomeScrollProbe] pinned-panel y=1294 inset=0 residual=1294
2026-08-27 23:35:36.994 NuvioTV[87386:12640420] [HomeScrollProbe] title row=app.xperience.21e577a3-adc1-47c4-a75b-34493a8dab94:series:recs_series_for_you margin=556 slide=0 net=556
2026-08-27 23:35:37.010 NuvioTV[87386:12640420] [HomeScrollProbe] pinned-panel y=1295 inset=0 residual=1295
2026-08-27 23:35:37.010 NuvioTV[87386:12640420] [HomeScrollProbe] title row=app.xperience.21e577a3-adc1-47c4-a75b-34493a8dab94:movie:recs_movies_for_you margin=2 slide=0 net=2
2026-08-27 23:35:37.093 NuvioTV[87386:12640420] [HomeScrollProbe] pinned-panel y=1296 inset=0 residual=1296
2026-08-27 23:35:37.160 NuvioTV[87386:12640420] [HomeScrollProbe] title row=app.xperience.21e577a3-adc1-47c4-a75b-34493a8dab94:series:recs_series_for_you margin=554 slide=0 net=554
2026-08-27 23:35:37.277 NuvioTV[87386:12640420] [HomeScrollProbe] pinned-panel y=1297 inset=0 residual=1297
2026-08-27 23:35:37.278 NuvioTV[87386:12640420] [HomeScrollProbe] title row=app.xperience.21e577a3-adc1-47c4-a75b-34493a8dab94:movie:recs_movies_for_you margin=0 slide=0 net=0
2026-08-27 23:35:37.697 NuvioTV[87386:12640420] [HomeScrollProbe] REST pinned-panel y=1297 inset=0 residual=1297
2026-08-27 23:35:37.763 NuvioTV[87386:12640420] [HomeScrollProbe] pinned-panel y=1307 inset=0 residual=1307
2026-08-27 23:35:37.764 NuvioTV[87386:12640420] [HomeScrollProbe] title row=app.xperience.21e577a3-adc1-47c4-a75b-34493a8dab94:series:recs_series_for_you margin=544 slide=0 net=544
2026-08-27 23:35:37.764 NuvioTV[87386:12640420] [HomeScrollProbe] title row=app.xperience.21e577a3-adc1-47c4-a75b-34493a8dab94:movie:recs_movies_for_you margin=-10 slide=10 net=0
2026-08-27 23:35:37.779 NuvioTV[87386:12640420] [HomeScrollProbe] pinned-panel y=1327 inset=0 residual=1327
2026-08-27 23:35:37.779 NuvioTV[87386:12640420] [HomeScrollProbe] title row=app.xperience.21e577a3-adc1-47c4-a75b-34493a8dab94:series:recs_series_for_you margin=524 slide=0 net=524
2026-08-27 23:35:37.779 NuvioTV[87386:12640420] [HomeScrollProbe] title row=app.xperience.21e577a3-adc1-47c4-a75b-34493a8dab94:movie:recs_movies_for_you margin=-30 slide=30 net=0
2026-08-27 23:35:37.796 NuvioTV[87386:12640420] [HomeScrollProbe] pinned-panel y=1357 inset=0 residual=1357
2026-08-27 23:35:37.796 NuvioTV[87386:12640420] [HomeScrollProbe] title row=app.xperience.21e577a3-adc1-47c4-a75b-34493a8dab94:series:recs_series_for_you margin=494 slide=0 net=494
2026-08-27 23:35:37.796 NuvioTV[87386:12640420] [HomeScrollProbe] title row=app.xperience.21e577a3-adc1-47c4-a75b-34493a8dab94:movie:recs_movies_for_you margin=-60 slide=60 net=0
2026-08-27 23:35:37.811 NuvioTV[87386:12640420] [HomeScrollProbe] pinned-panel y=1397 inset=0 residual=1397
2026-08-27 23:35:37.811 NuvioTV[87386:12640420] [HomeScrollProbe] title row=app.xperience.21e577a3-adc1-47c4-a75b-34493a8dab94:series:recs_series_for_you margin=454 slide=0 net=454
2026-08-27 23:35:37.811 NuvioTV[87386:12640420] [HomeScrollProbe] title row=app.xperience.21e577a3-adc1-47c4-a75b-34493a8dab94:movie:recs_movies_for_you margin=-100 slide=72 net=-28
2026-08-27 23:35:37.828 NuvioTV[87386:12640420] [HomeScrollProbe] pinned-panel y=1443 inset=0 residual=1443
2026-08-27 23:35:37.828 NuvioTV[87386:12640420] [HomeScrollProbe] title row=app.xperience.21e577a3-adc1-47c4-a75b-34493a8dab94:series:recs_series_for_you margin=408 slide=0 net=408
2026-08-27 23:35:37.828 NuvioTV[87386:12640420] [HomeScrollProbe] title row=app.xperience.21e577a3-adc1-47c4-a75b-34493a8dab94:movie:recs_movies_for_you margin=-146 slide=72 net=-74
2026-08-27 23:35:37.845 NuvioTV[87386:12640420] [HomeScrollProbe] pinned-panel y=1484 inset=0 residual=1484
2026-08-27 23:35:37.845 NuvioTV[87386:12640420] [HomeScrollProbe] title row=app.xperience.21e577a3-adc1-47c4-a75b-34493a8dab94:series:recs_series_for_you margin=368 slide=0 net=368
2026-08-27 23:35:37.845 NuvioTV[87386:12640420] [HomeScrollProbe] title row=app.xperience.21e577a3-adc1-47c4-a75b-34493a8dab94:movie:recs_movies_for_you margin=-186 slide=72 net=-114
2026-08-27 23:35:37.862 NuvioTV[87386:12640420] [HomeScrollProbe] pinned-panel y=1523 inset=0 residual=1523
2026-08-27 23:35:37.862 NuvioTV[87386:12640420] [HomeScrollProbe] title row=app.xperience.21e577a3-adc1-47c4-a75b-34493a8dab94:series:recs_series_for_you margin=328 slide=0 net=328
2026-08-27 23:35:37.863 NuvioTV[87386:12640420] [HomeScrollProbe] title row=app.xperience.21e577a3-adc1-47c4-a75b-34493a8dab94:movie:recs_movies_for_you margin=-226 slide=72 net=-154
2026-08-27 23:35:37.879 NuvioTV[87386:12640420] [HomeScrollProbe] pinned-panel y=1556 inset=0 residual=1556
2026-08-27 23:35:37.879 NuvioTV[87386:12640420] [HomeScrollProbe] title row=app.xperience.21e577a3-adc1-47c4-a75b-34493a8dab94:series:recs_series_for_you margin=296 slide=0 net=296
2026-08-27 23:35:37.879 NuvioTV[87386:12640420] [HomeScrollProbe] title row=app.xperience.21e577a3-adc1-47c4-a75b-34493a8dab94:movie:recs_movies_for_you margin=-258 slide=72 net=-186
2026-08-27 23:35:37.895 NuvioTV[87386:12640420] [HomeScrollProbe] pinned-panel y=1585 inset=0 residual=1585
2026-08-27 23:35:37.895 NuvioTV[87386:12640420] [HomeScrollProbe] title row=app.xperience.21e577a3-adc1-47c4-a75b-34493a8dab94:series:recs_series_for_you margin=266 slide=0 net=266
2026-08-27 23:35:37.895 NuvioTV[87386:12640420] [HomeScrollProbe] title row=app.xperience.21e577a3-adc1-47c4-a75b-34493a8dab94:movie:recs_movies_for_you margin=-288 slide=72 net=-216
2026-08-27 23:35:37.911 NuvioTV[87386:12640420] [HomeScrollProbe] pinned-panel y=1609 inset=0 residual=1609
2026-08-27 23:35:37.911 NuvioTV[87386:12640420] [HomeScrollProbe] title row=app.xperience.21e577a3-adc1-47c4-a75b-34493a8dab94:series:recs_series_for_you margin=242 slide=0 net=242
2026-08-27 23:35:37.911 NuvioTV[87386:12640420] [HomeScrollProbe] title row=app.xperience.21e577a3-adc1-47c4-a75b-34493a8dab94:movie:recs_movies_for_you margin=-312 slide=72 net=-240
2026-08-27 23:35:37.927 NuvioTV[87386:12640420] [HomeScrollProbe] pinned-panel y=1633 inset=0 residual=1633
2026-08-27 23:35:37.927 NuvioTV[87386:12640420] [HomeScrollProbe] title row=app.xperience.21e577a3-adc1-47c4-a75b-34493a8dab94:series:recs_series_for_you margin=218 slide=0 net=218
2026-08-27 23:35:37.927 NuvioTV[87386:12640420] [HomeScrollProbe] title row=app.xperience.21e577a3-adc1-47c4-a75b-34493a8dab94:movie:recs_movies_for_you margin=-336 slide=72 net=-264
2026-08-27 23:35:37.944 NuvioTV[87386:12640420] [HomeScrollProbe] pinned-panel y=1655 inset=0 residual=1655
2026-08-27 23:35:37.944 NuvioTV[87386:12640420] [HomeScrollProbe] title row=app.xperience.21e577a3-adc1-47c4-a75b-34493a8dab94:series:recs_series_for_you margin=196 slide=0 net=196
2026-08-27 23:35:37.944 NuvioTV[87386:12640420] [HomeScrollProbe] title row=app.xperience.21e577a3-adc1-47c4-a75b-34493a8dab94:movie:recs_movies_for_you margin=-358 slide=72 net=-286
2026-08-27 23:35:37.993 NuvioTV[87386:12640420] [HomeScrollProbe] pinned-panel y=1687 inset=0 residual=1687
2026-08-27 23:35:37.993 NuvioTV[87386:12640420] [HomeScrollProbe] title row=app.xperience.21e577a3-adc1-47c4-a75b-34493a8dab94:series:recs_series_for_you margin=164 slide=0 net=164
2026-08-27 23:35:37.993 NuvioTV[87386:12640420] [HomeScrollProbe] title row=app.xperience.21e577a3-adc1-47c4-a75b-34493a8dab94:movie:recs_movies_for_you margin=-390 slide=72 net=-318
2026-08-27 23:35:38.010 NuvioTV[87386:12640420] [HomeScrollProbe] pinned-panel y=1703 inset=0 residual=1703
2026-08-27 23:35:38.010 NuvioTV[87386:12640420] [HomeScrollProbe] title row=app.xperience.21e577a3-adc1-47c4-a75b-34493a8dab94:series:recs_series_for_you margin=148 slide=0 net=148
2026-08-27 23:35:38.010 NuvioTV[87386:12640420] [HomeScrollProbe] title row=app.xperience.21e577a3-adc1-47c4-a75b-34493a8dab94:movie:recs_movies_for_you margin=-406 slide=72 net=-334
2026-08-27 23:35:38.027 NuvioTV[87386:12640420] [HomeScrollProbe] pinned-panel y=1718 inset=0 residual=1718
2026-08-27 23:35:38.027 NuvioTV[87386:12640420] [HomeScrollProbe] title row=app.xperience.21e577a3-adc1-47c4-a75b-34493a8dab94:series:recs_series_for_you margin=132 slide=0 net=132
2026-08-27 23:35:38.027 NuvioTV[87386:12640420] [HomeScrollProbe] title row=app.xperience.21e577a3-adc1-47c4-a75b-34493a8dab94:movie:recs_movies_for_you margin=-422 slide=72 net=-350
2026-08-27 23:35:38.044 NuvioTV[87386:12640420] [HomeScrollProbe] pinned-panel y=1731 inset=0 residual=1731
2026-08-27 23:35:38.044 NuvioTV[87386:12640420] [HomeScrollProbe] title row=app.xperience.21e577a3-adc1-47c4-a75b-34493a8dab94:series:recs_series_for_you margin=120 slide=0 net=120
2026-08-27 23:35:38.044 NuvioTV[87386:12640420] [HomeScrollProbe] title row=app.xperience.21e577a3-adc1-47c4-a75b-34493a8dab94:movie:recs_movies_for_you margin=-434 slide=72 net=-362
2026-08-27 23:35:38.077 NuvioTV[87386:12640420] [HomeScrollProbe] pinned-panel y=1755 inset=0 residual=1755
2026-08-27 23:35:38.077 NuvioTV[87386:12640420] [HomeScrollProbe] title row=app.xperience.21e577a3-adc1-47c4-a75b-34493a8dab94:series:recs_series_for_you margin=96 slide=0 net=96
2026-08-27 23:35:38.077 NuvioTV[87386:12640420] [HomeScrollProbe] title row=app.xperience.21e577a3-adc1-47c4-a75b-34493a8dab94:movie:recs_movies_for_you margin=-458 slide=72 net=-386
2026-08-27 23:35:38.094 NuvioTV[87386:12640420] [HomeScrollProbe] pinned-panel y=1764 inset=0 residual=1764
2026-08-27 23:35:38.094 NuvioTV[87386:12640420] [HomeScrollProbe] title row=app.xperience.21e577a3-adc1-47c4-a75b-34493a8dab94:series:recs_series_for_you margin=86 slide=0 net=86
2026-08-27 23:35:38.094 NuvioTV[87386:12640420] [HomeScrollProbe] title row=app.xperience.21e577a3-adc1-47c4-a75b-34493a8dab94:movie:recs_movies_for_you margin=-468 slide=72 net=-396
2026-08-27 23:35:38.110 NuvioTV[87386:12640420] [HomeScrollProbe] pinned-panel y=1773 inset=0 residual=1773
2026-08-27 23:35:38.110 NuvioTV[87386:12640420] [HomeScrollProbe] title row=app.xperience.21e577a3-adc1-47c4-a75b-34493a8dab94:series:recs_series_for_you margin=78 slide=0 net=78
2026-08-27 23:35:38.110 NuvioTV[87386:12640420] [HomeScrollProbe] title row=app.xperience.21e577a3-adc1-47c4-a75b-34493a8dab94:movie:recs_movies_for_you margin=-476 slide=72 net=-404
2026-08-27 23:35:38.128 NuvioTV[87386:12640420] [HomeScrollProbe] pinned-panel y=1781 inset=0 residual=1781
2026-08-27 23:35:38.128 NuvioTV[87386:12640420] [HomeScrollProbe] title row=app.xperience.21e577a3-adc1-47c4-a75b-34493a8dab94:series:recs_series_for_you margin=70 slide=0 net=70
2026-08-27 23:35:38.128 NuvioTV[87386:12640420] [HomeScrollProbe] title row=app.xperience.21e577a3-adc1-47c4-a75b-34493a8dab94:movie:recs_movies_for_you margin=-484 slide=72 net=-412
2026-08-27 23:35:38.144 NuvioTV[87386:12640420] [HomeScrollProbe] pinned-panel y=1788 inset=0 residual=1788
2026-08-27 23:35:38.144 NuvioTV[87386:12640420] [HomeScrollProbe] title row=app.xperience.21e577a3-adc1-47c4-a75b-34493a8dab94:series:recs_series_for_you margin=64 slide=0 net=64
2026-08-27 23:35:38.144 NuvioTV[87386:12640420] [HomeScrollProbe] title row=app.xperience.21e577a3-adc1-47c4-a75b-34493a8dab94:movie:recs_movies_for_you margin=-490 slide=72 net=-418
2026-08-27 23:35:38.160 NuvioTV[87386:12640420] [HomeScrollProbe] pinned-panel y=1794 inset=0 residual=1794
2026-08-27 23:35:38.160 NuvioTV[87386:12640420] [HomeScrollProbe] title row=app.xperience.21e577a3-adc1-47c4-a75b-34493a8dab94:series:recs_series_for_you margin=56 slide=0 net=56
2026-08-27 23:35:38.160 NuvioTV[87386:12640420] [HomeScrollProbe] title row=app.xperience.21e577a3-adc1-47c4-a75b-34493a8dab94:movie:recs_movies_for_you margin=-498 slide=72 net=-426
2026-08-27 23:35:38.177 NuvioTV[87386:12640420] [HomeScrollProbe] pinned-panel y=1800 inset=0 residual=1800
2026-08-27 23:35:38.177 NuvioTV[87386:12640420] [HomeScrollProbe] title row=app.xperience.21e577a3-adc1-47c4-a75b-34493a8dab94:series:recs_series_for_you margin=52 slide=0 net=52
2026-08-27 23:35:38.177 NuvioTV[87386:12640420] [HomeScrollProbe] title row=app.xperience.21e577a3-adc1-47c4-a75b-34493a8dab94:movie:recs_movies_for_you margin=-502 slide=72 net=-430
2026-08-27 23:35:38.195 NuvioTV[87386:12640420] [HomeScrollProbe] pinned-panel y=1805 inset=0 residual=1805
2026-08-27 23:35:38.195 NuvioTV[87386:12640420] [HomeScrollProbe] title row=app.xperience.21e577a3-adc1-47c4-a75b-34493a8dab94:movie:recs_because_movies margin=600 slide=0 net=600
2026-08-27 23:35:38.195 NuvioTV[87386:12640420] [HomeScrollProbe] title row=app.xperience.21e577a3-adc1-47c4-a75b-34493a8dab94:series:recs_series_for_you margin=46 slide=0 net=46
2026-08-27 23:35:38.211 NuvioTV[87386:12640420] [HomeScrollProbe] pinned-panel y=1809 inset=0 residual=1809
2026-08-27 23:35:38.211 NuvioTV[87386:12640420] [HomeScrollProbe] title row=app.xperience.21e577a3-adc1-47c4-a75b-34493a8dab94:movie:recs_because_movies margin=596 slide=0 net=596
2026-08-27 23:35:38.211 NuvioTV[87386:12640420] [HomeScrollProbe] title row=app.xperience.21e577a3-adc1-47c4-a75b-34493a8dab94:series:recs_series_for_you margin=42 slide=0 net=42
2026-08-27 23:35:38.226 NuvioTV[87386:12640420] [HomeScrollProbe] pinned-panel y=1814 inset=0 residual=1814
2026-08-27 23:35:38.226 NuvioTV[87386:12640420] [HomeScrollProbe] title row=app.xperience.21e577a3-adc1-47c4-a75b-34493a8dab94:movie:recs_because_movies margin=590 slide=0 net=590
2026-08-27 23:35:38.226 NuvioTV[87386:12640420] [HomeScrollProbe] title row=app.xperience.21e577a3-adc1-47c4-a75b-34493a8dab94:series:recs_series_for_you margin=38 slide=0 net=38
2026-08-27 23:35:38.240 NuvioTV[87386:12640483] [TrailerExtract] client=android_vr NO streamingData (playability=LOGIN_REQUIRED reason=Sign in to confirm you’re not a bot)
2026-08-27 23:35:38.244 NuvioTV[87386:12640420] [HomeScrollProbe] pinned-panel y=1817 inset=0 residual=1817
2026-08-27 23:35:38.244 NuvioTV[87386:12640420] [HomeScrollProbe] title row=app.xperience.21e577a3-adc1-47c4-a75b-34493a8dab94:movie:recs_because_movies margin=588 slide=0 net=588
2026-08-27 23:35:38.244 NuvioTV[87386:12640420] [HomeScrollProbe] title row=app.xperience.21e577a3-adc1-47c4-a75b-34493a8dab94:series:recs_series_for_you margin=34 slide=0 net=34
2026-08-27 23:35:38.260 NuvioTV[87386:12640420] [HomeScrollProbe] pinned-panel y=1821 inset=0 residual=1821
2026-08-27 23:35:38.261 NuvioTV[87386:12640420] [HomeScrollProbe] title row=app.xperience.21e577a3-adc1-47c4-a75b-34493a8dab94:movie:recs_because_movies margin=584 slide=0 net=584
2026-08-27 23:35:38.261 NuvioTV[87386:12640420] [HomeScrollProbe] title row=app.xperience.21e577a3-adc1-47c4-a75b-34493a8dab94:series:recs_series_for_you margin=30 slide=0 net=30
2026-08-27 23:35:38.277 NuvioTV[87386:12640420] [HomeScrollProbe] pinned-panel y=1824 inset=0 residual=1824
2026-08-27 23:35:38.277 NuvioTV[87386:12640420] [HomeScrollProbe] title row=app.xperience.21e577a3-adc1-47c4-a75b-34493a8dab94:movie:recs_because_movies margin=580 slide=0 net=580
2026-08-27 23:35:38.277 NuvioTV[87386:12640420] [HomeScrollProbe] title row=app.xperience.21e577a3-adc1-47c4-a75b-34493a8dab94:series:recs_series_for_you margin=28 slide=0 net=28
2026-08-27 23:35:38.299 NuvioTV[87386:12640420] [HomeScrollProbe] pinned-panel y=1827 inset=0 residual=1827
2026-08-27 23:35:38.299 NuvioTV[87386:12640420] [HomeScrollProbe] title row=app.xperience.21e577a3-adc1-47c4-a75b-34493a8dab94:movie:recs_because_movies margin=578 slide=0 net=578
2026-08-27 23:35:38.299 NuvioTV[87386:12640420] [HomeScrollProbe] title row=app.xperience.21e577a3-adc1-47c4-a75b-34493a8dab94:series:recs_series_for_you margin=24 slide=0 net=24
2026-08-27 23:35:38.310 NuvioTV[87386:12640420] [HomeScrollProbe] pinned-panel y=1829 inset=0 residual=1829
2026-08-27 23:35:38.310 NuvioTV[87386:12640420] [HomeScrollProbe] title row=app.xperience.21e577a3-adc1-47c4-a75b-34493a8dab94:movie:recs_because_movies margin=576 slide=0 net=576
2026-08-27 23:35:38.310 NuvioTV[87386:12640420] [HomeScrollProbe] title row=app.xperience.21e577a3-adc1-47c4-a75b-34493a8dab94:series:recs_series_for_you margin=22 slide=0 net=22
2026-08-27 23:35:38.326 NuvioTV[87386:12640420] [HomeScrollProbe] pinned-panel y=1831 inset=0 residual=1831
2026-08-27 23:35:38.326 NuvioTV[87386:12640420] [HomeScrollProbe] title row=app.xperience.21e577a3-adc1-47c4-a75b-34493a8dab94:movie:recs_because_movies margin=574 slide=0 net=574
2026-08-27 23:35:38.326 NuvioTV[87386:12640420] [HomeScrollProbe] title row=app.xperience.21e577a3-adc1-47c4-a75b-34493a8dab94:series:recs_series_for_you margin=20 slide=0 net=20
2026-08-27 23:35:38.343 NuvioTV[87386:12640420] [HomeScrollProbe] pinned-panel y=1833 inset=0 residual=1833
2026-08-27 23:35:38.343 NuvioTV[87386:12640420] [HomeScrollProbe] title row=app.xperience.21e577a3-adc1-47c4-a75b-34493a8dab94:movie:recs_because_movies margin=572 slide=0 net=572
2026-08-27 23:35:38.343 NuvioTV[87386:12640420] [HomeScrollProbe] title row=app.xperience.21e577a3-adc1-47c4-a75b-34493a8dab94:series:recs_series_for_you margin=18 slide=0 net=18
2026-08-27 23:35:38.360 NuvioTV[87386:12640420] [HomeScrollProbe] pinned-panel y=1835 inset=0 residual=1835
2026-08-27 23:35:38.360 NuvioTV[87386:12640420] [HomeScrollProbe] title row=app.xperience.21e577a3-adc1-47c4-a75b-34493a8dab94:movie:recs_because_movies margin=570 slide=0 net=570
2026-08-27 23:35:38.360 NuvioTV[87386:12640420] [HomeScrollProbe] title row=app.xperience.21e577a3-adc1-47c4-a75b-34493a8dab94:series:recs_series_for_you margin=16 slide=0 net=16
2026-08-27 23:35:38.377 NuvioTV[87386:12640420] [HomeScrollProbe] pinned-panel y=1836 inset=0 residual=1836
2026-08-27 23:35:38.377 NuvioTV[87386:12640420] [HomeScrollProbe] title row=app.xperience.21e577a3-adc1-47c4-a75b-34493a8dab94:movie:recs_because_movies margin=568 slide=0 net=568
2026-08-27 23:35:38.377 NuvioTV[87386:12640420] [HomeScrollProbe] title row=app.xperience.21e577a3-adc1-47c4-a75b-34493a8dab94:series:recs_series_for_you margin=14 slide=0 net=14
2026-08-27 23:35:38.393 NuvioTV[87386:12640420] [HomeScrollProbe] pinned-panel y=1838 inset=0 residual=1838
2026-08-27 23:35:38.393 NuvioTV[87386:12640420] [HomeScrollProbe] title row=app.xperience.21e577a3-adc1-47c4-a75b-34493a8dab94:movie:recs_because_movies margin=566 slide=0 net=566
2026-08-27 23:35:38.401 NuvioTV[87386:12641064] [TrailerExtract] client=android video=sNMyooXZZTM hls=false formats=1 adaptive=25 sdKeys=expiresInSeconds,formats,adaptiveFormats,serverAbrStreamingUrl,metadataFormats
2026-08-27 23:35:38.410 NuvioTV[87386:12640420] [HomeScrollProbe] pinned-panel y=1839 inset=0 residual=1839
2026-08-27 23:35:38.410 NuvioTV[87386:12640420] [HomeScrollProbe] title row=app.xperience.21e577a3-adc1-47c4-a75b-34493a8dab94:series:recs_series_for_you margin=12 slide=0 net=12
2026-08-27 23:35:38.427 NuvioTV[87386:12640420] [HomeScrollProbe] pinned-panel y=1840 inset=0 residual=1840
2026-08-27 23:35:38.427 NuvioTV[87386:12640420] [HomeScrollProbe] title row=app.xperience.21e577a3-adc1-47c4-a75b-34493a8dab94:movie:recs_because_movies margin=564 slide=0 net=564
2026-08-27 23:35:38.427 NuvioTV[87386:12640420] [HomeScrollProbe] title row=app.xperience.21e577a3-adc1-47c4-a75b-34493a8dab94:series:recs_series_for_you margin=10 slide=0 net=10
2026-08-27 23:35:38.443 NuvioTV[87386:12640420] [HomeScrollProbe] pinned-panel y=1841 inset=0 residual=1841
2026-08-27 23:35:38.460 NuvioTV[87386:12640420] [HomeScrollProbe] pinned-panel y=1842 inset=0 residual=1842
2026-08-27 23:35:38.460 NuvioTV[87386:12640420] [HomeScrollProbe] title row=app.xperience.21e577a3-adc1-47c4-a75b-34493a8dab94:movie:recs_because_movies margin=562 slide=0 net=562
2026-08-27 23:35:38.460 NuvioTV[87386:12640420] [HomeScrollProbe] title row=app.xperience.21e577a3-adc1-47c4-a75b-34493a8dab94:series:recs_series_for_you margin=8 slide=0 net=8
2026-08-27 23:35:38.477 NuvioTV[87386:12640420] [HomeScrollProbe] pinned-panel y=1843 inset=0 residual=1843
2026-08-27 23:35:38.493 NuvioTV[87386:12640420] [HomeScrollProbe] pinned-panel y=1844 inset=0 residual=1844
2026-08-27 23:35:38.493 NuvioTV[87386:12640420] [HomeScrollProbe] title row=app.xperience.21e577a3-adc1-47c4-a75b-34493a8dab94:movie:recs_because_movies margin=560 slide=0 net=560
2026-08-27 23:35:38.510 NuvioTV[87386:12640420] [HomeScrollProbe] title row=app.xperience.21e577a3-adc1-47c4-a75b-34493a8dab94:series:recs_series_for_you margin=6 slide=0 net=6
2026-08-27 23:35:38.526 NuvioTV[87386:12641605] [TrailerExtract] client=ios video=sNMyooXZZTM hls=false formats=0 adaptive=23 sdKeys=expiresInSeconds,adaptiveFormats,aspectRatio,serverAbrStreamingUrl,metadataFormats
2026-08-27 23:35:38.527 NuvioTV[87386:12640420] [HomeScrollProbe] pinned-panel y=1845 inset=0 residual=1845
2026-08-27 23:35:38.528 NuvioTV[87386:12641605] [TrailerExtract] selection: manifest=none progressive=360 (manifests collected=0)
2026-08-27 23:35:38.528 NuvioTV[87386:12641605] [TrailerExtract] repack candidates: avcVideo=1080p avc1.640028 (android) m4aAudio=mp4a.40.2 (android)
2026-08-27 23:35:38.543 NuvioTV[87386:12640420] [HomeScrollProbe] pinned-panel y=1846 inset=0 residual=1846
2026-08-27 23:35:38.543 NuvioTV[87386:12640420] [HomeScrollProbe] title row=app.xperience.21e577a3-adc1-47c4-a75b-34493a8dab94:movie:recs_because_movies margin=558 slide=0 net=558
2026-08-27 23:35:38.560 NuvioTV[87386:12640420] [HomeScrollProbe] title row=app.xperience.21e577a3-adc1-47c4-a75b-34493a8dab94:series:recs_series_for_you margin=4 slide=0 net=4
2026-08-27 23:35:38.577 NuvioTV[87386:12640420] [HomeScrollProbe] pinned-panel y=1847 inset=0 residual=1847
2026-08-27 23:35:38.627 NuvioTV[87386:12640420] [HomeScrollProbe] pinned-panel y=1848 inset=0 residual=1848
2026-08-27 23:35:38.627 NuvioTV[87386:12640420] [HomeScrollProbe] title row=app.xperience.21e577a3-adc1-47c4-a75b-34493a8dab94:movie:recs_because_movies margin=556 slide=0 net=556
2026-08-27 23:35:38.660 NuvioTV[87386:12640420] [HomeScrollProbe] title row=app.xperience.21e577a3-adc1-47c4-a75b-34493a8dab94:series:recs_series_for_you margin=2 slide=0 net=2
2026-08-27 23:35:38.693 NuvioTV[87386:12640420] [HomeScrollProbe] pinned-panel y=1849 inset=0 residual=1849
2026-08-27 23:35:38.811 NuvioTV[87386:12640420] [HomeScrollProbe] pinned-panel y=1850 inset=0 residual=1850
2026-08-27 23:35:38.811 NuvioTV[87386:12640420] [HomeScrollProbe] title row=app.xperience.21e577a3-adc1-47c4-a75b-34493a8dab94:movie:recs_because_movies margin=554 slide=0 net=554
2026-08-27 23:35:38.911 NuvioTV[87386:12640420] [HomeScrollProbe] title row=app.xperience.21e577a3-adc1-47c4-a75b-34493a8dab94:series:recs_series_for_you margin=0 slide=0 net=0
2026-08-27 23:35:38.928 NuvioTV[87386:12640420] [HomeScrollProbe] pinned-panel y=1851 inset=0 residual=1851
2026-08-27 23:35:39.165 NuvioTV[87386:12640483] [TrailerExtract] repack decision: avc=1080p vs progressive=360p -> ELIGIBLE
2026-08-27 23:35:39.314 NuvioTV[87386:12640420] [HomeScrollProbe] pinned-panel y=1861 inset=0 residual=1861
2026-08-27 23:35:39.314 NuvioTV[87386:12640420] [HomeScrollProbe] title row=app.xperience.21e577a3-adc1-47c4-a75b-34493a8dab94:movie:recs_because_movies margin=544 slide=0 net=544
2026-08-27 23:35:39.314 NuvioTV[87386:12640420] [HomeScrollProbe] title row=app.xperience.21e577a3-adc1-47c4-a75b-34493a8dab94:series:recs_series_for_you margin=-10 slide=10 net=0
2026-08-27 23:35:39.331 NuvioTV[87386:12640420] [HomeScrollProbe] pinned-panel y=1881 inset=0 residual=1881
2026-08-27 23:35:39.331 NuvioTV[87386:12640420] [HomeScrollProbe] title row=app.xperience.21e577a3-adc1-47c4-a75b-34493a8dab94:movie:recs_because_movies margin=524 slide=0 net=524
2026-08-27 23:35:39.331 NuvioTV[87386:12640420] [HomeScrollProbe] title row=app.xperience.21e577a3-adc1-47c4-a75b-34493a8dab94:series:recs_series_for_you margin=-30 slide=30 net=0
2026-08-27 23:35:39.347 NuvioTV[87386:12640420] [HomeScrollProbe] pinned-panel y=1911 inset=0 residual=1911
2026-08-27 23:35:39.347 NuvioTV[87386:12640420] [HomeScrollProbe] title row=app.xperience.21e577a3-adc1-47c4-a75b-34493a8dab94:movie:recs_because_movies margin=494 slide=0 net=494
2026-08-27 23:35:39.347 NuvioTV[87386:12640420] [HomeScrollProbe] title row=app.xperience.21e577a3-adc1-47c4-a75b-34493a8dab94:series:recs_series_for_you margin=-60 slide=60 net=0
2026-08-27 23:35:39.363 NuvioTV[87386:12640420] [HomeScrollProbe] pinned-panel y=1951 inset=0 residual=1951
2026-08-27 23:35:39.363 NuvioTV[87386:12640420] [HomeScrollProbe] title row=app.xperience.21e577a3-adc1-47c4-a75b-34493a8dab94:movie:recs_because_movies margin=454 slide=0 net=454
2026-08-27 23:35:39.363 NuvioTV[87386:12640420] [HomeScrollProbe] title row=app.xperience.21e577a3-adc1-47c4-a75b-34493a8dab94:series:recs_series_for_you margin=-100 slide=72 net=-28
2026-08-27 23:35:39.379 NuvioTV[87386:12640420] [HomeScrollProbe] pinned-panel y=1996 inset=0 residual=1996
2026-08-27 23:35:39.380 NuvioTV[87386:12640420] [HomeScrollProbe] title row=app.xperience.21e577a3-adc1-47c4-a75b-34493a8dab94:movie:recs_because_movies margin=408 slide=0 net=408
2026-08-27 23:35:39.380 NuvioTV[87386:12640420] [HomeScrollProbe] title row=app.xperience.21e577a3-adc1-47c4-a75b-34493a8dab94:series:recs_series_for_you margin=-146 slide=72 net=-74
2026-08-27 23:35:39.397 NuvioTV[87386:12640420] [HomeScrollProbe] pinned-panel y=2040 inset=0 residual=2040
2026-08-27 23:35:39.397 NuvioTV[87386:12640420] [HomeScrollProbe] title row=app.xperience.21e577a3-adc1-47c4-a75b-34493a8dab94:movie:recs_because_movies margin=364 slide=0 net=364
2026-08-27 23:35:39.397 NuvioTV[87386:12640420] [HomeScrollProbe] title row=app.xperience.21e577a3-adc1-47c4-a75b-34493a8dab94:series:recs_series_for_you margin=-190 slide=72 net=-118
2026-08-27 23:35:39.413 NuvioTV[87386:12640420] [HomeScrollProbe] pinned-panel y=2076 inset=0 residual=2076
2026-08-27 23:35:39.413 NuvioTV[87386:12640420] [HomeScrollProbe] title row=app.xperience.21e577a3-adc1-47c4-a75b-34493a8dab94:movie:recs_because_movies margin=328 slide=0 net=328
2026-08-27 23:35:39.413 NuvioTV[87386:12640420] [HomeScrollProbe] title row=app.xperience.21e577a3-adc1-47c4-a75b-34493a8dab94:series:recs_series_for_you margin=-226 slide=72 net=-154
2026-08-27 23:35:39.430 NuvioTV[87386:12640420] [HomeScrollProbe] pinned-panel y=2109 inset=0 residual=2109
2026-08-27 23:35:39.430 NuvioTV[87386:12640420] [HomeScrollProbe] title row=app.xperience.21e577a3-adc1-47c4-a75b-34493a8dab94:movie:recs_because_movies margin=296 slide=0 net=296
2026-08-27 23:35:39.430 NuvioTV[87386:12640420] [HomeScrollProbe] title row=app.xperience.21e577a3-adc1-47c4-a75b-34493a8dab94:series:recs_series_for_you margin=-258 slide=72 net=-186
2026-08-27 23:35:39.446 NuvioTV[87386:12640420] [HomeScrollProbe] pinned-panel y=2139 inset=0 residual=2139
2026-08-27 23:35:39.446 NuvioTV[87386:12640420] [HomeScrollProbe] title row=app.xperience.21e577a3-adc1-47c4-a75b-34493a8dab94:movie:recs_because_movies margin=266 slide=0 net=266
2026-08-27 23:35:39.446 NuvioTV[87386:12640420] [HomeScrollProbe] title row=app.xperience.21e577a3-adc1-47c4-a75b-34493a8dab94:series:recs_series_for_you margin=-288 slide=72 net=-216
2026-08-27 23:35:39.462 NuvioTV[87386:12640420] [HomeScrollProbe] pinned-panel y=2164 inset=0 residual=2164
2026-08-27 23:35:39.462 NuvioTV[87386:12640420] [HomeScrollProbe] title row=app.xperience.21e577a3-adc1-47c4-a75b-34493a8dab94:movie:recs_because_movies margin=240 slide=0 net=240
2026-08-27 23:35:39.462 NuvioTV[87386:12640420] [HomeScrollProbe] title row=app.xperience.21e577a3-adc1-47c4-a75b-34493a8dab94:series:recs_series_for_you margin=-314 slide=72 net=-242
2026-08-27 23:35:39.479 NuvioTV[87386:12640420] [HomeScrollProbe] pinned-panel y=2190 inset=0 residual=2190
2026-08-27 23:35:39.479 NuvioTV[87386:12640420] [HomeScrollProbe] title row=app.xperience.21e577a3-adc1-47c4-a75b-34493a8dab94:movie:recs_because_movies margin=214 slide=0 net=214
2026-08-27 23:35:39.479 NuvioTV[87386:12640420] [HomeScrollProbe] title row=app.xperience.21e577a3-adc1-47c4-a75b-34493a8dab94:series:recs_series_for_you margin=-340 slide=72 net=-268
2026-08-27 23:35:39.495 NuvioTV[87386:12640420] [HomeScrollProbe] pinned-panel y=2210 inset=0 residual=2210
2026-08-27 23:35:39.495 NuvioTV[87386:12640420] [HomeScrollProbe] title row=app.xperience.21e577a3-adc1-47c4-a75b-34493a8dab94:movie:recs_because_movies margin=194 slide=0 net=194
2026-08-27 23:35:39.495 NuvioTV[87386:12640420] [HomeScrollProbe] title row=app.xperience.21e577a3-adc1-47c4-a75b-34493a8dab94:series:recs_series_for_you margin=-360 slide=72 net=-288
2026-08-27 23:35:39.512 NuvioTV[87386:12640420] [HomeScrollProbe] pinned-panel y=2229 inset=0 residual=2229
2026-08-27 23:35:39.512 NuvioTV[87386:12640420] [HomeScrollProbe] title row=app.xperience.21e577a3-adc1-47c4-a75b-34493a8dab94:movie:recs_because_movies margin=176 slide=0 net=176
2026-08-27 23:35:39.512 NuvioTV[87386:12640420] [HomeScrollProbe] title row=app.xperience.21e577a3-adc1-47c4-a75b-34493a8dab94:series:recs_series_for_you margin=-378 slide=72 net=-306
[LaunchTrace] +43524ms artwork #100: mem=0 disk=100 net=0 fail=0
2026-08-27 23:35:39.561 NuvioTV[87386:12640420] [HomeScrollProbe] pinned-panel y=2259 inset=0 residual=2259
2026-08-27 23:35:39.561 NuvioTV[87386:12640420] [HomeScrollProbe] title row=app.xperience.21e577a3-adc1-47c4-a75b-34493a8dab94:movie:recs_because_movies margin=146 slide=0 net=146
2026-08-27 23:35:39.561 NuvioTV[87386:12640420] [HomeScrollProbe] title row=app.xperience.21e577a3-adc1-47c4-a75b-34493a8dab94:series:recs_series_for_you margin=-408 slide=72 net=-336
2026-08-27 23:35:39.580 NuvioTV[87386:12640420] [HomeScrollProbe] pinned-panel y=2275 inset=0 residual=2275
2026-08-27 23:35:39.580 NuvioTV[87386:12640420] [HomeScrollProbe] title row=app.xperience.21e577a3-adc1-47c4-a75b-34493a8dab94:movie:recs_because_movies margin=130 slide=0 net=130
2026-08-27 23:35:39.581 NuvioTV[87386:12640420] [HomeScrollProbe] title row=app.xperience.21e577a3-adc1-47c4-a75b-34493a8dab94:series:recs_series_for_you margin=-424 slide=72 net=-352
2026-08-27 23:35:39.597 NuvioTV[87386:12640420] [HomeScrollProbe] pinned-panel y=2289 inset=0 residual=2289
2026-08-27 23:35:39.597 NuvioTV[87386:12640420] [HomeScrollProbe] title row=app.xperience.21e577a3-adc1-47c4-a75b-34493a8dab94:movie:recs_because_movies margin=116 slide=0 net=116
2026-08-27 23:35:39.597 NuvioTV[87386:12640420] [HomeScrollProbe] title row=app.xperience.21e577a3-adc1-47c4-a75b-34493a8dab94:series:recs_series_for_you margin=-438 slide=72 net=-366
2026-08-27 23:35:39.614 NuvioTV[87386:12640420] [HomeScrollProbe] pinned-panel y=2300 inset=0 residual=2300
2026-08-27 23:35:39.614 NuvioTV[87386:12640420] [HomeScrollProbe] title row=app.xperience.21e577a3-adc1-47c4-a75b-34493a8dab94:movie:recs_because_movies margin=104 slide=0 net=104
2026-08-27 23:35:39.614 NuvioTV[87386:12640420] [HomeScrollProbe] title row=app.xperience.21e577a3-adc1-47c4-a75b-34493a8dab94:series:recs_series_for_you margin=-450 slide=72 net=-378
2026-08-27 23:35:39.630 NuvioTV[87386:12640420] [HomeScrollProbe] pinned-panel y=2311 inset=0 residual=2311
2026-08-27 23:35:39.630 NuvioTV[87386:12640420] [HomeScrollProbe] title row=app.xperience.21e577a3-adc1-47c4-a75b-34493a8dab94:movie:recs_because_movies margin=94 slide=0 net=94
2026-08-27 23:35:39.630 NuvioTV[87386:12640420] [HomeScrollProbe] title row=app.xperience.21e577a3-adc1-47c4-a75b-34493a8dab94:series:recs_series_for_you margin=-460 slide=72 net=-388
2026-08-27 23:35:39.646 NuvioTV[87386:12640420] [HomeScrollProbe] pinned-panel y=2320 inset=0 residual=2320
2026-08-27 23:35:39.646 NuvioTV[87386:12640420] [HomeScrollProbe] title row=app.xperience.21e577a3-adc1-47c4-a75b-34493a8dab94:movie:recs_because_movies margin=84 slide=0 net=84
2026-08-27 23:35:39.646 NuvioTV[87386:12640420] [HomeScrollProbe] title row=app.xperience.21e577a3-adc1-47c4-a75b-34493a8dab94:series:recs_series_for_you margin=-470 slide=72 net=-398
2026-08-27 23:35:39.662 NuvioTV[87386:12640420] [HomeScrollProbe] pinned-panel y=2328 inset=0 residual=2328
2026-08-27 23:35:39.662 NuvioTV[87386:12640420] [HomeScrollProbe] title row=app.xperience.21e577a3-adc1-47c4-a75b-34493a8dab94:movie:recs_because_movies margin=76 slide=0 net=76
2026-08-27 23:35:39.662 NuvioTV[87386:12640420] [HomeScrollProbe] title row=app.xperience.21e577a3-adc1-47c4-a75b-34493a8dab94:series:recs_series_for_you margin=-478 slide=72 net=-406
2026-08-27 23:35:39.679 NuvioTV[87386:12640420] [HomeScrollProbe] pinned-panel y=2336 inset=0 residual=2336
2026-08-27 23:35:39.680 NuvioTV[87386:12640420] [HomeScrollProbe] title row=app.xperience.21e577a3-adc1-47c4-a75b-34493a8dab94:movie:recs_because_movies margin=68 slide=0 net=68
2026-08-27 23:35:39.680 NuvioTV[87386:12640420] [HomeScrollProbe] title row=app.xperience.21e577a3-adc1-47c4-a75b-34493a8dab94:series:recs_series_for_you margin=-486 slide=72 net=-414
2026-08-27 23:35:39.696 NuvioTV[87386:12640420] [HomeScrollProbe] pinned-panel y=2343 inset=0 residual=2343
2026-08-27 23:35:39.696 NuvioTV[87386:12640420] [HomeScrollProbe] title row=app.xperience.21e577a3-adc1-47c4-a75b-34493a8dab94:movie:recs_because_movies margin=62 slide=0 net=62
2026-08-27 23:35:39.696 NuvioTV[87386:12640420] [HomeScrollProbe] title row=app.xperience.21e577a3-adc1-47c4-a75b-34493a8dab94:series:recs_series_for_you margin=-492 slide=72 net=-420
2026-08-27 23:35:39.703 NuvioTV[87386:12641607] [TrailerRepack] serving 1920x1080 avc1+mp4a (32+17 segments) at http://127.0.0.1:8230/4c9739dd32826f0999f514731a77037a/master.m3u8
2026-08-27 23:35:39.713 NuvioTV[87386:12640420] [HomeScrollProbe] pinned-panel y=2349 inset=0 residual=2349
2026-08-27 23:35:39.713 NuvioTV[87386:12640420] [HomeScrollProbe] title row=app.xperience.21e577a3-adc1-47c4-a75b-34493a8dab94:movie:recs_because_movies margin=56 slide=0 net=56
2026-08-27 23:35:39.713 NuvioTV[87386:12640420] [HomeScrollProbe] title row=app.xperience.21e577a3-adc1-47c4-a75b-34493a8dab94:series:recs_series_for_you margin=-498 slide=72 net=-426
2026-08-27 23:35:39.747 NuvioTV[87386:12640420] [HomeScrollProbe] pinned-panel y=2360 inset=0 residual=2360
2026-08-27 23:35:39.747 NuvioTV[87386:12640420] [HomeScrollProbe] title row=app.xperience.21e577a3-adc1-47c4-a75b-34493a8dab94:movie:recs_because_movies margin=44 slide=0 net=44
2026-08-27 23:35:39.747 NuvioTV[87386:12640420] [HomeScrollProbe] title row=app.xperience.21e577a3-adc1-47c4-a75b-34493a8dab94:series:recs_because_series margin=598 slide=0 net=598
2026-08-27 23:35:39.764 NuvioTV[87386:12640420] [HomeScrollProbe] pinned-panel y=2365 inset=0 residual=2365
2026-08-27 23:35:39.764 NuvioTV[87386:12640420] [HomeScrollProbe] title row=app.xperience.21e577a3-adc1-47c4-a75b-34493a8dab94:movie:recs_because_movies margin=40 slide=0 net=40
2026-08-27 23:35:39.764 NuvioTV[87386:12640420] [HomeScrollProbe] title row=app.xperience.21e577a3-adc1-47c4-a75b-34493a8dab94:series:recs_because_series margin=594 slide=0 net=594
2026-08-27 23:35:39.779 NuvioTV[87386:12640420] [HomeScrollProbe] pinned-panel y=2368 inset=0 residual=2368
2026-08-27 23:35:39.779 NuvioTV[87386:12640420] [HomeScrollProbe] title row=app.xperience.21e577a3-adc1-47c4-a75b-34493a8dab94:movie:recs_because_movies margin=36 slide=0 net=36
2026-08-27 23:35:39.779 NuvioTV[87386:12640420] [HomeScrollProbe] title row=app.xperience.21e577a3-adc1-47c4-a75b-34493a8dab94:series:recs_because_series margin=590 slide=0 net=590
2026-08-27 23:35:39.797 NuvioTV[87386:12640420] [HomeScrollProbe] pinned-panel y=2372 inset=0 residual=2372
2026-08-27 23:35:39.798 NuvioTV[87386:12640420] [HomeScrollProbe] title row=app.xperience.21e577a3-adc1-47c4-a75b-34493a8dab94:movie:recs_because_movies margin=32 slide=0 net=32
2026-08-27 23:35:39.798 NuvioTV[87386:12640420] [HomeScrollProbe] title row=app.xperience.21e577a3-adc1-47c4-a75b-34493a8dab94:series:recs_because_series margin=586 slide=0 net=586
2026-08-27 23:35:39.813 NuvioTV[87386:12640420] [HomeScrollProbe] pinned-panel y=2375 inset=0 residual=2375
2026-08-27 23:35:39.813 NuvioTV[87386:12640420] [HomeScrollProbe] title row=app.xperience.21e577a3-adc1-47c4-a75b-34493a8dab94:movie:recs_because_movies margin=30 slide=0 net=30
2026-08-27 23:35:39.813 NuvioTV[87386:12640420] [HomeScrollProbe] title row=app.xperience.21e577a3-adc1-47c4-a75b-34493a8dab94:series:recs_because_series margin=582 slide=0 net=582
2026-08-27 23:35:39.829 NuvioTV[87386:12640420] [HomeScrollProbe] pinned-panel y=2378 inset=0 residual=2378
2026-08-27 23:35:39.829 NuvioTV[87386:12640420] [HomeScrollProbe] title row=app.xperience.21e577a3-adc1-47c4-a75b-34493a8dab94:movie:recs_because_movies margin=26 slide=0 net=26
2026-08-27 23:35:39.830 NuvioTV[87386:12640420] [HomeScrollProbe] title row=app.xperience.21e577a3-adc1-47c4-a75b-34493a8dab94:series:recs_because_series margin=580 slide=0 net=580
2026-08-27 23:35:39.847 NuvioTV[87386:12640420] [HomeScrollProbe] pinned-panel y=2381 inset=0 residual=2381
2026-08-27 23:35:39.847 NuvioTV[87386:12640420] [HomeScrollProbe] title row=app.xperience.21e577a3-adc1-47c4-a75b-34493a8dab94:movie:recs_because_movies margin=24 slide=0 net=24
2026-08-27 23:35:39.847 NuvioTV[87386:12640420] [HomeScrollProbe] title row=app.xperience.21e577a3-adc1-47c4-a75b-34493a8dab94:series:recs_because_series margin=578 slide=0 net=578
2026-08-27 23:35:39.862 NuvioTV[87386:12640420] [HomeScrollProbe] pinned-panel y=2383 inset=0 residual=2383
2026-08-27 23:35:39.862 NuvioTV[87386:12640420] [HomeScrollProbe] title row=app.xperience.21e577a3-adc1-47c4-a75b-34493a8dab94:movie:recs_because_movies margin=22 slide=0 net=22
2026-08-27 23:35:39.862 NuvioTV[87386:12640420] [HomeScrollProbe] title row=app.xperience.21e577a3-adc1-47c4-a75b-34493a8dab94:series:recs_because_series margin=574 slide=0 net=574
2026-08-27 23:35:39.879 NuvioTV[87386:12640420] [HomeScrollProbe] pinned-panel y=2385 inset=0 residual=2385
2026-08-27 23:35:39.879 NuvioTV[87386:12640420] [HomeScrollProbe] title row=app.xperience.21e577a3-adc1-47c4-a75b-34493a8dab94:movie:recs_because_movies margin=20 slide=0 net=20
2026-08-27 23:35:39.879 NuvioTV[87386:12640420] [HomeScrollProbe] title row=app.xperience.21e577a3-adc1-47c4-a75b-34493a8dab94:series:recs_because_series margin=572 slide=0 net=572
2026-08-27 23:35:39.895 NuvioTV[87386:12640420] [HomeScrollProbe] pinned-panel y=2387 inset=0 residual=2387
2026-08-27 23:35:39.895 NuvioTV[87386:12640420] [HomeScrollProbe] title row=app.xperience.21e577a3-adc1-47c4-a75b-34493a8dab94:movie:recs_because_movies margin=18 slide=0 net=18
2026-08-27 23:35:39.911 NuvioTV[87386:12640420] [HomeScrollProbe] pinned-panel y=2389 inset=0 residual=2389
2026-08-27 23:35:39.911 NuvioTV[87386:12640420] [HomeScrollProbe] title row=app.xperience.21e577a3-adc1-47c4-a75b-34493a8dab94:movie:recs_because_movies margin=16 slide=0 net=16
2026-08-27 23:35:39.911 NuvioTV[87386:12640420] [HomeScrollProbe] title row=app.xperience.21e577a3-adc1-47c4-a75b-34493a8dab94:series:recs_because_series margin=570 slide=0 net=570
2026-08-27 23:35:39.928 NuvioTV[87386:12640420] [HomeScrollProbe] pinned-panel y=2390 inset=0 residual=2390
2026-08-27 23:35:39.928 NuvioTV[87386:12640420] [HomeScrollProbe] title row=app.xperience.21e577a3-adc1-47c4-a75b-34493a8dab94:movie:recs_because_movies margin=14 slide=0 net=14
2026-08-27 23:35:39.928 NuvioTV[87386:12640420] [HomeScrollProbe] title row=app.xperience.21e577a3-adc1-47c4-a75b-34493a8dab94:series:recs_because_series margin=568 slide=0 net=568
2026-08-27 23:35:39.944 NuvioTV[87386:12640420] [HomeScrollProbe] pinned-panel y=2392 inset=0 residual=2392
2026-08-27 23:35:39.944 NuvioTV[87386:12640420] [HomeScrollProbe] title row=app.xperience.21e577a3-adc1-47c4-a75b-34493a8dab94:movie:recs_because_movies margin=12 slide=0 net=12
2026-08-27 23:35:39.944 NuvioTV[87386:12640420] [HomeScrollProbe] title row=app.xperience.21e577a3-adc1-47c4-a75b-34493a8dab94:series:recs_because_series margin=566 slide=0 net=566
2026-08-27 23:35:39.960 NuvioTV[87386:12640420] [HomeScrollProbe] pinned-panel y=2393 inset=0 residual=2393
2026-08-27 23:35:39.977 NuvioTV[87386:12640420] [HomeScrollProbe] pinned-panel y=2394 inset=0 residual=2394
2026-08-27 23:35:39.977 NuvioTV[87386:12640420] [HomeScrollProbe] title row=app.xperience.21e577a3-adc1-47c4-a75b-34493a8dab94:movie:recs_because_movies margin=10 slide=0 net=10
2026-08-27 23:35:39.977 NuvioTV[87386:12640420] [HomeScrollProbe] title row=app.xperience.21e577a3-adc1-47c4-a75b-34493a8dab94:series:recs_because_series margin=564 slide=0 net=564
2026-08-27 23:35:39.994 NuvioTV[87386:12640420] [HomeScrollProbe] pinned-panel y=2395 inset=0 residual=2395
2026-08-27 23:35:40.010 NuvioTV[87386:12640420] [HomeScrollProbe] pinned-panel y=2396 inset=0 residual=2396
2026-08-27 23:35:40.010 NuvioTV[87386:12640420] [HomeScrollProbe] title row=app.xperience.21e577a3-adc1-47c4-a75b-34493a8dab94:movie:recs_because_movies margin=8 slide=0 net=8
2026-08-27 23:35:40.010 NuvioTV[87386:12640420] [HomeScrollProbe] title row=app.xperience.21e577a3-adc1-47c4-a75b-34493a8dab94:series:recs_because_series margin=562 slide=0 net=562
2026-08-27 23:35:40.027 NuvioTV[87386:12640420] [HomeScrollProbe] pinned-panel y=2397 inset=0 residual=2397
2026-08-27 23:35:40.047 NuvioTV[87386:12640420] [HomeScrollProbe] pinned-panel y=2398 inset=0 residual=2398
2026-08-27 23:35:40.047 NuvioTV[87386:12640420] [HomeScrollProbe] title row=app.xperience.21e577a3-adc1-47c4-a75b-34493a8dab94:movie:recs_because_movies margin=6 slide=0 net=6
2026-08-27 23:35:40.047 NuvioTV[87386:12640420] [HomeScrollProbe] title row=app.xperience.21e577a3-adc1-47c4-a75b-34493a8dab94:series:recs_because_series margin=560 slide=0 net=560
2026-08-27 23:35:40.077 NuvioTV[87386:12640420] [HomeScrollProbe] pinned-panel y=2399 inset=0 residual=2399
2026-08-27 23:35:40.095 NuvioTV[87386:12640420] [HomeScrollProbe] title row=app.xperience.21e577a3-adc1-47c4-a75b-34493a8dab94:series:recs_because_series margin=558 slide=0 net=558
2026-08-27 23:35:40.110 NuvioTV[87386:12640420] [HomeScrollProbe] pinned-panel y=2400 inset=0 residual=2400
2026-08-27 23:35:40.110 NuvioTV[87386:12640420] [HomeScrollProbe] title row=app.xperience.21e577a3-adc1-47c4-a75b-34493a8dab94:movie:recs_because_movies margin=4 slide=0 net=4
2026-08-27 23:35:40.143 NuvioTV[87386:12640420] [HomeScrollProbe] pinned-panel y=2401 inset=0 residual=2401
2026-08-27 23:35:40.177 NuvioTV[87386:12640420] [HomeScrollProbe] title row=app.xperience.21e577a3-adc1-47c4-a75b-34493a8dab94:series:recs_because_series margin=556 slide=0 net=556
2026-08-27 23:35:40.210 NuvioTV[87386:12640420] [HomeScrollProbe] pinned-panel y=2402 inset=0 residual=2402
2026-08-27 23:35:40.211 NuvioTV[87386:12640420] [HomeScrollProbe] title row=app.xperience.21e577a3-adc1-47c4-a75b-34493a8dab94:movie:recs_because_movies margin=2 slide=0 net=2
2026-08-27 23:35:40.277 NuvioTV[87386:12640420] [HomeScrollProbe] pinned-panel y=2403 inset=0 residual=2403
2026-08-27 23:35:40.343 NuvioTV[87386:12640420] [HomeScrollProbe] title row=app.xperience.21e577a3-adc1-47c4-a75b-34493a8dab94:series:recs_because_series margin=554 slide=0 net=554
2026-08-27 23:35:40.460 NuvioTV[87386:12640420] [HomeScrollProbe] pinned-panel y=2404 inset=0 residual=2404
2026-08-27 23:35:40.460 NuvioTV[87386:12640420] [HomeScrollProbe] title row=app.xperience.21e577a3-adc1-47c4-a75b-34493a8dab94:movie:recs_because_movies margin=0 slide=0 net=0
2026-08-27 23:35:40.884 NuvioTV[87386:12640420] [HomeScrollProbe] REST pinned-panel y=2404 inset=0 residual=2404
2026-08-27 23:35:40.897 NuvioTV[87386:12640420] [HomeScrollProbe] pinned-panel y=2414 inset=0 residual=2414
2026-08-27 23:35:40.897 NuvioTV[87386:12640420] [HomeScrollProbe] title row=app.xperience.21e577a3-adc1-47c4-a75b-34493a8dab94:movie:recs_because_movies margin=-10 slide=10 net=0
2026-08-27 23:35:40.897 NuvioTV[87386:12640420] [HomeScrollProbe] title row=app.xperience.21e577a3-adc1-47c4-a75b-34493a8dab94:series:recs_because_series margin=544 slide=0 net=544
2026-08-27 23:35:40.914 NuvioTV[87386:12640420] [HomeScrollProbe] pinned-panel y=2434 inset=0 residual=2434
2026-08-27 23:35:40.914 NuvioTV[87386:12640420] [HomeScrollProbe] title row=app.xperience.21e577a3-adc1-47c4-a75b-34493a8dab94:movie:recs_because_movies margin=-30 slide=30 net=0
2026-08-27 23:35:40.914 NuvioTV[87386:12640420] [HomeScrollProbe] title row=app.xperience.21e577a3-adc1-47c4-a75b-34493a8dab94:series:recs_because_series margin=524 slide=0 net=524
2026-08-27 23:35:40.930 NuvioTV[87386:12640420] [HomeScrollProbe] pinned-panel y=2464 inset=0 residual=2464
2026-08-27 23:35:40.930 NuvioTV[87386:12640420] [HomeScrollProbe] title row=app.xperience.21e577a3-adc1-47c4-a75b-34493a8dab94:movie:recs_because_movies margin=-60 slide=60 net=0
2026-08-27 23:35:40.930 NuvioTV[87386:12640420] [HomeScrollProbe] title row=app.xperience.21e577a3-adc1-47c4-a75b-34493a8dab94:series:recs_because_series margin=494 slide=0 net=494
2026-08-27 23:35:40.947 NuvioTV[87386:12640420] [HomeScrollProbe] pinned-panel y=2504 inset=0 residual=2504
2026-08-27 23:35:40.947 NuvioTV[87386:12640420] [HomeScrollProbe] title row=app.xperience.21e577a3-adc1-47c4-a75b-34493a8dab94:movie:recs_because_movies margin=-100 slide=72 net=-28
2026-08-27 23:35:40.947 NuvioTV[87386:12640420] [HomeScrollProbe] title row=app.xperience.21e577a3-adc1-47c4-a75b-34493a8dab94:series:recs_because_series margin=454 slide=0 net=454
2026-08-27 23:35:40.963 NuvioTV[87386:12640420] [HomeScrollProbe] pinned-panel y=2550 inset=0 residual=2550
2026-08-27 23:35:40.963 NuvioTV[87386:12640420] [HomeScrollProbe] title row=app.xperience.21e577a3-adc1-47c4-a75b-34493a8dab94:movie:recs_because_movies margin=-146 slide=72 net=-74
2026-08-27 23:35:40.963 NuvioTV[87386:12640420] [HomeScrollProbe] title row=app.xperience.21e577a3-adc1-47c4-a75b-34493a8dab94:series:recs_because_series margin=408 slide=0 net=408
2026-08-27 23:35:40.979 NuvioTV[87386:12640420] [HomeScrollProbe] pinned-panel y=2591 inset=0 residual=2591
2026-08-27 23:35:40.980 NuvioTV[87386:12640420] [HomeScrollProbe] title row=app.xperience.21e577a3-adc1-47c4-a75b-34493a8dab94:movie:recs_because_movies margin=-186 slide=72 net=-114
2026-08-27 23:35:40.980 NuvioTV[87386:12640420] [HomeScrollProbe] title row=app.xperience.21e577a3-adc1-47c4-a75b-34493a8dab94:series:recs_because_series margin=368 slide=0 net=368
2026-08-27 23:35:40.997 NuvioTV[87386:12640420] [HomeScrollProbe] pinned-panel y=2630 inset=0 residual=2630
2026-08-27 23:35:40.997 NuvioTV[87386:12640420] [HomeScrollProbe] title row=app.xperience.21e577a3-adc1-47c4-a75b-34493a8dab94:movie:recs_because_movies margin=-226 slide=72 net=-154
2026-08-27 23:35:40.997 NuvioTV[87386:12640420] [HomeScrollProbe] title row=app.xperience.21e577a3-adc1-47c4-a75b-34493a8dab94:series:recs_because_series margin=328 slide=0 net=328
2026-08-27 23:35:41.014 NuvioTV[87386:12640420] [HomeScrollProbe] pinned-panel y=2665 inset=0 residual=2665
2026-08-27 23:35:41.014 NuvioTV[87386:12640420] [HomeScrollProbe] title row=app.xperience.21e577a3-adc1-47c4-a75b-34493a8dab94:movie:recs_because_movies margin=-260 slide=72 net=-188
2026-08-27 23:35:41.014 NuvioTV[87386:12640420] [HomeScrollProbe] title row=app.xperience.21e577a3-adc1-47c4-a75b-34493a8dab94:series:recs_because_series margin=294 slide=0 net=294
2026-08-27 23:35:41.031 NuvioTV[87386:12640420] [HomeScrollProbe] pinned-panel y=2694 inset=0 residual=2694
2026-08-27 23:35:41.031 NuvioTV[87386:12640420] [HomeScrollProbe] title row=app.xperience.21e577a3-adc1-47c4-a75b-34493a8dab94:movie:recs_because_movies margin=-290 slide=72 net=-218
2026-08-27 23:35:41.031 NuvioTV[87386:12640420] [HomeScrollProbe] title row=app.xperience.21e577a3-adc1-47c4-a75b-34493a8dab94:series:recs_because_series margin=264 slide=0 net=264
2026-08-27 23:35:41.046 NuvioTV[87386:12640420] [HomeScrollProbe] pinned-panel y=2719 inset=0 residual=2719
2026-08-27 23:35:41.046 NuvioTV[87386:12640420] [HomeScrollProbe] title row=app.xperience.21e577a3-adc1-47c4-a75b-34493a8dab94:movie:recs_because_movies margin=-316 slide=72 net=-244
2026-08-27 23:35:41.046 NuvioTV[87386:12640420] [HomeScrollProbe] title row=app.xperience.21e577a3-adc1-47c4-a75b-34493a8dab94:series:recs_because_series margin=238 slide=0 net=238
2026-08-27 23:35:41.062 NuvioTV[87386:12640420] [HomeScrollProbe] pinned-panel y=2740 inset=0 residual=2740
2026-08-27 23:35:41.062 NuvioTV[87386:12640420] [HomeScrollProbe] title row=app.xperience.21e577a3-adc1-47c4-a75b-34493a8dab94:movie:recs_because_movies margin=-336 slide=72 net=-264
2026-08-27 23:35:41.062 NuvioTV[87386:12640420] [HomeScrollProbe] title row=app.xperience.21e577a3-adc1-47c4-a75b-34493a8dab94:series:recs_because_series margin=218 slide=0 net=218
2026-08-27 23:35:41.080 NuvioTV[87386:12640420] [HomeScrollProbe] pinned-panel y=2765 inset=0 residual=2765
2026-08-27 23:35:41.080 NuvioTV[87386:12640420] [HomeScrollProbe] title row=app.xperience.21e577a3-adc1-47c4-a75b-34493a8dab94:movie:recs_because_movies margin=-360 slide=72 net=-288
2026-08-27 23:35:41.080 NuvioTV[87386:12640420] [HomeScrollProbe] title row=app.xperience.21e577a3-adc1-47c4-a75b-34493a8dab94:series:recs_because_series margin=194 slide=0 net=194
2026-08-27 23:35:41.110 NuvioTV[87386:12640420] [HomeScrollProbe] pinned-panel y=2799 inset=0 residual=2799
2026-08-27 23:35:41.110 NuvioTV[87386:12640420] [HomeScrollProbe] title row=app.xperience.21e577a3-adc1-47c4-a75b-34493a8dab94:movie:recs_because_movies margin=-396 slide=72 net=-324
2026-08-27 23:35:41.110 NuvioTV[87386:12640420] [HomeScrollProbe] title row=app.xperience.21e577a3-adc1-47c4-a75b-34493a8dab94:series:recs_because_series margin=158 slide=0 net=158
2026-08-27 23:35:41.128 NuvioTV[87386:12640420] [HomeScrollProbe] pinned-panel y=2817 inset=0 residual=2817
2026-08-27 23:35:41.129 NuvioTV[87386:12640420] [HomeScrollProbe] title row=app.xperience.21e577a3-adc1-47c4-a75b-34493a8dab94:movie:recs_because_movies margin=-412 slide=72 net=-340
2026-08-27 23:35:41.129 NuvioTV[87386:12640420] [HomeScrollProbe] title row=app.xperience.21e577a3-adc1-47c4-a75b-34493a8dab94:series:recs_because_series margin=142 slide=0 net=142
2026-08-27 23:35:41.162 NuvioTV[87386:12640420] [HomeScrollProbe] pinned-panel y=2844 inset=0 residual=2844
2026-08-27 23:35:41.162 NuvioTV[87386:12640420] [HomeScrollProbe] title row=app.xperience.21e577a3-adc1-47c4-a75b-34493a8dab94:movie:recs_because_movies margin=-440 slide=72 net=-368
2026-08-27 23:35:41.162 NuvioTV[87386:12640420] [HomeScrollProbe] title row=app.xperience.21e577a3-adc1-47c4-a75b-34493a8dab94:series:recs_because_series margin=114 slide=0 net=114
2026-08-27 23:35:41.179 NuvioTV[87386:12640420] [HomeScrollProbe] pinned-panel y=2856 inset=0 residual=2856
2026-08-27 23:35:41.179 NuvioTV[87386:12640420] [HomeScrollProbe] title row=app.xperience.21e577a3-adc1-47c4-a75b-34493a8dab94:movie:recs_because_movies margin=-452 slide=72 net=-380
2026-08-27 23:35:41.179 NuvioTV[87386:12640420] [HomeScrollProbe] title row=app.xperience.21e577a3-adc1-47c4-a75b-34493a8dab94:series:recs_because_series margin=102 slide=0 net=102
2026-08-27 23:35:41.196 NuvioTV[87386:12640420] [HomeScrollProbe] pinned-panel y=2867 inset=0 residual=2867
2026-08-27 23:35:41.196 NuvioTV[87386:12640420] [HomeScrollProbe] title row=app.xperience.21e577a3-adc1-47c4-a75b-34493a8dab94:movie:recs_because_movies margin=-462 slide=72 net=-390
2026-08-27 23:35:41.196 NuvioTV[87386:12640420] [HomeScrollProbe] title row=app.xperience.21e577a3-adc1-47c4-a75b-34493a8dab94:series:recs_because_series margin=92 slide=0 net=92
2026-08-27 23:35:41.212 NuvioTV[87386:12640420] [HomeScrollProbe] pinned-panel y=2876 inset=0 residual=2876
2026-08-27 23:35:41.212 NuvioTV[87386:12640420] [HomeScrollProbe] title row=app.xperience.21e577a3-adc1-47c4-a75b-34493a8dab94:movie:recs_because_movies margin=-472 slide=72 net=-400
2026-08-27 23:35:41.212 NuvioTV[87386:12640420] [HomeScrollProbe] title row=app.xperience.21e577a3-adc1-47c4-a75b-34493a8dab94:series:recs_because_series margin=82 slide=0 net=82
2026-08-27 23:35:41.229 NuvioTV[87386:12640420] [HomeScrollProbe] pinned-panel y=2884 inset=0 residual=2884
2026-08-27 23:35:41.229 NuvioTV[87386:12640420] [HomeScrollProbe] title row=app.xperience.21e577a3-adc1-47c4-a75b-34493a8dab94:movie:recs_because_movies margin=-480 slide=72 net=-408
2026-08-27 23:35:41.229 NuvioTV[87386:12640420] [HomeScrollProbe] title row=app.xperience.21e577a3-adc1-47c4-a75b-34493a8dab94:series:recs_because_series margin=74 slide=0 net=74
2026-08-27 23:35:41.246 NuvioTV[87386:12640420] [HomeScrollProbe] pinned-panel y=2891 inset=0 residual=2891
2026-08-27 23:35:41.246 NuvioTV[87386:12640420] [HomeScrollProbe] title row=app.xperience.21e577a3-adc1-47c4-a75b-34493a8dab94:movie:recs_because_movies margin=-488 slide=72 net=-416
2026-08-27 23:35:41.246 NuvioTV[87386:12640420] [HomeScrollProbe] title row=app.xperience.21e577a3-adc1-47c4-a75b-34493a8dab94:series:recs_because_series margin=66 slide=0 net=66
2026-08-27 23:35:41.262 NuvioTV[87386:12640420] [HomeScrollProbe] pinned-panel y=2898 inset=0 residual=2898
2026-08-27 23:35:41.262 NuvioTV[87386:12640420] [HomeScrollProbe] title row=app.xperience.21e577a3-adc1-47c4-a75b-34493a8dab94:movie:recs_because_movies margin=-494 slide=72 net=-422
2026-08-27 23:35:41.263 NuvioTV[87386:12640420] [HomeScrollProbe] title row=app.xperience.21e577a3-adc1-47c4-a75b-34493a8dab94:series:recs_because_series margin=60 slide=0 net=60
2026-08-27 23:35:41.280 NuvioTV[87386:12640420] [HomeScrollProbe] pinned-panel y=2904 inset=0 residual=2904
2026-08-27 23:35:41.280 NuvioTV[87386:12640420] [HomeScrollProbe] title row=app.xperience.21e577a3-adc1-47c4-a75b-34493a8dab94:movie:recs_because_movies margin=-500 slide=72 net=-428
2026-08-27 23:35:41.280 NuvioTV[87386:12640420] [HomeScrollProbe] title row=app.xperience.21e577a3-adc1-47c4-a75b-34493a8dab94:series:recs_because_series margin=54 slide=0 net=54
2026-08-27 23:35:41.296 NuvioTV[87386:12640420] [HomeScrollProbe] pinned-panel y=2909 inset=0 residual=2909
2026-08-27 23:35:41.296 NuvioTV[87386:12640420] [HomeScrollProbe] title row=app.xperience.21e577a3-adc1-47c4-a75b-34493a8dab94:movie:recs_because_movies margin=-506 slide=72 net=-434
2026-08-27 23:35:41.296 NuvioTV[87386:12640420] [HomeScrollProbe] title row=app.xperience.21e577a3-adc1-47c4-a75b-34493a8dab94:series:recs_because_series margin=48 slide=0 net=48
2026-08-27 23:35:41.314 NuvioTV[87386:12640420] [HomeScrollProbe] pinned-panel y=2915 inset=0 residual=2915
2026-08-27 23:35:41.314 NuvioTV[87386:12640420] [HomeScrollProbe] title row=app.xperience.21e577a3-adc1-47c4-a75b-34493a8dab94:movie:snoak_top100_movies margin=596 slide=0 net=596
2026-08-27 23:35:41.314 NuvioTV[87386:12640420] [HomeScrollProbe] title row=app.xperience.21e577a3-adc1-47c4-a75b-34493a8dab94:series:recs_because_series margin=44 slide=0 net=44
2026-08-27 23:35:41.331 NuvioTV[87386:12640420] [HomeScrollProbe] pinned-panel y=2919 inset=0 residual=2919
2026-08-27 23:35:41.331 NuvioTV[87386:12640420] [HomeScrollProbe] title row=app.xperience.21e577a3-adc1-47c4-a75b-34493a8dab94:movie:snoak_top100_movies margin=592 slide=0 net=592
2026-08-27 23:35:41.331 NuvioTV[87386:12640420] [HomeScrollProbe] title row=app.xperience.21e577a3-adc1-47c4-a75b-34493a8dab94:series:recs_because_series margin=38 slide=0 net=38
2026-08-27 23:35:41.363 NuvioTV[87386:12640420] [HomeScrollProbe] pinned-panel y=2927 inset=0 residual=2927
2026-08-27 23:35:41.363 NuvioTV[87386:12640420] [HomeScrollProbe] title row=app.xperience.21e577a3-adc1-47c4-a75b-34493a8dab94:movie:snoak_top100_movies margin=584 slide=0 net=584
2026-08-27 23:35:41.363 NuvioTV[87386:12640420] [HomeScrollProbe] title row=app.xperience.21e577a3-adc1-47c4-a75b-34493a8dab94:series:recs_because_series margin=32 slide=0 net=32
2026-08-27 23:35:41.367 NuvioTV[87386:12641599] [TrailerExtract] client=android_vr NO streamingData (playability=LOGIN_REQUIRED reason=Sign in to confirm you’re not a bot)
2026-08-27 23:35:41.380 NuvioTV[87386:12640420] [HomeScrollProbe] pinned-panel y=2930 inset=0 residual=2930
2026-08-27 23:35:41.380 NuvioTV[87386:12640420] [HomeScrollProbe] title row=app.xperience.21e577a3-adc1-47c4-a75b-34493a8dab94:movie:snoak_top100_movies margin=582 slide=0 net=582
2026-08-27 23:35:41.380 NuvioTV[87386:12640420] [HomeScrollProbe] title row=app.xperience.21e577a3-adc1-47c4-a75b-34493a8dab94:series:recs_because_series margin=28 slide=0 net=28
2026-08-27 23:35:41.397 NuvioTV[87386:12640420] [HomeScrollProbe] pinned-panel y=2933 inset=0 residual=2933
2026-08-27 23:35:41.398 NuvioTV[87386:12640420] [HomeScrollProbe] title row=app.xperience.21e577a3-adc1-47c4-a75b-34493a8dab94:movie:snoak_top100_movies margin=578 slide=0 net=578
2026-08-27 23:35:41.398 NuvioTV[87386:12640420] [HomeScrollProbe] title row=app.xperience.21e577a3-adc1-47c4-a75b-34493a8dab94:series:recs_because_series margin=26 slide=0 net=26
2026-08-27 23:35:41.415 NuvioTV[87386:12640420] [HomeScrollProbe] pinned-panel y=2935 inset=0 residual=2935
2026-08-27 23:35:41.415 NuvioTV[87386:12640420] [HomeScrollProbe] title row=app.xperience.21e577a3-adc1-47c4-a75b-34493a8dab94:movie:snoak_top100_movies margin=576 slide=0 net=576
2026-08-27 23:35:41.415 NuvioTV[87386:12640420] [HomeScrollProbe] title row=app.xperience.21e577a3-adc1-47c4-a75b-34493a8dab94:series:recs_because_series margin=22 slide=0 net=22
2026-08-27 23:35:41.432 NuvioTV[87386:12640420] [HomeScrollProbe] pinned-panel y=2938 inset=0 residual=2938
2026-08-27 23:35:41.432 NuvioTV[87386:12640420] [HomeScrollProbe] title row=app.xperience.21e577a3-adc1-47c4-a75b-34493a8dab94:movie:snoak_top100_movies margin=574 slide=0 net=574
2026-08-27 23:35:41.432 NuvioTV[87386:12640420] [HomeScrollProbe] title row=app.xperience.21e577a3-adc1-47c4-a75b-34493a8dab94:series:recs_because_series margin=20 slide=0 net=20
2026-08-27 23:35:41.447 NuvioTV[87386:12640420] [HomeScrollProbe] pinned-panel y=2940 inset=0 residual=2940
2026-08-27 23:35:41.447 NuvioTV[87386:12640420] [HomeScrollProbe] title row=app.xperience.21e577a3-adc1-47c4-a75b-34493a8dab94:movie:snoak_top100_movies margin=572 slide=0 net=572
2026-08-27 23:35:41.447 NuvioTV[87386:12640420] [HomeScrollProbe] title row=app.xperience.21e577a3-adc1-47c4-a75b-34493a8dab94:series:recs_because_series margin=18 slide=0 net=18
2026-08-27 23:35:41.463 NuvioTV[87386:12640420] [HomeScrollProbe] pinned-panel y=2941 inset=0 residual=2941
2026-08-27 23:35:41.463 NuvioTV[87386:12640420] [HomeScrollProbe] title row=app.xperience.21e577a3-adc1-47c4-a75b-34493a8dab94:movie:snoak_top100_movies margin=570 slide=0 net=570
2026-08-27 23:35:41.463 NuvioTV[87386:12640420] [HomeScrollProbe] title row=app.xperience.21e577a3-adc1-47c4-a75b-34493a8dab94:series:recs_because_series margin=16 slide=0 net=16
2026-08-27 23:35:41.480 NuvioTV[87386:12640420] [HomeScrollProbe] pinned-panel y=2943 inset=0 residual=2943
2026-08-27 23:35:41.480 NuvioTV[87386:12640420] [HomeScrollProbe] title row=app.xperience.21e577a3-adc1-47c4-a75b-34493a8dab94:movie:snoak_top100_movies margin=568 slide=0 net=568
2026-08-27 23:35:41.497 NuvioTV[87386:12640420] [HomeScrollProbe] pinned-panel y=2944 inset=0 residual=2944
2026-08-27 23:35:41.497 NuvioTV[87386:12640420] [HomeScrollProbe] title row=app.xperience.21e577a3-adc1-47c4-a75b-34493a8dab94:series:recs_because_series margin=14 slide=0 net=14
2026-08-27 23:35:41.498 NuvioTV[87386:12641607] [TrailerExtract] client=android video=LsPrbMigoOU hls=false formats=1 adaptive=26 sdKeys=expiresInSeconds,formats,adaptiveFormats,serverAbrStreamingUrl,metadataFormats
2026-08-27 23:35:41.511 NuvioTV[87386:12640420] [HomeScrollProbe] pinned-panel y=2946 inset=0 residual=2946
2026-08-27 23:35:41.512 NuvioTV[87386:12640420] [HomeScrollProbe] title row=app.xperience.21e577a3-adc1-47c4-a75b-34493a8dab94:movie:snoak_top100_movies margin=566 slide=0 net=566
2026-08-27 23:35:41.512 NuvioTV[87386:12640420] [HomeScrollProbe] title row=app.xperience.21e577a3-adc1-47c4-a75b-34493a8dab94:series:recs_because_series margin=12 slide=0 net=12
2026-08-27 23:35:41.528 NuvioTV[87386:12640420] [HomeScrollProbe] pinned-panel y=2947 inset=0 residual=2947
2026-08-27 23:35:41.528 NuvioTV[87386:12640420] [HomeScrollProbe] title row=app.xperience.21e577a3-adc1-47c4-a75b-34493a8dab94:movie:snoak_top100_movies margin=564 slide=0 net=564
2026-08-27 23:35:41.544 NuvioTV[87386:12640420] [HomeScrollProbe] pinned-panel y=2948 inset=0 residual=2948
2026-08-27 23:35:41.544 NuvioTV[87386:12640420] [HomeScrollProbe] title row=app.xperience.21e577a3-adc1-47c4-a75b-34493a8dab94:series:recs_because_series margin=10 slide=0 net=10
2026-08-27 23:35:41.561 NuvioTV[87386:12640420] [HomeScrollProbe] pinned-panel y=2949 inset=0 residual=2949
2026-08-27 23:35:41.561 NuvioTV[87386:12640420] [HomeScrollProbe] title row=app.xperience.21e577a3-adc1-47c4-a75b-34493a8dab94:movie:snoak_top100_movies margin=562 slide=0 net=562
2026-08-27 23:35:41.577 NuvioTV[87386:12640420] [HomeScrollProbe] pinned-panel y=2950 inset=0 residual=2950
2026-08-27 23:35:41.578 NuvioTV[87386:12640420] [HomeScrollProbe] title row=app.xperience.21e577a3-adc1-47c4-a75b-34493a8dab94:series:recs_because_series margin=8 slide=0 net=8
2026-08-27 23:35:41.611 NuvioTV[87386:12640420] [HomeScrollProbe] pinned-panel y=2951 inset=0 residual=2951
2026-08-27 23:35:41.611 NuvioTV[87386:12640420] [HomeScrollProbe] title row=app.xperience.21e577a3-adc1-47c4-a75b-34493a8dab94:movie:snoak_top100_movies margin=560 slide=0 net=560
2026-08-27 23:35:41.611 NuvioTV[87386:12640420] [HomeScrollProbe] title row=app.xperience.21e577a3-adc1-47c4-a75b-34493a8dab94:series:recs_because_series margin=6 slide=0 net=6
2026-08-27 23:35:41.624 NuvioTV[87386:12641607] [TrailerExtract] client=ios video=LsPrbMigoOU hls=false formats=0 adaptive=28 sdKeys=expiresInSeconds,adaptiveFormats,aspectRatio,serverAbrStreamingUrl,metadataFormats
2026-08-27 23:35:41.626 NuvioTV[87386:12641607] [TrailerExtract] selection: manifest=none progressive=360 (manifests collected=0)
2026-08-27 23:35:41.627 NuvioTV[87386:12641607] [TrailerExtract] repack candidates: avcVideo=1080p avc1.640028 (android) m4aAudio=mp4a.40.2 (android)
2026-08-27 23:35:41.628 NuvioTV[87386:12640420] [HomeScrollProbe] pinned-panel y=2952 inset=0 residual=2952
2026-08-27 23:35:41.647 NuvioTV[87386:12640420] [HomeScrollProbe] pinned-panel y=2953 inset=0 residual=2953
2026-08-27 23:35:41.647 NuvioTV[87386:12640420] [HomeScrollProbe] title row=app.xperience.21e577a3-adc1-47c4-a75b-34493a8dab94:movie:snoak_top100_movies margin=558 slide=0 net=558
2026-08-27 23:35:41.677 NuvioTV[87386:12640420] [HomeScrollProbe] title row=app.xperience.21e577a3-adc1-47c4-a75b-34493a8dab94:series:recs_because_series margin=4 slide=0 net=4
2026-08-27 23:35:41.694 NuvioTV[87386:12640420] [HomeScrollProbe] pinned-panel y=2954 inset=0 residual=2954
2026-08-27 23:35:41.744 NuvioTV[87386:12640420] [HomeScrollProbe] pinned-panel y=2955 inset=0 residual=2955
2026-08-27 23:35:41.744 NuvioTV[87386:12640420] [HomeScrollProbe] title row=app.xperience.21e577a3-adc1-47c4-a75b-34493a8dab94:movie:snoak_top100_movies margin=556 slide=0 net=556
2026-08-27 23:35:41.761 NuvioTV[87386:12640420] [HomeScrollProbe] title row=app.xperience.21e577a3-adc1-47c4-a75b-34493a8dab94:series:recs_because_series margin=2 slide=0 net=2
2026-08-27 23:35:41.793 NuvioTV[87386:12640420] [HomeScrollProbe] pinned-panel y=2956 inset=0 residual=2956
2026-08-27 23:35:41.911 NuvioTV[87386:12640420] [HomeScrollProbe] pinned-panel y=2957 inset=0 residual=2957
2026-08-27 23:35:41.911 NuvioTV[87386:12640420] [HomeScrollProbe] title row=app.xperience.21e577a3-adc1-47c4-a75b-34493a8dab94:movie:snoak_top100_movies margin=554 slide=0 net=554
2026-08-27 23:35:42.011 NuvioTV[87386:12640420] [HomeScrollProbe] title row=app.xperience.21e577a3-adc1-47c4-a75b-34493a8dab94:series:recs_because_series margin=0 slide=0 net=0
2026-08-27 23:35:42.028 NuvioTV[87386:12640420] [HomeScrollProbe] pinned-panel y=2958 inset=0 residual=2958
2026-08-27 23:35:42.171 NuvioTV[87386:12641603] [TrailerExtract] repack decision: avc=1080p vs progressive=360p -> ELIGIBLE
2026-08-27 23:35:42.449 NuvioTV[87386:12640420] [HomeScrollProbe] REST pinned-panel y=2958 inset=0 residual=2958
2026-08-27 23:35:42.465 NuvioTV[87386:12640420] [HomeScrollProbe] pinned-panel y=2968 inset=0 residual=2968
2026-08-27 23:35:42.465 NuvioTV[87386:12640420] [HomeScrollProbe] title row=app.xperience.21e577a3-adc1-47c4-a75b-34493a8dab94:movie:snoak_top100_movies margin=544 slide=0 net=544
2026-08-27 23:35:42.465 NuvioTV[87386:12640420] [HomeScrollProbe] title row=app.xperience.21e577a3-adc1-47c4-a75b-34493a8dab94:series:recs_because_series margin=-10 slide=10 net=0
2026-08-27 23:35:42.480 NuvioTV[87386:12640420] [HomeScrollProbe] pinned-panel y=2988 inset=0 residual=2988
2026-08-27 23:35:42.480 NuvioTV[87386:12640420] [HomeScrollProbe] title row=app.xperience.21e577a3-adc1-47c4-a75b-34493a8dab94:movie:snoak_top100_movies margin=524 slide=0 net=524
2026-08-27 23:35:42.480 NuvioTV[87386:12640420] [HomeScrollProbe] title row=app.xperience.21e577a3-adc1-47c4-a75b-34493a8dab94:series:recs_because_series margin=-30 slide=30 net=0
2026-08-27 23:35:42.497 NuvioTV[87386:12640420] [HomeScrollProbe] pinned-panel y=3018 inset=0 residual=3018
2026-08-27 23:35:42.497 NuvioTV[87386:12640420] [HomeScrollProbe] title row=app.xperience.21e577a3-adc1-47c4-a75b-34493a8dab94:movie:snoak_top100_movies margin=494 slide=0 net=494
2026-08-27 23:35:42.497 NuvioTV[87386:12640420] [HomeScrollProbe] title row=app.xperience.21e577a3-adc1-47c4-a75b-34493a8dab94:series:recs_because_series margin=-60 slide=60 net=0
2026-08-27 23:35:42.514 NuvioTV[87386:12640420] [HomeScrollProbe] pinned-panel y=3058 inset=0 residual=3058
2026-08-27 23:35:42.514 NuvioTV[87386:12640420] [HomeScrollProbe] title row=app.xperience.21e577a3-adc1-47c4-a75b-34493a8dab94:movie:snoak_top100_movies margin=454 slide=0 net=454
2026-08-27 23:35:42.514 NuvioTV[87386:12640420] [HomeScrollProbe] title row=app.xperience.21e577a3-adc1-47c4-a75b-34493a8dab94:series:recs_because_series margin=-100 slide=72 net=-28
2026-08-27 23:35:42.530 NuvioTV[87386:12640420] [HomeScrollProbe] pinned-panel y=3103 inset=0 residual=3103
2026-08-27 23:35:42.530 NuvioTV[87386:12640420] [HomeScrollProbe] title row=app.xperience.21e577a3-adc1-47c4-a75b-34493a8dab94:movie:snoak_top100_movies margin=408 slide=0 net=408
2026-08-27 23:35:42.530 NuvioTV[87386:12640420] [HomeScrollProbe] title row=app.xperience.21e577a3-adc1-47c4-a75b-34493a8dab94:series:recs_because_series margin=-146 slide=72 net=-74
2026-08-27 23:35:42.546 NuvioTV[87386:12640420] [HomeScrollProbe] pinned-panel y=3142 inset=0 residual=3142
2026-08-27 23:35:42.546 NuvioTV[87386:12640420] [HomeScrollProbe] title row=app.xperience.21e577a3-adc1-47c4-a75b-34493a8dab94:movie:snoak_top100_movies margin=370 slide=0 net=370
2026-08-27 23:35:42.546 NuvioTV[87386:12640420] [HomeScrollProbe] title row=app.xperience.21e577a3-adc1-47c4-a75b-34493a8dab94:series:recs_because_series margin=-184 slide=72 net=-112
2026-08-27 23:35:42.564 NuvioTV[87386:12640420] [HomeScrollProbe] pinned-panel y=3181 inset=0 residual=3181
2026-08-27 23:35:42.564 NuvioTV[87386:12640420] [HomeScrollProbe] title row=app.xperience.21e577a3-adc1-47c4-a75b-34493a8dab94:movie:snoak_top100_movies margin=330 slide=0 net=330
2026-08-27 23:35:42.564 NuvioTV[87386:12640420] [HomeScrollProbe] title row=app.xperience.21e577a3-adc1-47c4-a75b-34493a8dab94:series:recs_because_series margin=-224 slide=72 net=-152
2026-08-27 23:35:42.580 NuvioTV[87386:12640420] [HomeScrollProbe] pinned-panel y=3212 inset=0 residual=3212
2026-08-27 23:35:42.580 NuvioTV[87386:12640420] [HomeScrollProbe] title row=app.xperience.21e577a3-adc1-47c4-a75b-34493a8dab94:movie:snoak_top100_movies margin=300 slide=0 net=300
2026-08-27 23:35:42.580 NuvioTV[87386:12640420] [HomeScrollProbe] title row=app.xperience.21e577a3-adc1-47c4-a75b-34493a8dab94:series:recs_because_series margin=-254 slide=72 net=-182
2026-08-27 23:35:42.597 NuvioTV[87386:12640420] [HomeScrollProbe] pinned-panel y=3242 inset=0 residual=3242
2026-08-27 23:35:42.597 NuvioTV[87386:12640420] [HomeScrollProbe] title row=app.xperience.21e577a3-adc1-47c4-a75b-34493a8dab94:movie:snoak_top100_movies margin=270 slide=0 net=270
2026-08-27 23:35:42.597 NuvioTV[87386:12640420] [HomeScrollProbe] title row=app.xperience.21e577a3-adc1-47c4-a75b-34493a8dab94:series:recs_because_series margin=-284 slide=72 net=-212
2026-08-27 23:35:42.614 NuvioTV[87386:12640420] [HomeScrollProbe] pinned-panel y=3269 inset=0 residual=3269
2026-08-27 23:35:42.614 NuvioTV[87386:12640420] [HomeScrollProbe] title row=app.xperience.21e577a3-adc1-47c4-a75b-34493a8dab94:movie:snoak_top100_movies margin=242 slide=0 net=242
2026-08-27 23:35:42.614 NuvioTV[87386:12640420] [HomeScrollProbe] title row=app.xperience.21e577a3-adc1-47c4-a75b-34493a8dab94:series:recs_because_series margin=-312 slide=72 net=-240
2026-08-27 23:35:42.630 NuvioTV[87386:12640420] [HomeScrollProbe] pinned-panel y=3294 inset=0 residual=3294
2026-08-27 23:35:42.630 NuvioTV[87386:12640420] [HomeScrollProbe] title row=app.xperience.21e577a3-adc1-47c4-a75b-34493a8dab94:movie:snoak_top100_movies margin=218 slide=0 net=218
2026-08-27 23:35:42.630 NuvioTV[87386:12640420] [HomeScrollProbe] title row=app.xperience.21e577a3-adc1-47c4-a75b-34493a8dab94:series:recs_because_series margin=-336 slide=72 net=-264
2026-08-27 23:35:42.638 NuvioTV[87386:12641607] [TrailerRepack] serving 1920x1080 avc1+mp4a (27+16 segments) at http://127.0.0.1:8230/2cccbb4fe7c08e69079e607de7ad4f67/master.m3u8
2026-08-27 23:35:42.651 NuvioTV[87386:12640420] [HomeScrollProbe] pinned-panel y=3322 inset=0 residual=3322
2026-08-27 23:35:42.651 NuvioTV[87386:12640420] [HomeScrollProbe] title row=app.xperience.21e577a3-adc1-47c4-a75b-34493a8dab94:movie:snoak_top100_movies margin=190 slide=0 net=190
2026-08-27 23:35:42.651 NuvioTV[87386:12640420] [HomeScrollProbe] title row=app.xperience.21e577a3-adc1-47c4-a75b-34493a8dab94:series:recs_because_series margin=-364 slide=72 net=-292
2026-08-27 23:35:42.670 NuvioTV[87386:12640420] [HomeScrollProbe] pinned-panel y=3343 inset=0 residual=3343
2026-08-27 23:35:42.670 NuvioTV[87386:12640420] [HomeScrollProbe] title row=app.xperience.21e577a3-adc1-47c4-a75b-34493a8dab94:movie:snoak_top100_movies margin=168 slide=0 net=168
2026-08-27 23:35:42.670 NuvioTV[87386:12640420] [HomeScrollProbe] title row=app.xperience.21e577a3-adc1-47c4-a75b-34493a8dab94:series:recs_because_series margin=-386 slide=72 net=-314
2026-08-27 23:35:42.678 NuvioTV[87386:12640420] [HomeScrollProbe] pinned-panel y=3352 inset=0 residual=3352
2026-08-27 23:35:42.679 NuvioTV[87386:12640420] [HomeScrollProbe] title row=app.xperience.21e577a3-adc1-47c4-a75b-34493a8dab94:movie:snoak_top100_movies margin=160 slide=0 net=160
2026-08-27 23:35:42.679 NuvioTV[87386:12640420] [HomeScrollProbe] title row=app.xperience.21e577a3-adc1-47c4-a75b-34493a8dab94:series:recs_because_series margin=-394 slide=72 net=-322
2026-08-27 23:35:42.700 NuvioTV[87386:12640420] [HomeScrollProbe] pinned-panel y=3370 inset=0 residual=3370
2026-08-27 23:35:42.700 NuvioTV[87386:12640420] [HomeScrollProbe] title row=app.xperience.21e577a3-adc1-47c4-a75b-34493a8dab94:movie:snoak_top100_movies margin=142 slide=0 net=142
2026-08-27 23:35:42.700 NuvioTV[87386:12640420] [HomeScrollProbe] title row=app.xperience.21e577a3-adc1-47c4-a75b-34493a8dab94:series:recs_because_series margin=-412 slide=72 net=-340
2026-08-27 23:35:42.713 NuvioTV[87386:12640420] [HomeScrollProbe] pinned-panel y=3382 inset=0 residual=3382
2026-08-27 23:35:42.713 NuvioTV[87386:12640420] [HomeScrollProbe] title row=app.xperience.21e577a3-adc1-47c4-a75b-34493a8dab94:movie:snoak_top100_movies margin=130 slide=0 net=130
2026-08-27 23:35:42.713 NuvioTV[87386:12640420] [HomeScrollProbe] title row=app.xperience.21e577a3-adc1-47c4-a75b-34493a8dab94:series:recs_because_series margin=-424 slide=72 net=-352
2026-08-27 23:35:42.734 NuvioTV[87386:12640420] [HomeScrollProbe] pinned-panel y=3398 inset=0 residual=3398
2026-08-27 23:35:42.734 NuvioTV[87386:12640420] [HomeScrollProbe] title row=app.xperience.21e577a3-adc1-47c4-a75b-34493a8dab94:movie:snoak_top100_movies margin=114 slide=0 net=114
2026-08-27 23:35:42.734 NuvioTV[87386:12640420] [HomeScrollProbe] title row=app.xperience.21e577a3-adc1-47c4-a75b-34493a8dab94:series:recs_because_series margin=-440 slide=72 net=-368
2026-08-27 23:35:42.747 NuvioTV[87386:12640420] [HomeScrollProbe] pinned-panel y=3407 inset=0 residual=3407
2026-08-27 23:35:42.747 NuvioTV[87386:12640420] [HomeScrollProbe] title row=app.xperience.21e577a3-adc1-47c4-a75b-34493a8dab94:movie:snoak_top100_movies margin=104 slide=0 net=104
2026-08-27 23:35:42.747 NuvioTV[87386:12640420] [HomeScrollProbe] title row=app.xperience.21e577a3-adc1-47c4-a75b-34493a8dab94:series:recs_because_series margin=-450 slide=72 net=-378
2026-08-27 23:35:42.762 NuvioTV[87386:12640420] [HomeScrollProbe] pinned-panel y=3417 inset=0 residual=3417
2026-08-27 23:35:42.762 NuvioTV[87386:12640420] [HomeScrollProbe] title row=app.xperience.21e577a3-adc1-47c4-a75b-34493a8dab94:movie:snoak_top100_movies margin=94 slide=0 net=94
2026-08-27 23:35:42.762 NuvioTV[87386:12640420] [HomeScrollProbe] title row=app.xperience.21e577a3-adc1-47c4-a75b-34493a8dab94:series:recs_because_series margin=-460 slide=72 net=-388
2026-08-27 23:35:42.779 NuvioTV[87386:12640420] [HomeScrollProbe] pinned-panel y=3427 inset=0 residual=3427
2026-08-27 23:35:42.779 NuvioTV[87386:12640420] [HomeScrollProbe] title row=app.xperience.21e577a3-adc1-47c4-a75b-34493a8dab94:movie:snoak_top100_movies margin=84 slide=0 net=84
2026-08-27 23:35:42.779 NuvioTV[87386:12640420] [HomeScrollProbe] title row=app.xperience.21e577a3-adc1-47c4-a75b-34493a8dab94:series:recs_because_series margin=-470 slide=72 net=-398
2026-08-27 23:35:42.795 NuvioTV[87386:12640420] [HomeScrollProbe] pinned-panel y=3435 inset=0 residual=3435
2026-08-27 23:35:42.795 NuvioTV[87386:12640420] [HomeScrollProbe] title row=app.xperience.21e577a3-adc1-47c4-a75b-34493a8dab94:movie:snoak_top100_movies margin=76 slide=0 net=76
2026-08-27 23:35:42.795 NuvioTV[87386:12640420] [HomeScrollProbe] title row=app.xperience.21e577a3-adc1-47c4-a75b-34493a8dab94:series:recs_because_series margin=-478 slide=72 net=-406
2026-08-27 23:35:42.812 NuvioTV[87386:12640420] [HomeScrollProbe] pinned-panel y=3443 inset=0 residual=3443
2026-08-27 23:35:42.813 NuvioTV[87386:12640420] [HomeScrollProbe] title row=app.xperience.21e577a3-adc1-47c4-a75b-34493a8dab94:movie:snoak_top100_movies margin=68 slide=0 net=68
2026-08-27 23:35:42.813 NuvioTV[87386:12640420] [HomeScrollProbe] title row=app.xperience.21e577a3-adc1-47c4-a75b-34493a8dab94:series:recs_because_series margin=-486 slide=72 net=-414
2026-08-27 23:35:42.830 NuvioTV[87386:12640420] [HomeScrollProbe] pinned-panel y=3450 inset=0 residual=3450
2026-08-27 23:35:42.830 NuvioTV[87386:12640420] [HomeScrollProbe] title row=app.xperience.21e577a3-adc1-47c4-a75b-34493a8dab94:movie:snoak_top100_movies margin=62 slide=0 net=62
2026-08-27 23:35:42.830 NuvioTV[87386:12640420] [HomeScrollProbe] title row=app.xperience.21e577a3-adc1-47c4-a75b-34493a8dab94:series:recs_because_series margin=-492 slide=72 net=-420
2026-08-27 23:35:42.846 NuvioTV[87386:12640420] [HomeScrollProbe] pinned-panel y=3456 inset=0 residual=3456
2026-08-27 23:35:42.846 NuvioTV[87386:12640420] [HomeScrollProbe] title row=app.xperience.21e577a3-adc1-47c4-a75b-34493a8dab94:movie:snoak_top100_movies margin=56 slide=0 net=56
2026-08-27 23:35:42.846 NuvioTV[87386:12640420] [HomeScrollProbe] title row=app.xperience.21e577a3-adc1-47c4-a75b-34493a8dab94:series:recs_because_series margin=-498 slide=72 net=-426
2026-08-27 23:35:42.863 NuvioTV[87386:12640420] [HomeScrollProbe] pinned-panel y=3462 inset=0 residual=3462
2026-08-27 23:35:42.863 NuvioTV[87386:12640420] [HomeScrollProbe] title row=app.xperience.21e577a3-adc1-47c4-a75b-34493a8dab94:movie:snoak_top100_movies margin=50 slide=0 net=50
2026-08-27 23:35:42.864 NuvioTV[87386:12640420] [HomeScrollProbe] title row=app.xperience.21e577a3-adc1-47c4-a75b-34493a8dab94:series:recs_because_series margin=-504 slide=72 net=-432
2026-08-27 23:35:42.898 NuvioTV[87386:12640420] [HomeScrollProbe] pinned-panel y=3472 inset=0 residual=3472
2026-08-27 23:35:42.898 NuvioTV[87386:12640420] [HomeScrollProbe] title row=app.xperience.21e577a3-adc1-47c4-a75b-34493a8dab94:series:snoak_top100_series margin=594 slide=0 net=594
2026-08-27 23:35:42.898 NuvioTV[87386:12640420] [HomeScrollProbe] title row=app.xperience.21e577a3-adc1-47c4-a75b-34493a8dab94:movie:snoak_top100_movies margin=40 slide=0 net=40
2026-08-27 23:35:42.913 NuvioTV[87386:12640420] [HomeScrollProbe] pinned-panel y=3476 inset=0 residual=3476
2026-08-27 23:35:42.914 NuvioTV[87386:12640420] [HomeScrollProbe] title row=app.xperience.21e577a3-adc1-47c4-a75b-34493a8dab94:series:snoak_top100_series margin=590 slide=0 net=590
2026-08-27 23:35:42.914 NuvioTV[87386:12640420] [HomeScrollProbe] title row=app.xperience.21e577a3-adc1-47c4-a75b-34493a8dab94:movie:snoak_top100_movies margin=36 slide=0 net=36
2026-08-27 23:35:42.930 NuvioTV[87386:12640420] [HomeScrollProbe] pinned-panel y=3479 inset=0 residual=3479
2026-08-27 23:35:42.930 NuvioTV[87386:12640420] [HomeScrollProbe] title row=app.xperience.21e577a3-adc1-47c4-a75b-34493a8dab94:series:snoak_top100_series margin=586 slide=0 net=586
2026-08-27 23:35:42.930 NuvioTV[87386:12640420] [HomeScrollProbe] title row=app.xperience.21e577a3-adc1-47c4-a75b-34493a8dab94:movie:snoak_top100_movies margin=32 slide=0 net=32
2026-08-27 23:35:42.947 NuvioTV[87386:12640420] [HomeScrollProbe] pinned-panel y=3483 inset=0 residual=3483
2026-08-27 23:35:42.947 NuvioTV[87386:12640420] [HomeScrollProbe] title row=app.xperience.21e577a3-adc1-47c4-a75b-34493a8dab94:series:snoak_top100_series margin=582 slide=0 net=582
2026-08-27 23:35:42.947 NuvioTV[87386:12640420] [HomeScrollProbe] title row=app.xperience.21e577a3-adc1-47c4-a75b-34493a8dab94:movie:snoak_top100_movies margin=28 slide=0 net=28
2026-08-27 23:35:42.963 NuvioTV[87386:12640420] [HomeScrollProbe] pinned-panel y=3485 inset=0 residual=3485
2026-08-27 23:35:42.963 NuvioTV[87386:12640420] [HomeScrollProbe] title row=app.xperience.21e577a3-adc1-47c4-a75b-34493a8dab94:series:snoak_top100_series margin=580 slide=0 net=580
2026-08-27 23:35:42.963 NuvioTV[87386:12640420] [HomeScrollProbe] title row=app.xperience.21e577a3-adc1-47c4-a75b-34493a8dab94:movie:snoak_top100_movies margin=26 slide=0 net=26
2026-08-27 23:35:42.980 NuvioTV[87386:12640420] [HomeScrollProbe] pinned-panel y=3488 inset=0 residual=3488
2026-08-27 23:35:42.980 NuvioTV[87386:12640420] [HomeScrollProbe] title row=app.xperience.21e577a3-adc1-47c4-a75b-34493a8dab94:series:snoak_top100_series margin=578 slide=0 net=578
2026-08-27 23:35:42.980 NuvioTV[87386:12640420] [HomeScrollProbe] title row=app.xperience.21e577a3-adc1-47c4-a75b-34493a8dab94:movie:snoak_top100_movies margin=24 slide=0 net=24
2026-08-27 23:35:42.998 NuvioTV[87386:12640420] [HomeScrollProbe] pinned-panel y=3490 inset=0 residual=3490
2026-08-27 23:35:42.998 NuvioTV[87386:12640420] [HomeScrollProbe] title row=app.xperience.21e577a3-adc1-47c4-a75b-34493a8dab94:series:snoak_top100_series margin=574 slide=0 net=574
2026-08-27 23:35:42.998 NuvioTV[87386:12640420] [HomeScrollProbe] title row=app.xperience.21e577a3-adc1-47c4-a75b-34493a8dab94:movie:snoak_top100_movies margin=22 slide=0 net=22
2026-08-27 23:35:43.017 NuvioTV[87386:12640420] [HomeScrollProbe] pinned-panel y=3493 inset=0 residual=3493
2026-08-27 23:35:43.017 NuvioTV[87386:12640420] [HomeScrollProbe] title row=app.xperience.21e577a3-adc1-47c4-a75b-34493a8dab94:series:snoak_top100_series margin=572 slide=0 net=572
2026-08-27 23:35:43.017 NuvioTV[87386:12640420] [HomeScrollProbe] title row=app.xperience.21e577a3-adc1-47c4-a75b-34493a8dab94:movie:snoak_top100_movies margin=18 slide=0 net=18
2026-08-27 23:35:43.029 NuvioTV[87386:12640420] [HomeScrollProbe] pinned-panel y=3494 inset=0 residual=3494
2026-08-27 23:35:43.029 NuvioTV[87386:12640420] [HomeScrollProbe] title row=app.xperience.21e577a3-adc1-47c4-a75b-34493a8dab94:series:snoak_top100_series margin=570 slide=0 net=570
2026-08-27 23:35:43.044 NuvioTV[87386:12640420] [HomeScrollProbe] pinned-panel y=3496 inset=0 residual=3496
2026-08-27 23:35:43.044 NuvioTV[87386:12640420] [HomeScrollProbe] title row=app.xperience.21e577a3-adc1-47c4-a75b-34493a8dab94:movie:snoak_top100_movies margin=16 slide=0 net=16
2026-08-27 23:35:43.063 NuvioTV[87386:12640420] [HomeScrollProbe] pinned-panel y=3497 inset=0 residual=3497
2026-08-27 23:35:43.063 NuvioTV[87386:12640420] [HomeScrollProbe] title row=app.xperience.21e577a3-adc1-47c4-a75b-34493a8dab94:series:snoak_top100_series margin=568 slide=0 net=568
2026-08-27 23:35:43.063 NuvioTV[87386:12640420] [HomeScrollProbe] title row=app.xperience.21e577a3-adc1-47c4-a75b-34493a8dab94:movie:snoak_top100_movies margin=14 slide=0 net=14
2026-08-27 23:35:43.080 NuvioTV[87386:12640420] [HomeScrollProbe] pinned-panel y=3499 inset=0 residual=3499
2026-08-27 23:35:43.081 NuvioTV[87386:12640420] [HomeScrollProbe] title row=app.xperience.21e577a3-adc1-47c4-a75b-34493a8dab94:series:snoak_top100_series margin=566 slide=0 net=566
2026-08-27 23:35:43.081 NuvioTV[87386:12640420] [HomeScrollProbe] title row=app.xperience.21e577a3-adc1-47c4-a75b-34493a8dab94:movie:snoak_top100_movies margin=12 slide=0 net=12
2026-08-27 23:35:43.097 NuvioTV[87386:12640420] [HomeScrollProbe] pinned-panel y=3500 inset=0 residual=3500
2026-08-27 23:35:43.097 NuvioTV[87386:12640420] [HomeScrollProbe] title row=app.xperience.21e577a3-adc1-47c4-a75b-34493a8dab94:series:snoak_top100_series margin=564 slide=0 net=564
2026-08-27 23:35:43.113 NuvioTV[87386:12640420] [HomeScrollProbe] pinned-panel y=3501 inset=0 residual=3501
2026-08-27 23:35:43.113 NuvioTV[87386:12640420] [HomeScrollProbe] title row=app.xperience.21e577a3-adc1-47c4-a75b-34493a8dab94:movie:snoak_top100_movies margin=10 slide=0 net=10
2026-08-27 23:35:43.130 NuvioTV[87386:12640420] [HomeScrollProbe] pinned-panel y=3502 inset=0 residual=3502
2026-08-27 23:35:43.130 NuvioTV[87386:12640420] [HomeScrollProbe] title row=app.xperience.21e577a3-adc1-47c4-a75b-34493a8dab94:series:snoak_top100_series margin=562 slide=0 net=562
2026-08-27 23:35:43.146 NuvioTV[87386:12640420] [HomeScrollProbe] pinned-panel y=3503 inset=0 residual=3503
2026-08-27 23:35:43.146 NuvioTV[87386:12640420] [HomeScrollProbe] title row=app.xperience.21e577a3-adc1-47c4-a75b-34493a8dab94:movie:snoak_top100_movies margin=8 slide=0 net=8
2026-08-27 23:35:43.163 NuvioTV[87386:12640420] [HomeScrollProbe] pinned-panel y=3504 inset=0 residual=3504
2026-08-27 23:35:43.180 NuvioTV[87386:12640420] [HomeScrollProbe] pinned-panel y=3505 inset=0 residual=3505
2026-08-27 23:35:43.180 NuvioTV[87386:12640420] [HomeScrollProbe] title row=app.xperience.21e577a3-adc1-47c4-a75b-34493a8dab94:series:snoak_top100_series margin=560 slide=0 net=560
2026-08-27 23:35:43.180 NuvioTV[87386:12640420] [HomeScrollProbe] title row=app.xperience.21e577a3-adc1-47c4-a75b-34493a8dab94:movie:snoak_top100_movies margin=6 slide=0 net=6
2026-08-27 23:35:43.214 NuvioTV[87386:12640420] [HomeScrollProbe] pinned-panel y=3506 inset=0 residual=3506
2026-08-27 23:35:43.230 NuvioTV[87386:12640420] [HomeScrollProbe] title row=app.xperience.21e577a3-adc1-47c4-a75b-34493a8dab94:series:snoak_top100_series margin=558 slide=0 net=558
2026-08-27 23:35:43.245 NuvioTV[87386:12640420] [HomeScrollProbe] pinned-panel y=3507 inset=0 residual=3507
2026-08-27 23:35:43.245 NuvioTV[87386:12640420] [HomeScrollProbe] title row=app.xperience.21e577a3-adc1-47c4-a75b-34493a8dab94:movie:snoak_top100_movies margin=4 slide=0 net=4
2026-08-27 23:35:43.280 NuvioTV[87386:12640420] [HomeScrollProbe] pinned-panel y=3508 inset=0 residual=3508
2026-08-27 23:35:43.313 NuvioTV[87386:12640420] [HomeScrollProbe] title row=app.xperience.21e577a3-adc1-47c4-a75b-34493a8dab94:series:snoak_top100_series margin=556 slide=0 net=556
2026-08-27 23:35:43.327 NuvioTV[87386:12640420] [HomeScrollProbe] pinned-panel y=3509 inset=0 residual=3509
2026-08-27 23:35:43.327 NuvioTV[87386:12640420] [HomeScrollProbe] title row=app.xperience.21e577a3-adc1-47c4-a75b-34493a8dab94:movie:snoak_top100_movies margin=2 slide=0 net=2
2026-08-27 23:35:43.410 NuvioTV[87386:12640420] [HomeScrollProbe] pinned-panel y=3510 inset=0 residual=3510
2026-08-27 23:35:43.477 NuvioTV[87386:12640420] [HomeScrollProbe] title row=app.xperience.21e577a3-adc1-47c4-a75b-34493a8dab94:series:snoak_top100_series margin=554 slide=0 net=554
2026-08-27 23:35:43.594 NuvioTV[87386:12640420] [HomeScrollProbe] pinned-panel y=3511 inset=0 residual=3511
2026-08-27 23:35:43.594 NuvioTV[87386:12640420] [HomeScrollProbe] title row=app.xperience.21e577a3-adc1-47c4-a75b-34493a8dab94:movie:snoak_top100_movies margin=0 slide=0 net=0
2026-08-27 23:35:44.001 NuvioTV[87386:12640420] [HomeScrollProbe] REST pinned-panel y=3511 inset=0 residual=3511
2026-08-27 23:35:45.311 NuvioTV[87386:12641605] [TrailerExtract] client=android_vr NO streamingData (playability=LOGIN_REQUIRED reason=Sign in to confirm you’re not a bot)
2026-08-27 23:35:45.470 NuvioTV[87386:12641605] [TrailerExtract] client=android video=3R2WsyoS2FM hls=false formats=1 adaptive=21 sdKeys=expiresInSeconds,formats,adaptiveFormats,serverAbrStreamingUrl
2026-08-27 23:35:45.624 NuvioTV[87386:12641086] [TrailerExtract] client=ios video=3R2WsyoS2FM hls=false formats=0 adaptive=18 sdKeys=expiresInSeconds,adaptiveFormats,aspectRatio,serverAbrStreamingUrl
2026-08-27 23:35:45.625 NuvioTV[87386:12641086] [TrailerExtract] selection: manifest=none progressive=360 (manifests collected=0)
2026-08-27 23:35:45.625 NuvioTV[87386:12641086] [TrailerExtract] repack candidates: avcVideo=480p avc1.4d401e (android) m4aAudio=mp4a.40.2 (android)
2026-08-27 23:35:46.451 NuvioTV[87386:12641603] [TrailerExtract] repack decision: avc=480p vs progressive=360p -> ELIGIBLE
2026-08-27 23:35:47.072 NuvioTV[87386:12641064] [TrailerRepack] serving 640x480 avc1+mp4a (18+10 segments) at http://127.0.0.1:8230/f79aac50a0365d419c6de87a4e4243b0/master.m3u8
2026-08-27 23:35:48.309 NuvioTV[87386:12640420] [HomeScrollProbe] pinned-panel y=3501 inset=0 residual=3501
2026-08-27 23:35:48.309 NuvioTV[87386:12640420] [HomeScrollProbe] title row=app.xperience.21e577a3-adc1-47c4-a75b-34493a8dab94:series:snoak_top100_series margin=564 slide=0 net=564
2026-08-27 23:35:48.309 NuvioTV[87386:12640420] [HomeScrollProbe] title row=app.xperience.21e577a3-adc1-47c4-a75b-34493a8dab94:movie:snoak_top100_movies margin=10 slide=0 net=10
2026-08-27 23:35:48.312 NuvioTV[87386:12640420] [HomeScrollProbe] pinned-panel y=3487 inset=0 residual=3487
2026-08-27 23:35:48.312 NuvioTV[87386:12640420] [HomeScrollProbe] title row=app.xperience.21e577a3-adc1-47c4-a75b-34493a8dab94:series:snoak_top100_series margin=578 slide=0 net=578
2026-08-27 23:35:48.312 NuvioTV[87386:12640420] [HomeScrollProbe] title row=app.xperience.21e577a3-adc1-47c4-a75b-34493a8dab94:movie:snoak_top100_movies margin=24 slide=0 net=24
2026-08-27 23:35:48.327 NuvioTV[87386:12640420] [HomeScrollProbe] pinned-panel y=3463 inset=0 residual=3463
2026-08-27 23:35:48.327 NuvioTV[87386:12640420] [HomeScrollProbe] title row=app.xperience.21e577a3-adc1-47c4-a75b-34493a8dab94:movie:snoak_top100_movies margin=48 slide=0 net=48
2026-08-27 23:35:48.344 NuvioTV[87386:12640420] [HomeScrollProbe] pinned-panel y=3429 inset=0 residual=3429
2026-08-27 23:35:48.345 NuvioTV[87386:12640420] [HomeScrollProbe] title row=app.xperience.21e577a3-adc1-47c4-a75b-34493a8dab94:series:recs_because_series margin=-472 slide=72 net=-400
2026-08-27 23:35:48.345 NuvioTV[87386:12640420] [HomeScrollProbe] title row=app.xperience.21e577a3-adc1-47c4-a75b-34493a8dab94:movie:snoak_top100_movies margin=82 slide=0 net=82
2026-08-27 23:35:48.377 NuvioTV[87386:12640420] [HomeScrollProbe] pinned-panel y=3385 inset=0 residual=3385
2026-08-27 23:35:48.377 NuvioTV[87386:12640420] [HomeScrollProbe] title row=app.xperience.21e577a3-adc1-47c4-a75b-34493a8dab94:series:recs_because_series margin=-428 slide=72 net=-356
2026-08-27 23:35:48.377 NuvioTV[87386:12640420] [HomeScrollProbe] title row=app.xperience.21e577a3-adc1-47c4-a75b-34493a8dab94:movie:snoak_top100_movies margin=126 slide=0 net=126
2026-08-27 23:35:48.393 NuvioTV[87386:12640420] [HomeScrollProbe] pinned-panel y=3331 inset=0 residual=3331
2026-08-27 23:35:48.393 NuvioTV[87386:12640420] [HomeScrollProbe] title row=app.xperience.21e577a3-adc1-47c4-a75b-34493a8dab94:series:recs_because_series margin=-374 slide=72 net=-302
2026-08-27 23:35:48.393 NuvioTV[87386:12640420] [HomeScrollProbe] title row=app.xperience.21e577a3-adc1-47c4-a75b-34493a8dab94:movie:snoak_top100_movies margin=180 slide=0 net=180
2026-08-27 23:35:48.410 NuvioTV[87386:12640420] [HomeScrollProbe] pinned-panel y=3277 inset=0 residual=3277
2026-08-27 23:35:48.410 NuvioTV[87386:12640420] [HomeScrollProbe] title row=app.xperience.21e577a3-adc1-47c4-a75b-34493a8dab94:series:recs_because_series margin=-320 slide=72 net=-248
2026-08-27 23:35:48.410 NuvioTV[87386:12640420] [HomeScrollProbe] title row=app.xperience.21e577a3-adc1-47c4-a75b-34493a8dab94:movie:snoak_top100_movies margin=234 slide=0 net=234
2026-08-27 23:35:48.429 NuvioTV[87386:12640420] [HomeScrollProbe] pinned-panel y=3228 inset=0 residual=3228
2026-08-27 23:35:48.429 NuvioTV[87386:12640420] [HomeScrollProbe] title row=app.xperience.21e577a3-adc1-47c4-a75b-34493a8dab94:series:recs_because_series margin=-270 slide=72 net=-198
2026-08-27 23:35:48.429 NuvioTV[87386:12640420] [HomeScrollProbe] title row=app.xperience.21e577a3-adc1-47c4-a75b-34493a8dab94:movie:snoak_top100_movies margin=284 slide=0 net=284
2026-08-27 23:35:48.460 NuvioTV[87386:12640420] [HomeScrollProbe] pinned-panel y=3175 inset=0 residual=3175
2026-08-27 23:35:48.460 NuvioTV[87386:12640420] [HomeScrollProbe] title row=app.xperience.21e577a3-adc1-47c4-a75b-34493a8dab94:series:recs_because_series margin=-218 slide=72 net=-146
2026-08-27 23:35:48.460 NuvioTV[87386:12640420] [HomeScrollProbe] title row=app.xperience.21e577a3-adc1-47c4-a75b-34493a8dab94:movie:snoak_top100_movies margin=336 slide=0 net=336
2026-08-27 23:35:48.477 NuvioTV[87386:12640420] [HomeScrollProbe] pinned-panel y=3153 inset=0 residual=3153
2026-08-27 23:35:48.477 NuvioTV[87386:12640420] [HomeScrollProbe] title row=app.xperience.21e577a3-adc1-47c4-a75b-34493a8dab94:series:recs_because_series margin=-196 slide=72 net=-124
2026-08-27 23:35:48.477 NuvioTV[87386:12640420] [HomeScrollProbe] title row=app.xperience.21e577a3-adc1-47c4-a75b-34493a8dab94:movie:snoak_top100_movies margin=358 slide=0 net=358
2026-08-27 23:35:48.494 NuvioTV[87386:12640420] [HomeScrollProbe] pinned-panel y=3134 inset=0 residual=3134
2026-08-27 23:35:48.494 NuvioTV[87386:12640420] [HomeScrollProbe] title row=app.xperience.21e577a3-adc1-47c4-a75b-34493a8dab94:series:recs_because_series margin=-176 slide=72 net=-104
2026-08-27 23:35:48.494 NuvioTV[87386:12640420] [HomeScrollProbe] title row=app.xperience.21e577a3-adc1-47c4-a75b-34493a8dab94:movie:snoak_top100_movies margin=378 slide=0 net=378
2026-08-27 23:35:48.510 NuvioTV[87386:12640420] [HomeScrollProbe] pinned-panel y=3116 inset=0 residual=3116
2026-08-27 23:35:48.510 NuvioTV[87386:12640420] [HomeScrollProbe] title row=app.xperience.21e577a3-adc1-47c4-a75b-34493a8dab94:series:recs_because_series margin=-158 slide=72 net=-86
2026-08-27 23:35:48.510 NuvioTV[87386:12640420] [HomeScrollProbe] title row=app.xperience.21e577a3-adc1-47c4-a75b-34493a8dab94:movie:snoak_top100_movies margin=396 slide=0 net=396
2026-08-27 23:35:48.527 NuvioTV[87386:12640420] [HomeScrollProbe] pinned-panel y=3100 inset=0 residual=3100
2026-08-27 23:35:48.527 NuvioTV[87386:12640420] [HomeScrollProbe] title row=app.xperience.21e577a3-adc1-47c4-a75b-34493a8dab94:series:recs_because_series margin=-142 slide=72 net=-70
2026-08-27 23:35:48.527 NuvioTV[87386:12640420] [HomeScrollProbe] title row=app.xperience.21e577a3-adc1-47c4-a75b-34493a8dab94:movie:snoak_top100_movies margin=412 slide=0 net=412
2026-08-27 23:35:48.544 NuvioTV[87386:12640420] [HomeScrollProbe] pinned-panel y=3086 inset=0 residual=3086
2026-08-27 23:35:48.544 NuvioTV[87386:12640420] [HomeScrollProbe] title row=app.xperience.21e577a3-adc1-47c4-a75b-34493a8dab94:series:recs_because_series margin=-128 slide=72 net=-56
2026-08-27 23:35:48.544 NuvioTV[87386:12640420] [HomeScrollProbe] title row=app.xperience.21e577a3-adc1-47c4-a75b-34493a8dab94:movie:snoak_top100_movies margin=426 slide=0 net=426
2026-08-27 23:35:48.561 NuvioTV[87386:12640420] [HomeScrollProbe] pinned-panel y=3073 inset=0 residual=3073
2026-08-27 23:35:48.561 NuvioTV[87386:12640420] [HomeScrollProbe] title row=app.xperience.21e577a3-adc1-47c4-a75b-34493a8dab94:series:recs_because_series margin=-116 slide=72 net=-44
2026-08-27 23:35:48.561 NuvioTV[87386:12640420] [HomeScrollProbe] title row=app.xperience.21e577a3-adc1-47c4-a75b-34493a8dab94:movie:snoak_top100_movies margin=438 slide=0 net=438
2026-08-27 23:35:48.577 NuvioTV[87386:12640420] [HomeScrollProbe] pinned-panel y=3061 inset=0 residual=3061
2026-08-27 23:35:48.577 NuvioTV[87386:12640420] [HomeScrollProbe] title row=app.xperience.21e577a3-adc1-47c4-a75b-34493a8dab94:series:recs_because_series margin=-104 slide=72 net=-32
2026-08-27 23:35:48.577 NuvioTV[87386:12640420] [HomeScrollProbe] title row=app.xperience.21e577a3-adc1-47c4-a75b-34493a8dab94:movie:snoak_top100_movies margin=450 slide=0 net=450
2026-08-27 23:35:48.594 NuvioTV[87386:12640420] [HomeScrollProbe] pinned-panel y=3051 inset=0 residual=3051
2026-08-27 23:35:48.594 NuvioTV[87386:12640420] [HomeScrollProbe] title row=app.xperience.21e577a3-adc1-47c4-a75b-34493a8dab94:series:recs_because_series margin=-94 slide=72 net=-22
2026-08-27 23:35:48.594 NuvioTV[87386:12640420] [HomeScrollProbe] title row=app.xperience.21e577a3-adc1-47c4-a75b-34493a8dab94:movie:snoak_top100_movies margin=460 slide=0 net=460
2026-08-27 23:35:48.611 NuvioTV[87386:12640420] [HomeScrollProbe] pinned-panel y=3041 inset=0 residual=3041
2026-08-27 23:35:48.612 NuvioTV[87386:12640420] [HomeScrollProbe] title row=app.xperience.21e577a3-adc1-47c4-a75b-34493a8dab94:series:recs_because_series margin=-84 slide=72 net=-12
2026-08-27 23:35:48.612 NuvioTV[87386:12640420] [HomeScrollProbe] title row=app.xperience.21e577a3-adc1-47c4-a75b-34493a8dab94:movie:snoak_top100_movies margin=470 slide=0 net=470
2026-08-27 23:35:48.628 NuvioTV[87386:12640420] [HomeScrollProbe] pinned-panel y=3033 inset=0 residual=3033
2026-08-27 23:35:48.628 NuvioTV[87386:12640420] [HomeScrollProbe] title row=app.xperience.21e577a3-adc1-47c4-a75b-34493a8dab94:series:recs_because_series margin=-76 slide=72 net=-4
2026-08-27 23:35:48.628 NuvioTV[87386:12640420] [HomeScrollProbe] title row=app.xperience.21e577a3-adc1-47c4-a75b-34493a8dab94:movie:snoak_top100_movies margin=478 slide=0 net=478
2026-08-27 23:35:48.644 NuvioTV[87386:12640420] [HomeScrollProbe] pinned-panel y=3025 inset=0 residual=3025
2026-08-27 23:35:48.644 NuvioTV[87386:12640420] [HomeScrollProbe] title row=app.xperience.21e577a3-adc1-47c4-a75b-34493a8dab94:series:recs_because_series margin=-68 slide=68 net=0
2026-08-27 23:35:48.644 NuvioTV[87386:12640420] [HomeScrollProbe] title row=app.xperience.21e577a3-adc1-47c4-a75b-34493a8dab94:movie:snoak_top100_movies margin=486 slide=0 net=486
2026-08-27 23:35:48.673 NuvioTV[87386:12640420] [HomeScrollProbe] pinned-panel y=3013 inset=0 residual=3013
2026-08-27 23:35:48.673 NuvioTV[87386:12640420] [HomeScrollProbe] title row=app.xperience.21e577a3-adc1-47c4-a75b-34493a8dab94:series:recs_because_series margin=-56 slide=56 net=0
2026-08-27 23:35:48.673 NuvioTV[87386:12640420] [HomeScrollProbe] title row=app.xperience.21e577a3-adc1-47c4-a75b-34493a8dab94:movie:snoak_top100_movies margin=498 slide=0 net=498
2026-08-27 23:35:48.680 NuvioTV[87386:12640420] [HomeScrollProbe] pinned-panel y=3011 inset=0 residual=3011
2026-08-27 23:35:48.680 NuvioTV[87386:12640420] [HomeScrollProbe] title row=app.xperience.21e577a3-adc1-47c4-a75b-34493a8dab94:series:recs_because_series margin=-54 slide=54 net=0
2026-08-27 23:35:48.680 NuvioTV[87386:12640420] [HomeScrollProbe] title row=app.xperience.21e577a3-adc1-47c4-a75b-34493a8dab94:movie:snoak_top100_movies margin=500 slide=0 net=500
2026-08-27 23:35:48.694 NuvioTV[87386:12640420] [HomeScrollProbe] pinned-panel y=3007 inset=0 residual=3007
2026-08-27 23:35:48.695 NuvioTV[87386:12640420] [HomeScrollProbe] title row=app.xperience.21e577a3-adc1-47c4-a75b-34493a8dab94:series:recs_because_series margin=-50 slide=50 net=0
2026-08-27 23:35:48.695 NuvioTV[87386:12640420] [HomeScrollProbe] title row=app.xperience.21e577a3-adc1-47c4-a75b-34493a8dab94:movie:snoak_top100_movies margin=504 slide=0 net=504
2026-08-27 23:35:48.711 NuvioTV[87386:12640420] [HomeScrollProbe] pinned-panel y=3002 inset=0 residual=3002
2026-08-27 23:35:48.712 NuvioTV[87386:12640420] [HomeScrollProbe] title row=app.xperience.21e577a3-adc1-47c4-a75b-34493a8dab94:series:recs_because_series margin=-44 slide=44 net=0
2026-08-27 23:35:48.712 NuvioTV[87386:12640420] [HomeScrollProbe] title row=app.xperience.21e577a3-adc1-47c4-a75b-34493a8dab94:movie:snoak_top100_movies margin=510 slide=0 net=510
2026-08-27 23:35:48.728 NuvioTV[87386:12640420] [HomeScrollProbe] pinned-panel y=2997 inset=0 residual=2997
2026-08-27 23:35:48.728 NuvioTV[87386:12640420] [HomeScrollProbe] title row=app.xperience.21e577a3-adc1-47c4-a75b-34493a8dab94:series:recs_because_series margin=-40 slide=40 net=0
2026-08-27 23:35:48.728 NuvioTV[87386:12640420] [HomeScrollProbe] title row=app.xperience.21e577a3-adc1-47c4-a75b-34493a8dab94:movie:snoak_top100_movies margin=514 slide=0 net=514
2026-08-27 23:35:48.745 NuvioTV[87386:12640420] [HomeScrollProbe] pinned-panel y=2993 inset=0 residual=2993
2026-08-27 23:35:48.745 NuvioTV[87386:12640420] [HomeScrollProbe] title row=app.xperience.21e577a3-adc1-47c4-a75b-34493a8dab94:series:recs_because_series margin=-36 slide=36 net=0
2026-08-27 23:35:48.745 NuvioTV[87386:12640420] [HomeScrollProbe] title row=app.xperience.21e577a3-adc1-47c4-a75b-34493a8dab94:movie:snoak_top100_movies margin=518 slide=0 net=518
2026-08-27 23:35:48.761 NuvioTV[87386:12640420] [HomeScrollProbe] pinned-panel y=2990 inset=0 residual=2990
2026-08-27 23:35:48.761 NuvioTV[87386:12640420] [HomeScrollProbe] title row=app.xperience.21e577a3-adc1-47c4-a75b-34493a8dab94:series:recs_because_series margin=-32 slide=32 net=0
2026-08-27 23:35:48.761 NuvioTV[87386:12640420] [HomeScrollProbe] title row=app.xperience.21e577a3-adc1-47c4-a75b-34493a8dab94:movie:snoak_top100_movies margin=522 slide=0 net=522
2026-08-27 23:35:48.794 NuvioTV[87386:12640420] [HomeScrollProbe] pinned-panel y=2983 inset=0 residual=2983
2026-08-27 23:35:48.795 NuvioTV[87386:12640420] [HomeScrollProbe] title row=app.xperience.21e577a3-adc1-47c4-a75b-34493a8dab94:series:recs_because_series margin=-26 slide=26 net=0
2026-08-27 23:35:48.795 NuvioTV[87386:12640420] [HomeScrollProbe] title row=app.xperience.21e577a3-adc1-47c4-a75b-34493a8dab94:movie:snoak_top100_movies margin=528 slide=0 net=528
2026-08-27 23:35:48.811 NuvioTV[87386:12640420] [HomeScrollProbe] pinned-panel y=2981 inset=0 residual=2981
2026-08-27 23:35:48.811 NuvioTV[87386:12640420] [HomeScrollProbe] title row=app.xperience.21e577a3-adc1-47c4-a75b-34493a8dab94:series:recs_because_series margin=-24 slide=24 net=0
2026-08-27 23:35:48.811 NuvioTV[87386:12640420] [HomeScrollProbe] title row=app.xperience.21e577a3-adc1-47c4-a75b-34493a8dab94:movie:snoak_top100_movies margin=530 slide=0 net=530
2026-08-27 23:35:48.827 NuvioTV[87386:12640420] [HomeScrollProbe] pinned-panel y=2978 inset=0 residual=2978
2026-08-27 23:35:48.827 NuvioTV[87386:12640420] [HomeScrollProbe] title row=app.xperience.21e577a3-adc1-47c4-a75b-34493a8dab94:series:recs_because_series margin=-20 slide=20 net=0
2026-08-27 23:35:48.827 NuvioTV[87386:12640420] [HomeScrollProbe] title row=app.xperience.21e577a3-adc1-47c4-a75b-34493a8dab94:movie:snoak_top100_movies margin=534 slide=0 net=534
2026-08-27 23:35:48.844 NuvioTV[87386:12640420] [HomeScrollProbe] pinned-panel y=2976 inset=0 residual=2976
2026-08-27 23:35:48.844 NuvioTV[87386:12640420] [HomeScrollProbe] title row=app.xperience.21e577a3-adc1-47c4-a75b-34493a8dab94:series:recs_because_series margin=-18 slide=18 net=0
2026-08-27 23:35:48.844 NuvioTV[87386:12640420] [HomeScrollProbe] title row=app.xperience.21e577a3-adc1-47c4-a75b-34493a8dab94:movie:snoak_top100_movies margin=536 slide=0 net=536
2026-08-27 23:35:48.860 NuvioTV[87386:12640420] [HomeScrollProbe] pinned-panel y=2974 inset=0 residual=2974
2026-08-27 23:35:48.861 NuvioTV[87386:12640420] [HomeScrollProbe] title row=app.xperience.21e577a3-adc1-47c4-a75b-34493a8dab94:series:recs_because_series margin=-16 slide=16 net=0
2026-08-27 23:35:48.861 NuvioTV[87386:12640420] [HomeScrollProbe] title row=app.xperience.21e577a3-adc1-47c4-a75b-34493a8dab94:movie:snoak_top100_movies margin=538 slide=0 net=538
2026-08-27 23:35:48.877 NuvioTV[87386:12640420] [HomeScrollProbe] pinned-panel y=2973 inset=0 residual=2973
2026-08-27 23:35:48.894 NuvioTV[87386:12640420] [HomeScrollProbe] pinned-panel y=2971 inset=0 residual=2971
2026-08-27 23:35:48.894 NuvioTV[87386:12640420] [HomeScrollProbe] title row=app.xperience.21e577a3-adc1-47c4-a75b-34493a8dab94:series:recs_because_series margin=-14 slide=14 net=0
2026-08-27 23:35:48.894 NuvioTV[87386:12640420] [HomeScrollProbe] title row=app.xperience.21e577a3-adc1-47c4-a75b-34493a8dab94:movie:snoak_top100_movies margin=540 slide=0 net=540
2026-08-27 23:35:48.911 NuvioTV[87386:12640420] [HomeScrollProbe] pinned-panel y=2970 inset=0 residual=2970
2026-08-27 23:35:48.911 NuvioTV[87386:12640420] [HomeScrollProbe] title row=app.xperience.21e577a3-adc1-47c4-a75b-34493a8dab94:series:recs_because_series margin=-12 slide=12 net=0
2026-08-27 23:35:48.911 NuvioTV[87386:12640420] [HomeScrollProbe] title row=app.xperience.21e577a3-adc1-47c4-a75b-34493a8dab94:movie:snoak_top100_movies margin=542 slide=0 net=542
2026-08-27 23:35:48.927 NuvioTV[87386:12640420] [HomeScrollProbe] pinned-panel y=2969 inset=0 residual=2969
2026-08-27 23:35:48.944 NuvioTV[87386:12640420] [HomeScrollProbe] pinned-panel y=2967 inset=0 residual=2967
2026-08-27 23:35:48.945 NuvioTV[87386:12640420] [HomeScrollProbe] title row=app.xperience.21e577a3-adc1-47c4-a75b-34493a8dab94:series:recs_because_series margin=-10 slide=10 net=0
2026-08-27 23:35:48.945 NuvioTV[87386:12640420] [HomeScrollProbe] title row=app.xperience.21e577a3-adc1-47c4-a75b-34493a8dab94:movie:snoak_top100_movies margin=544 slide=0 net=544
2026-08-27 23:35:48.961 NuvioTV[87386:12640420] [HomeScrollProbe] pinned-panel y=2966 inset=0 residual=2966
2026-08-27 23:35:48.961 NuvioTV[87386:12640420] [HomeScrollProbe] title row=app.xperience.21e577a3-adc1-47c4-a75b-34493a8dab94:series:recs_because_series margin=-8 slide=8 net=0
2026-08-27 23:35:48.961 NuvioTV[87386:12640420] [HomeScrollProbe] title row=app.xperience.21e577a3-adc1-47c4-a75b-34493a8dab94:movie:snoak_top100_movies margin=546 slide=0 net=546
2026-08-27 23:35:48.994 NuvioTV[87386:12640420] [HomeScrollProbe] pinned-panel y=2965 inset=0 residual=2965
2026-08-27 23:35:49.010 NuvioTV[87386:12640420] [HomeScrollProbe] pinned-panel y=2964 inset=0 residual=2964
2026-08-27 23:35:49.011 NuvioTV[87386:12640420] [HomeScrollProbe] title row=app.xperience.21e577a3-adc1-47c4-a75b-34493a8dab94:series:recs_because_series margin=-6 slide=6 net=0
2026-08-27 23:35:49.011 NuvioTV[87386:12640420] [HomeScrollProbe] title row=app.xperience.21e577a3-adc1-47c4-a75b-34493a8dab94:movie:snoak_top100_movies margin=548 slide=0 net=548
2026-08-27 23:35:49.027 NuvioTV[87386:12640420] [HomeScrollProbe] pinned-panel y=2963 inset=0 residual=2963
2026-08-27 23:35:49.060 NuvioTV[87386:12640420] [HomeScrollProbe] pinned-panel y=2962 inset=0 residual=2962
2026-08-27 23:35:49.061 NuvioTV[87386:12640420] [HomeScrollProbe] title row=app.xperience.21e577a3-adc1-47c4-a75b-34493a8dab94:series:recs_because_series margin=-4 slide=4 net=0
2026-08-27 23:35:49.061 NuvioTV[87386:12640420] [HomeScrollProbe] title row=app.xperience.21e577a3-adc1-47c4-a75b-34493a8dab94:movie:snoak_top100_movies margin=550 slide=0 net=550
2026-08-27 23:35:49.093 NuvioTV[87386:12640420] [HomeScrollProbe] pinned-panel y=2961 inset=0 residual=2961
2026-08-27 23:35:49.144 NuvioTV[87386:12640420] [HomeScrollProbe] pinned-panel y=2960 inset=0 residual=2960
2026-08-27 23:35:49.144 NuvioTV[87386:12640420] [HomeScrollProbe] title row=app.xperience.21e577a3-adc1-47c4-a75b-34493a8dab94:series:recs_because_series margin=-2 slide=2 net=0
2026-08-27 23:35:49.144 NuvioTV[87386:12640420] [HomeScrollProbe] title row=app.xperience.21e577a3-adc1-47c4-a75b-34493a8dab94:movie:snoak_top100_movies margin=552 slide=0 net=552
2026-08-27 23:35:49.211 NuvioTV[87386:12640420] [HomeScrollProbe] pinned-panel y=2959 inset=0 residual=2959
2026-08-27 23:35:49.312 NuvioTV[87386:12640420] [HomeScrollProbe] pinned-panel y=2958 inset=0 residual=2958
2026-08-27 23:35:49.312 NuvioTV[87386:12640420] [HomeScrollProbe] title row=app.xperience.21e577a3-adc1-47c4-a75b-34493a8dab94:series:recs_because_series margin=0 slide=0 net=0
2026-08-27 23:35:49.312 NuvioTV[87386:12640420] [HomeScrollProbe] title row=app.xperience.21e577a3-adc1-47c4-a75b-34493a8dab94:movie:snoak_top100_movies margin=554 slide=0 net=554
2026-08-27 23:35:49.731 NuvioTV[87386:12640420] [HomeScrollProbe] REST pinned-panel y=2958 inset=0 residual=2958
2026-08-27 23:35:49.815 NuvioTV[87386:12640420] [HomeScrollProbe] pinned-panel y=2948 inset=0 residual=2948
2026-08-27 23:35:49.816 NuvioTV[87386:12640420] [HomeScrollProbe] title row=app.xperience.21e577a3-adc1-47c4-a75b-34493a8dab94:series:recs_because_series margin=10 slide=0 net=10
2026-08-27 23:35:49.816 NuvioTV[87386:12640420] [HomeScrollProbe] title row=app.xperience.21e577a3-adc1-47c4-a75b-34493a8dab94:movie:snoak_top100_movies margin=564 slide=0 net=564
2026-08-27 23:35:49.829 NuvioTV[87386:12640420] [HomeScrollProbe] pinned-panel y=2928 inset=0 residual=2928
2026-08-27 23:35:49.830 NuvioTV[87386:12640420] [HomeScrollProbe] title row=app.xperience.21e577a3-adc1-47c4-a75b-34493a8dab94:series:recs_because_series margin=30 slide=0 net=30
2026-08-27 23:35:49.830 NuvioTV[87386:12640420] [HomeScrollProbe] title row=app.xperience.21e577a3-adc1-47c4-a75b-34493a8dab94:movie:snoak_top100_movies margin=584 slide=0 net=584
2026-08-27 23:35:49.847 NuvioTV[87386:12640420] [HomeScrollProbe] pinned-panel y=2898 inset=0 residual=2898
2026-08-27 23:35:49.847 NuvioTV[87386:12640420] [HomeScrollProbe] title row=app.xperience.21e577a3-adc1-47c4-a75b-34493a8dab94:movie:recs_because_movies margin=-494 slide=72 net=-422
2026-08-27 23:35:49.847 NuvioTV[87386:12640420] [HomeScrollProbe] title row=app.xperience.21e577a3-adc1-47c4-a75b-34493a8dab94:series:recs_because_series margin=60 slide=0 net=60
2026-08-27 23:35:49.866 NuvioTV[87386:12640420] [HomeScrollProbe] pinned-panel y=2858 inset=0 residual=2858
2026-08-27 23:35:49.867 NuvioTV[87386:12640420] [HomeScrollProbe] title row=app.xperience.21e577a3-adc1-47c4-a75b-34493a8dab94:movie:recs_because_movies margin=-454 slide=72 net=-382
2026-08-27 23:35:49.867 NuvioTV[87386:12640420] [HomeScrollProbe] title row=app.xperience.21e577a3-adc1-47c4-a75b-34493a8dab94:series:recs_because_series margin=100 slide=0 net=100
2026-08-27 23:35:49.883 NuvioTV[87386:12640420] [HomeScrollProbe] pinned-panel y=2809 inset=0 residual=2809
2026-08-27 23:35:49.883 NuvioTV[87386:12640420] [HomeScrollProbe] title row=app.xperience.21e577a3-adc1-47c4-a75b-34493a8dab94:movie:recs_because_movies margin=-406 slide=72 net=-334
2026-08-27 23:35:49.884 NuvioTV[87386:12640420] [HomeScrollProbe] title row=app.xperience.21e577a3-adc1-47c4-a75b-34493a8dab94:series:recs_because_series margin=148 slide=0 net=148
2026-08-27 23:35:49.897 NuvioTV[87386:12640420] [HomeScrollProbe] pinned-panel y=2776 inset=0 residual=2776
2026-08-27 23:35:49.897 NuvioTV[87386:12640420] [HomeScrollProbe] title row=app.xperience.21e577a3-adc1-47c4-a75b-34493a8dab94:movie:recs_because_movies margin=-372 slide=72 net=-300
2026-08-27 23:35:49.897 NuvioTV[87386:12640420] [HomeScrollProbe] title row=app.xperience.21e577a3-adc1-47c4-a75b-34493a8dab94:series:recs_because_series margin=182 slide=0 net=182
2026-08-27 23:35:49.913 NuvioTV[87386:12640420] [HomeScrollProbe] pinned-panel y=2739 inset=0 residual=2739
2026-08-27 23:35:49.913 NuvioTV[87386:12640420] [HomeScrollProbe] title row=app.xperience.21e577a3-adc1-47c4-a75b-34493a8dab94:movie:recs_because_movies margin=-334 slide=72 net=-262
2026-08-27 23:35:49.913 NuvioTV[87386:12640420] [HomeScrollProbe] title row=app.xperience.21e577a3-adc1-47c4-a75b-34493a8dab94:series:recs_because_series margin=220 slide=0 net=220
2026-08-27 23:35:49.930 NuvioTV[87386:12640420] [HomeScrollProbe] pinned-panel y=2705 inset=0 residual=2705
2026-08-27 23:35:49.930 NuvioTV[87386:12640420] [HomeScrollProbe] title row=app.xperience.21e577a3-adc1-47c4-a75b-34493a8dab94:movie:recs_because_movies margin=-300 slide=72 net=-228
2026-08-27 23:35:49.930 NuvioTV[87386:12640420] [HomeScrollProbe] title row=app.xperience.21e577a3-adc1-47c4-a75b-34493a8dab94:series:recs_because_series margin=254 slide=0 net=254
2026-08-27 23:35:49.946 NuvioTV[87386:12640420] [HomeScrollProbe] pinned-panel y=2675 inset=0 residual=2675
2026-08-27 23:35:49.946 NuvioTV[87386:12640420] [HomeScrollProbe] title row=app.xperience.21e577a3-adc1-47c4-a75b-34493a8dab94:movie:recs_because_movies margin=-270 slide=72 net=-198
2026-08-27 23:35:49.946 NuvioTV[87386:12640420] [HomeScrollProbe] title row=app.xperience.21e577a3-adc1-47c4-a75b-34493a8dab94:series:recs_because_series margin=284 slide=0 net=284
2026-08-27 23:35:49.963 NuvioTV[87386:12640420] [HomeScrollProbe] pinned-panel y=2646 inset=0 residual=2646
2026-08-27 23:35:49.963 NuvioTV[87386:12640420] [HomeScrollProbe] title row=app.xperience.21e577a3-adc1-47c4-a75b-34493a8dab94:movie:recs_because_movies margin=-242 slide=72 net=-170
2026-08-27 23:35:49.963 NuvioTV[87386:12640420] [HomeScrollProbe] title row=app.xperience.21e577a3-adc1-47c4-a75b-34493a8dab94:series:recs_because_series margin=312 slide=0 net=312
2026-08-27 23:35:49.980 NuvioTV[87386:12640420] [HomeScrollProbe] pinned-panel y=2622 inset=0 residual=2622
2026-08-27 23:35:49.980 NuvioTV[87386:12640420] [HomeScrollProbe] title row=app.xperience.21e577a3-adc1-47c4-a75b-34493a8dab94:movie:recs_because_movies margin=-218 slide=72 net=-146
2026-08-27 23:35:49.980 NuvioTV[87386:12640420] [HomeScrollProbe] title row=app.xperience.21e577a3-adc1-47c4-a75b-34493a8dab94:series:recs_because_series margin=336 slide=0 net=336
2026-08-27 23:35:49.996 NuvioTV[87386:12640420] [HomeScrollProbe] pinned-panel y=2600 inset=0 residual=2600
2026-08-27 23:35:49.996 NuvioTV[87386:12640420] [HomeScrollProbe] title row=app.xperience.21e577a3-adc1-47c4-a75b-34493a8dab94:movie:recs_because_movies margin=-196 slide=72 net=-124
2026-08-27 23:35:49.996 NuvioTV[87386:12640420] [HomeScrollProbe] title row=app.xperience.21e577a3-adc1-47c4-a75b-34493a8dab94:series:recs_because_series margin=358 slide=0 net=358
2026-08-27 23:35:50.012 NuvioTV[87386:12640420] [HomeScrollProbe] pinned-panel y=2580 inset=0 residual=2580
2026-08-27 23:35:50.012 NuvioTV[87386:12640420] [HomeScrollProbe] title row=app.xperience.21e577a3-adc1-47c4-a75b-34493a8dab94:movie:recs_because_movies margin=-176 slide=72 net=-104
2026-08-27 23:35:50.012 NuvioTV[87386:12640420] [HomeScrollProbe] title row=app.xperience.21e577a3-adc1-47c4-a75b-34493a8dab94:series:recs_because_series margin=378 slide=0 net=378
2026-08-27 23:35:50.029 NuvioTV[87386:12640420] [HomeScrollProbe] pinned-panel y=2561 inset=0 residual=2561
2026-08-27 23:35:50.029 NuvioTV[87386:12640420] [HomeScrollProbe] title row=app.xperience.21e577a3-adc1-47c4-a75b-34493a8dab94:movie:recs_because_movies margin=-158 slide=72 net=-86
2026-08-27 23:35:50.029 NuvioTV[87386:12640420] [HomeScrollProbe] title row=app.xperience.21e577a3-adc1-47c4-a75b-34493a8dab94:series:recs_because_series margin=396 slide=0 net=396
2026-08-27 23:35:50.046 NuvioTV[87386:12640420] [HomeScrollProbe] pinned-panel y=2545 inset=0 residual=2545
2026-08-27 23:35:50.046 NuvioTV[87386:12640420] [HomeScrollProbe] title row=app.xperience.21e577a3-adc1-47c4-a75b-34493a8dab94:movie:recs_because_movies margin=-142 slide=72 net=-70
2026-08-27 23:35:50.046 NuvioTV[87386:12640420] [HomeScrollProbe] title row=app.xperience.21e577a3-adc1-47c4-a75b-34493a8dab94:series:recs_because_series margin=412 slide=0 net=412
2026-08-27 23:35:50.062 NuvioTV[87386:12640420] [HomeScrollProbe] pinned-panel y=2531 inset=0 residual=2531
2026-08-27 23:35:50.062 NuvioTV[87386:12640420] [HomeScrollProbe] title row=app.xperience.21e577a3-adc1-47c4-a75b-34493a8dab94:movie:recs_because_movies margin=-128 slide=72 net=-56
2026-08-27 23:35:50.062 NuvioTV[87386:12640420] [HomeScrollProbe] title row=app.xperience.21e577a3-adc1-47c4-a75b-34493a8dab94:series:recs_because_series margin=426 slide=0 net=426
2026-08-27 23:35:50.078 NuvioTV[87386:12640420] [HomeScrollProbe] pinned-panel y=2519 inset=0 residual=2519
2026-08-27 23:35:50.078 NuvioTV[87386:12640420] [HomeScrollProbe] title row=app.xperience.21e577a3-adc1-47c4-a75b-34493a8dab94:movie:recs_because_movies margin=-116 slide=72 net=-44
2026-08-27 23:35:50.078 NuvioTV[87386:12640420] [HomeScrollProbe] title row=app.xperience.21e577a3-adc1-47c4-a75b-34493a8dab94:series:recs_because_series margin=438 slide=0 net=438
2026-08-27 23:35:50.110 NuvioTV[87386:12640420] [HomeScrollProbe] pinned-panel y=2497 inset=0 residual=2497
2026-08-27 23:35:50.110 NuvioTV[87386:12640420] [HomeScrollProbe] title row=app.xperience.21e577a3-adc1-47c4-a75b-34493a8dab94:movie:recs_because_movies margin=-94 slide=72 net=-22
2026-08-27 23:35:50.110 NuvioTV[87386:12640420] [HomeScrollProbe] title row=app.xperience.21e577a3-adc1-47c4-a75b-34493a8dab94:series:recs_because_series margin=460 slide=0 net=460
2026-08-27 23:35:50.130 NuvioTV[87386:12640420] [HomeScrollProbe] pinned-panel y=2486 inset=0 residual=2486
2026-08-27 23:35:50.130 NuvioTV[87386:12640420] [HomeScrollProbe] title row=app.xperience.21e577a3-adc1-47c4-a75b-34493a8dab94:movie:recs_because_movies margin=-82 slide=72 net=-10
2026-08-27 23:35:50.130 NuvioTV[87386:12640420] [HomeScrollProbe] title row=app.xperience.21e577a3-adc1-47c4-a75b-34493a8dab94:series:recs_because_series margin=472 slide=0 net=472
2026-08-27 23:35:50.147 NuvioTV[87386:12640420] [HomeScrollProbe] pinned-panel y=2477 inset=0 residual=2477
2026-08-27 23:35:50.147 NuvioTV[87386:12640420] [HomeScrollProbe] title row=app.xperience.21e577a3-adc1-47c4-a75b-34493a8dab94:movie:recs_because_movies margin=-74 slide=72 net=-2
2026-08-27 23:35:50.147 NuvioTV[87386:12640420] [HomeScrollProbe] title row=app.xperience.21e577a3-adc1-47c4-a75b-34493a8dab94:series:recs_because_series margin=480 slide=0 net=480
2026-08-27 23:35:50.163 NuvioTV[87386:12640420] [HomeScrollProbe] pinned-panel y=2471 inset=0 residual=2471
2026-08-27 23:35:50.163 NuvioTV[87386:12640420] [HomeScrollProbe] title row=app.xperience.21e577a3-adc1-47c4-a75b-34493a8dab94:movie:recs_because_movies margin=-66 slide=66 net=0
2026-08-27 23:35:50.163 NuvioTV[87386:12640420] [HomeScrollProbe] title row=app.xperience.21e577a3-adc1-47c4-a75b-34493a8dab94:series:recs_because_series margin=488 slide=0 net=488
2026-08-27 23:35:50.179 NuvioTV[87386:12640420] [HomeScrollProbe] pinned-panel y=2464 inset=0 residual=2464
2026-08-27 23:35:50.179 NuvioTV[87386:12640420] [HomeScrollProbe] title row=app.xperience.21e577a3-adc1-47c4-a75b-34493a8dab94:movie:recs_because_movies margin=-60 slide=60 net=0
2026-08-27 23:35:50.179 NuvioTV[87386:12640420] [HomeScrollProbe] title row=app.xperience.21e577a3-adc1-47c4-a75b-34493a8dab94:series:recs_because_series margin=494 slide=0 net=494
2026-08-27 23:35:50.197 NuvioTV[87386:12640420] [HomeScrollProbe] pinned-panel y=2457 inset=0 residual=2457
2026-08-27 23:35:50.197 NuvioTV[87386:12640420] [HomeScrollProbe] title row=app.xperience.21e577a3-adc1-47c4-a75b-34493a8dab94:movie:recs_because_movies margin=-54 slide=54 net=0
2026-08-27 23:35:50.197 NuvioTV[87386:12640420] [HomeScrollProbe] title row=app.xperience.21e577a3-adc1-47c4-a75b-34493a8dab94:series:recs_because_series margin=500 slide=0 net=500
2026-08-27 23:35:50.213 NuvioTV[87386:12640420] [HomeScrollProbe] pinned-panel y=2452 inset=0 residual=2452
2026-08-27 23:35:50.213 NuvioTV[87386:12640420] [HomeScrollProbe] title row=app.xperience.21e577a3-adc1-47c4-a75b-34493a8dab94:movie:recs_because_movies margin=-48 slide=48 net=0
2026-08-27 23:35:50.213 NuvioTV[87386:12640420] [HomeScrollProbe] title row=app.xperience.21e577a3-adc1-47c4-a75b-34493a8dab94:series:recs_because_series margin=506 slide=0 net=506
2026-08-27 23:35:50.247 NuvioTV[87386:12640420] [HomeScrollProbe] pinned-panel y=2443 inset=0 residual=2443
2026-08-27 23:35:50.247 NuvioTV[87386:12640420] [HomeScrollProbe] title row=app.xperience.21e577a3-adc1-47c4-a75b-34493a8dab94:movie:recs_because_movies margin=-38 slide=38 net=0
2026-08-27 23:35:50.247 NuvioTV[87386:12640420] [HomeScrollProbe] title row=app.xperience.21e577a3-adc1-47c4-a75b-34493a8dab94:series:recs_because_series margin=516 slide=0 net=516
2026-08-27 23:35:50.263 NuvioTV[87386:12640420] [HomeScrollProbe] pinned-panel y=2439 inset=0 residual=2439
2026-08-27 23:35:50.263 NuvioTV[87386:12640420] [HomeScrollProbe] title row=app.xperience.21e577a3-adc1-47c4-a75b-34493a8dab94:movie:recs_because_movies margin=-34 slide=34 net=0
2026-08-27 23:35:50.263 NuvioTV[87386:12640420] [HomeScrollProbe] title row=app.xperience.21e577a3-adc1-47c4-a75b-34493a8dab94:series:recs_because_series margin=520 slide=0 net=520
2026-08-27 23:35:50.280 NuvioTV[87386:12640420] [HomeScrollProbe] pinned-panel y=2435 inset=0 residual=2435
2026-08-27 23:35:50.280 NuvioTV[87386:12640420] [HomeScrollProbe] title row=app.xperience.21e577a3-adc1-47c4-a75b-34493a8dab94:movie:recs_because_movies margin=-32 slide=32 net=0
2026-08-27 23:35:50.280 NuvioTV[87386:12640420] [HomeScrollProbe] title row=app.xperience.21e577a3-adc1-47c4-a75b-34493a8dab94:series:recs_because_series margin=522 slide=0 net=522
2026-08-27 23:35:50.296 NuvioTV[87386:12640420] [HomeScrollProbe] pinned-panel y=2432 inset=0 residual=2432
2026-08-27 23:35:50.297 NuvioTV[87386:12640420] [HomeScrollProbe] title row=app.xperience.21e577a3-adc1-47c4-a75b-34493a8dab94:movie:recs_because_movies margin=-28 slide=28 net=0
2026-08-27 23:35:50.297 NuvioTV[87386:12640420] [HomeScrollProbe] title row=app.xperience.21e577a3-adc1-47c4-a75b-34493a8dab94:series:recs_because_series margin=526 slide=0 net=526
2026-08-27 23:35:50.313 NuvioTV[87386:12640420] [HomeScrollProbe] pinned-panel y=2429 inset=0 residual=2429
2026-08-27 23:35:50.313 NuvioTV[87386:12640420] [HomeScrollProbe] title row=app.xperience.21e577a3-adc1-47c4-a75b-34493a8dab94:movie:recs_because_movies margin=-26 slide=26 net=0
2026-08-27 23:35:50.313 NuvioTV[87386:12640420] [HomeScrollProbe] title row=app.xperience.21e577a3-adc1-47c4-a75b-34493a8dab94:series:recs_because_series margin=528 slide=0 net=528
2026-08-27 23:35:50.330 NuvioTV[87386:12640420] [HomeScrollProbe] pinned-panel y=2427 inset=0 residual=2427
2026-08-27 23:35:50.330 NuvioTV[87386:12640420] [HomeScrollProbe] title row=app.xperience.21e577a3-adc1-47c4-a75b-34493a8dab94:movie:recs_because_movies margin=-22 slide=22 net=0
2026-08-27 23:35:50.330 NuvioTV[87386:12640420] [HomeScrollProbe] title row=app.xperience.21e577a3-adc1-47c4-a75b-34493a8dab94:series:recs_because_series margin=532 slide=0 net=532
2026-08-27 23:35:50.347 NuvioTV[87386:12640420] [HomeScrollProbe] pinned-panel y=2424 inset=0 residual=2424
2026-08-27 23:35:50.347 NuvioTV[87386:12640420] [HomeScrollProbe] title row=app.xperience.21e577a3-adc1-47c4-a75b-34493a8dab94:movie:recs_because_movies margin=-20 slide=20 net=0
2026-08-27 23:35:50.347 NuvioTV[87386:12640420] [HomeScrollProbe] title row=app.xperience.21e577a3-adc1-47c4-a75b-34493a8dab94:series:recs_because_series margin=534 slide=0 net=534
2026-08-27 23:35:50.363 NuvioTV[87386:12640420] [HomeScrollProbe] pinned-panel y=2423 inset=0 residual=2423
2026-08-27 23:35:50.363 NuvioTV[87386:12640420] [HomeScrollProbe] title row=app.xperience.21e577a3-adc1-47c4-a75b-34493a8dab94:movie:recs_because_movies margin=-18 slide=18 net=0
2026-08-27 23:35:50.363 NuvioTV[87386:12640420] [HomeScrollProbe] title row=app.xperience.21e577a3-adc1-47c4-a75b-34493a8dab94:series:recs_because_series margin=536 slide=0 net=536
2026-08-27 23:35:50.380 NuvioTV[87386:12640420] [HomeScrollProbe] pinned-panel y=2421 inset=0 residual=2421
2026-08-27 23:35:50.380 NuvioTV[87386:12640420] [HomeScrollProbe] title row=app.xperience.21e577a3-adc1-47c4-a75b-34493a8dab94:movie:recs_because_movies margin=-16 slide=16 net=0
2026-08-27 23:35:50.380 NuvioTV[87386:12640420] [HomeScrollProbe] title row=app.xperience.21e577a3-adc1-47c4-a75b-34493a8dab94:series:recs_because_series margin=538 slide=0 net=538
2026-08-27 23:35:50.396 NuvioTV[87386:12640420] [HomeScrollProbe] pinned-panel y=2419 inset=0 residual=2419
2026-08-27 23:35:50.397 NuvioTV[87386:12640420] [HomeScrollProbe] title row=app.xperience.21e577a3-adc1-47c4-a75b-34493a8dab94:movie:recs_because_movies margin=-14 slide=14 net=0
2026-08-27 23:35:50.397 NuvioTV[87386:12640420] [HomeScrollProbe] title row=app.xperience.21e577a3-adc1-47c4-a75b-34493a8dab94:series:recs_because_series margin=540 slide=0 net=540
2026-08-27 23:35:50.412 NuvioTV[87386:12640420] [HomeScrollProbe] pinned-panel y=2417 inset=0 residual=2417
2026-08-27 23:35:50.430 NuvioTV[87386:12640420] [HomeScrollProbe] pinned-panel y=2416 inset=0 residual=2416
2026-08-27 23:35:50.430 NuvioTV[87386:12640420] [HomeScrollProbe] title row=app.xperience.21e577a3-adc1-47c4-a75b-34493a8dab94:movie:recs_because_movies margin=-12 slide=12 net=0
2026-08-27 23:35:50.430 NuvioTV[87386:12640420] [HomeScrollProbe] title row=app.xperience.21e577a3-adc1-47c4-a75b-34493a8dab94:series:recs_because_series margin=542 slide=0 net=542
2026-08-27 23:35:50.435 NuvioTV[87386:12641605] [TrailerExtract] client=android_vr NO streamingData (playability=LOGIN_REQUIRED reason=Sign in to confirm you’re not a bot)
2026-08-27 23:35:50.447 NuvioTV[87386:12640420] [HomeScrollProbe] pinned-panel y=2415 inset=0 residual=2415
2026-08-27 23:35:50.447 NuvioTV[87386:12640420] [HomeScrollProbe] title row=app.xperience.21e577a3-adc1-47c4-a75b-34493a8dab94:movie:recs_because_movies margin=-10 slide=10 net=0
2026-08-27 23:35:50.447 NuvioTV[87386:12640420] [HomeScrollProbe] title row=app.xperience.21e577a3-adc1-47c4-a75b-34493a8dab94:series:recs_because_series margin=544 slide=0 net=544
2026-08-27 23:35:50.463 NuvioTV[87386:12640420] [HomeScrollProbe] pinned-panel y=2414 inset=0 residual=2414
2026-08-27 23:35:50.479 NuvioTV[87386:12640420] [HomeScrollProbe] pinned-panel y=2413 inset=0 residual=2413
2026-08-27 23:35:50.480 NuvioTV[87386:12640420] [HomeScrollProbe] title row=app.xperience.21e577a3-adc1-47c4-a75b-34493a8dab94:movie:recs_because_movies margin=-8 slide=8 net=0
2026-08-27 23:35:50.480 NuvioTV[87386:12640420] [HomeScrollProbe] title row=app.xperience.21e577a3-adc1-47c4-a75b-34493a8dab94:series:recs_because_series margin=546 slide=0 net=546
2026-08-27 23:35:50.496 NuvioTV[87386:12640420] [HomeScrollProbe] pinned-panel y=2412 inset=0 residual=2412
2026-08-27 23:35:50.511 NuvioTV[87386:12640420] [HomeScrollProbe] pinned-panel y=2411 inset=0 residual=2411
2026-08-27 23:35:50.528 NuvioTV[87386:12640420] [HomeScrollProbe] pinned-panel y=2410 inset=0 residual=2410
2026-08-27 23:35:50.528 NuvioTV[87386:12640420] [HomeScrollProbe] title row=app.xperience.21e577a3-adc1-47c4-a75b-34493a8dab94:movie:recs_because_movies margin=-6 slide=6 net=0
2026-08-27 23:35:50.528 NuvioTV[87386:12640420] [HomeScrollProbe] title row=app.xperience.21e577a3-adc1-47c4-a75b-34493a8dab94:series:recs_because_series margin=548 slide=0 net=548
2026-08-27 23:35:50.560 NuvioTV[87386:12640420] [HomeScrollProbe] pinned-panel y=2409 inset=0 residual=2409
2026-08-27 23:35:50.577 NuvioTV[87386:12640420] [HomeScrollProbe] title row=app.xperience.21e577a3-adc1-47c4-a75b-34493a8dab94:movie:recs_because_movies margin=-4 slide=4 net=0
2026-08-27 23:35:50.577 NuvioTV[87386:12640420] [HomeScrollProbe] title row=app.xperience.21e577a3-adc1-47c4-a75b-34493a8dab94:series:recs_because_series margin=550 slide=0 net=550
2026-08-27 23:35:50.594 NuvioTV[87386:12640420] [HomeScrollProbe] pinned-panel y=2408 inset=0 residual=2408
2026-08-27 23:35:50.596 NuvioTV[87386:12641605] [TrailerExtract] client=android video=cfTcNb104NI hls=false formats=1 adaptive=25 sdKeys=expiresInSeconds,formats,adaptiveFormats,serverAbrStreamingUrl,metadataFormats
2026-08-27 23:35:50.627 NuvioTV[87386:12640420] [HomeScrollProbe] pinned-panel y=2407 inset=0 residual=2407
2026-08-27 23:35:50.660 NuvioTV[87386:12640420] [HomeScrollProbe] title row=app.xperience.21e577a3-adc1-47c4-a75b-34493a8dab94:movie:recs_because_movies margin=-2 slide=2 net=0
2026-08-27 23:35:50.660 NuvioTV[87386:12640420] [HomeScrollProbe] title row=app.xperience.21e577a3-adc1-47c4-a75b-34493a8dab94:series:recs_because_series margin=552 slide=0 net=552
2026-08-27 23:35:50.677 NuvioTV[87386:12640420] [HomeScrollProbe] pinned-panel y=2406 inset=0 residual=2406
2026-08-27 23:35:50.723 NuvioTV[87386:12641086] [TrailerExtract] client=ios video=cfTcNb104NI hls=false formats=0 adaptive=23 sdKeys=expiresInSeconds,adaptiveFormats,aspectRatio,serverAbrStreamingUrl,metadataFormats
2026-08-27 23:35:50.725 NuvioTV[87386:12641086] [TrailerExtract] selection: manifest=none progressive=360 (manifests collected=0)
2026-08-27 23:35:50.725 NuvioTV[87386:12641086] [TrailerExtract] repack candidates: avcVideo=1080p avc1.640028 (android) m4aAudio=mp4a.40.2 (android)
2026-08-27 23:35:50.761 NuvioTV[87386:12640420] [HomeScrollProbe] pinned-panel y=2405 inset=0 residual=2405
2026-08-27 23:35:50.827 NuvioTV[87386:12640420] [HomeScrollProbe] title row=app.xperience.21e577a3-adc1-47c4-a75b-34493a8dab94:movie:recs_because_movies margin=0 slide=0 net=0
2026-08-27 23:35:50.827 NuvioTV[87386:12640420] [HomeScrollProbe] title row=app.xperience.21e577a3-adc1-47c4-a75b-34493a8dab94:series:recs_because_series margin=554 slide=0 net=554
2026-08-27 23:35:50.943 NuvioTV[87386:12640420] [HomeScrollProbe] pinned-panel y=2404 inset=0 residual=2404
2026-08-27 23:35:51.123 NuvioTV[87386:12641086] [TrailerExtract] repack decision: avc=1080p vs progressive=360p -> ELIGIBLE
2026-08-27 23:35:51.365 NuvioTV[87386:12640420] [HomeScrollProbe] REST pinned-panel y=2404 inset=0 residual=2404
2026-08-27 23:35:51.417 NuvioTV[87386:12640420] [HomeScrollProbe] pinned-panel y=2394 inset=0 residual=2394
2026-08-27 23:35:51.418 NuvioTV[87386:12640420] [HomeScrollProbe] title row=app.xperience.21e577a3-adc1-47c4-a75b-34493a8dab94:movie:recs_because_movies margin=10 slide=0 net=10
2026-08-27 23:35:51.418 NuvioTV[87386:12640420] [HomeScrollProbe] title row=app.xperience.21e577a3-adc1-47c4-a75b-34493a8dab94:series:recs_because_series margin=564 slide=0 net=564
2026-08-27 23:35:51.430 NuvioTV[87386:12640420] [HomeScrollProbe] pinned-panel y=2374 inset=0 residual=2374
2026-08-27 23:35:51.430 NuvioTV[87386:12640420] [HomeScrollProbe] title row=app.xperience.21e577a3-adc1-47c4-a75b-34493a8dab94:movie:recs_because_movies margin=30 slide=0 net=30
2026-08-27 23:35:51.430 NuvioTV[87386:12640420] [HomeScrollProbe] title row=app.xperience.21e577a3-adc1-47c4-a75b-34493a8dab94:series:recs_because_series margin=584 slide=0 net=584
2026-08-27 23:35:51.447 NuvioTV[87386:12641604] [TrailerRepack] serving 1920x1080 avc1+mp4a (22+13 segments) at http://127.0.0.1:8230/1e0fc6a432f511aaaaf8e8f915832206/master.m3u8
2026-08-27 23:35:51.447 NuvioTV[87386:12640420] [HomeScrollProbe] pinned-panel y=2344 inset=0 residual=2344
2026-08-27 23:35:51.447 NuvioTV[87386:12640420] [HomeScrollProbe] title row=app.xperience.21e577a3-adc1-47c4-a75b-34493a8dab94:series:recs_series_for_you margin=-494 slide=72 net=-422
2026-08-27 23:35:51.447 NuvioTV[87386:12640420] [HomeScrollProbe] title row=app.xperience.21e577a3-adc1-47c4-a75b-34493a8dab94:movie:recs_because_movies margin=60 slide=0 net=60
2026-08-27 23:35:51.468 NuvioTV[87386:12640420] [HomeScrollProbe] pinned-panel y=2304 inset=0 residual=2304
2026-08-27 23:35:51.468 NuvioTV[87386:12640420] [HomeScrollProbe] title row=app.xperience.21e577a3-adc1-47c4-a75b-34493a8dab94:series:recs_series_for_you margin=-454 slide=72 net=-382
2026-08-27 23:35:51.468 NuvioTV[87386:12640420] [HomeScrollProbe] title row=app.xperience.21e577a3-adc1-47c4-a75b-34493a8dab94:movie:recs_because_movies margin=100 slide=0 net=100
2026-08-27 23:35:51.485 NuvioTV[87386:12640420] [HomeScrollProbe] pinned-panel y=2254 inset=0 residual=2254
2026-08-27 23:35:51.485 NuvioTV[87386:12640420] [HomeScrollProbe] title row=app.xperience.21e577a3-adc1-47c4-a75b-34493a8dab94:series:recs_series_for_you margin=-404 slide=72 net=-332
2026-08-27 23:35:51.485 NuvioTV[87386:12640420] [HomeScrollProbe] title row=app.xperience.21e577a3-adc1-47c4-a75b-34493a8dab94:movie:recs_because_movies margin=150 slide=0 net=150
2026-08-27 23:35:51.496 NuvioTV[87386:12640420] [HomeScrollProbe] pinned-panel y=2226 inset=0 residual=2226
2026-08-27 23:35:51.496 NuvioTV[87386:12640420] [HomeScrollProbe] title row=app.xperience.21e577a3-adc1-47c4-a75b-34493a8dab94:series:recs_series_for_you margin=-376 slide=72 net=-304
2026-08-27 23:35:51.496 NuvioTV[87386:12640420] [HomeScrollProbe] title row=app.xperience.21e577a3-adc1-47c4-a75b-34493a8dab94:movie:recs_because_movies margin=178 slide=0 net=178
2026-08-27 23:35:51.513 NuvioTV[87386:12640420] [HomeScrollProbe] pinned-panel y=2188 inset=0 residual=2188
2026-08-27 23:35:51.514 NuvioTV[87386:12640420] [HomeScrollProbe] title row=app.xperience.21e577a3-adc1-47c4-a75b-34493a8dab94:series:recs_series_for_you margin=-338 slide=72 net=-266
2026-08-27 23:35:51.514 NuvioTV[87386:12640420] [HomeScrollProbe] title row=app.xperience.21e577a3-adc1-47c4-a75b-34493a8dab94:movie:recs_because_movies margin=216 slide=0 net=216
2026-08-27 23:35:51.530 NuvioTV[87386:12640420] [HomeScrollProbe] pinned-panel y=2154 inset=0 residual=2154
2026-08-27 23:35:51.530 NuvioTV[87386:12640420] [HomeScrollProbe] title row=app.xperience.21e577a3-adc1-47c4-a75b-34493a8dab94:series:recs_series_for_you margin=-304 slide=72 net=-232
2026-08-27 23:35:51.530 NuvioTV[87386:12640420] [HomeScrollProbe] title row=app.xperience.21e577a3-adc1-47c4-a75b-34493a8dab94:movie:recs_because_movies margin=250 slide=0 net=250
2026-08-27 23:35:51.545 NuvioTV[87386:12640420] [HomeScrollProbe] pinned-panel y=2127 inset=0 residual=2127
2026-08-27 23:35:51.545 NuvioTV[87386:12640420] [HomeScrollProbe] title row=app.xperience.21e577a3-adc1-47c4-a75b-34493a8dab94:series:recs_series_for_you margin=-276 slide=72 net=-204
2026-08-27 23:35:51.545 NuvioTV[87386:12640420] [HomeScrollProbe] title row=app.xperience.21e577a3-adc1-47c4-a75b-34493a8dab94:movie:recs_because_movies margin=278 slide=0 net=278
2026-08-27 23:35:51.561 NuvioTV[87386:12640420] [HomeScrollProbe] pinned-panel y=2099 inset=0 residual=2099
2026-08-27 23:35:51.561 NuvioTV[87386:12640420] [HomeScrollProbe] title row=app.xperience.21e577a3-adc1-47c4-a75b-34493a8dab94:series:recs_series_for_you margin=-248 slide=72 net=-176
2026-08-27 23:35:51.561 NuvioTV[87386:12640420] [HomeScrollProbe] title row=app.xperience.21e577a3-adc1-47c4-a75b-34493a8dab94:movie:recs_because_movies margin=306 slide=0 net=306
2026-08-27 23:35:51.577 NuvioTV[87386:12640420] [HomeScrollProbe] pinned-panel y=2076 inset=0 residual=2076
2026-08-27 23:35:51.578 NuvioTV[87386:12640420] [HomeScrollProbe] title row=app.xperience.21e577a3-adc1-47c4-a75b-34493a8dab94:series:recs_series_for_you margin=-226 slide=72 net=-154
2026-08-27 23:35:51.578 NuvioTV[87386:12640420] [HomeScrollProbe] title row=app.xperience.21e577a3-adc1-47c4-a75b-34493a8dab94:movie:recs_because_movies margin=328 slide=0 net=328
2026-08-27 23:35:51.594 NuvioTV[87386:12640420] [HomeScrollProbe] pinned-panel y=2053 inset=0 residual=2053
2026-08-27 23:35:51.594 NuvioTV[87386:12640420] [HomeScrollProbe] title row=app.xperience.21e577a3-adc1-47c4-a75b-34493a8dab94:series:recs_series_for_you margin=-202 slide=72 net=-130
2026-08-27 23:35:51.594 NuvioTV[87386:12640420] [HomeScrollProbe] title row=app.xperience.21e577a3-adc1-47c4-a75b-34493a8dab94:movie:recs_because_movies margin=352 slide=0 net=352
2026-08-27 23:35:51.611 NuvioTV[87386:12640420] [HomeScrollProbe] pinned-panel y=2033 inset=0 residual=2033
2026-08-27 23:35:51.611 NuvioTV[87386:12640420] [HomeScrollProbe] title row=app.xperience.21e577a3-adc1-47c4-a75b-34493a8dab94:series:recs_series_for_you margin=-182 slide=72 net=-110
2026-08-27 23:35:51.611 NuvioTV[87386:12640420] [HomeScrollProbe] title row=app.xperience.21e577a3-adc1-47c4-a75b-34493a8dab94:movie:recs_because_movies margin=372 slide=0 net=372
2026-08-27 23:35:51.628 NuvioTV[87386:12640420] [HomeScrollProbe] pinned-panel y=2014 inset=0 residual=2014
2026-08-27 23:35:51.628 NuvioTV[87386:12640420] [HomeScrollProbe] title row=app.xperience.21e577a3-adc1-47c4-a75b-34493a8dab94:series:recs_series_for_you margin=-164 slide=72 net=-92
2026-08-27 23:35:51.629 NuvioTV[87386:12640420] [HomeScrollProbe] title row=app.xperience.21e577a3-adc1-47c4-a75b-34493a8dab94:movie:recs_because_movies margin=390 slide=0 net=390
2026-08-27 23:35:51.644 NuvioTV[87386:12640420] [HomeScrollProbe] pinned-panel y=1998 inset=0 residual=1998
2026-08-27 23:35:51.645 NuvioTV[87386:12640420] [HomeScrollProbe] title row=app.xperience.21e577a3-adc1-47c4-a75b-34493a8dab94:series:recs_series_for_you margin=-148 slide=72 net=-76
2026-08-27 23:35:51.645 NuvioTV[87386:12640420] [HomeScrollProbe] title row=app.xperience.21e577a3-adc1-47c4-a75b-34493a8dab94:movie:recs_because_movies margin=406 slide=0 net=406
2026-08-27 23:35:51.661 NuvioTV[87386:12640420] [HomeScrollProbe] pinned-panel y=1983 inset=0 residual=1983
2026-08-27 23:35:51.661 NuvioTV[87386:12640420] [HomeScrollProbe] title row=app.xperience.21e577a3-adc1-47c4-a75b-34493a8dab94:series:recs_series_for_you margin=-132 slide=72 net=-60
2026-08-27 23:35:51.661 NuvioTV[87386:12640420] [HomeScrollProbe] title row=app.xperience.21e577a3-adc1-47c4-a75b-34493a8dab94:movie:recs_because_movies margin=422 slide=0 net=422
2026-08-27 23:35:51.709 NuvioTV[87386:12640420] [HomeScrollProbe] pinned-panel y=1958 inset=0 residual=1958
2026-08-27 23:35:51.709 NuvioTV[87386:12640420] [HomeScrollProbe] title row=app.xperience.21e577a3-adc1-47c4-a75b-34493a8dab94:series:recs_series_for_you margin=-108 slide=72 net=-36
2026-08-27 23:35:51.709 NuvioTV[87386:12640420] [HomeScrollProbe] title row=app.xperience.21e577a3-adc1-47c4-a75b-34493a8dab94:movie:recs_because_movies margin=446 slide=0 net=446
2026-08-27 23:35:51.728 NuvioTV[87386:12640420] [HomeScrollProbe] pinned-panel y=1947 inset=0 residual=1947
2026-08-27 23:35:51.728 NuvioTV[87386:12640420] [HomeScrollProbe] title row=app.xperience.21e577a3-adc1-47c4-a75b-34493a8dab94:series:recs_series_for_you margin=-96 slide=72 net=-24
2026-08-27 23:35:51.728 NuvioTV[87386:12640420] [HomeScrollProbe] title row=app.xperience.21e577a3-adc1-47c4-a75b-34493a8dab94:movie:recs_because_movies margin=458 slide=0 net=458
2026-08-27 23:35:51.744 NuvioTV[87386:12640420] [HomeScrollProbe] pinned-panel y=1937 inset=0 residual=1937
2026-08-27 23:35:51.744 NuvioTV[87386:12640420] [HomeScrollProbe] title row=app.xperience.21e577a3-adc1-47c4-a75b-34493a8dab94:series:recs_series_for_you margin=-86 slide=72 net=-14
2026-08-27 23:35:51.744 NuvioTV[87386:12640420] [HomeScrollProbe] title row=app.xperience.21e577a3-adc1-47c4-a75b-34493a8dab94:movie:recs_because_movies margin=468 slide=0 net=468
2026-08-27 23:35:51.778 NuvioTV[87386:12640420] [HomeScrollProbe] pinned-panel y=1920 inset=0 residual=1920
2026-08-27 23:35:51.778 NuvioTV[87386:12640420] [HomeScrollProbe] title row=app.xperience.21e577a3-adc1-47c4-a75b-34493a8dab94:series:recs_series_for_you margin=-70 slide=70 net=0
2026-08-27 23:35:51.778 NuvioTV[87386:12640420] [HomeScrollProbe] title row=app.xperience.21e577a3-adc1-47c4-a75b-34493a8dab94:movie:recs_because_movies margin=484 slide=0 net=484
2026-08-27 23:35:51.794 NuvioTV[87386:12640420] [HomeScrollProbe] pinned-panel y=1913 inset=0 residual=1913
2026-08-27 23:35:51.794 NuvioTV[87386:12640420] [HomeScrollProbe] title row=app.xperience.21e577a3-adc1-47c4-a75b-34493a8dab94:series:recs_series_for_you margin=-62 slide=62 net=0
2026-08-27 23:35:51.794 NuvioTV[87386:12640420] [HomeScrollProbe] title row=app.xperience.21e577a3-adc1-47c4-a75b-34493a8dab94:movie:recs_because_movies margin=492 slide=0 net=492
2026-08-27 23:35:51.811 NuvioTV[87386:12640420] [HomeScrollProbe] pinned-panel y=1907 inset=0 residual=1907
2026-08-27 23:35:51.811 NuvioTV[87386:12640420] [HomeScrollProbe] title row=app.xperience.21e577a3-adc1-47c4-a75b-34493a8dab94:series:recs_series_for_you margin=-56 slide=56 net=0
2026-08-27 23:35:51.811 NuvioTV[87386:12640420] [HomeScrollProbe] title row=app.xperience.21e577a3-adc1-47c4-a75b-34493a8dab94:movie:recs_because_movies margin=498 slide=0 net=498
2026-08-27 23:35:51.827 NuvioTV[87386:12640420] [HomeScrollProbe] pinned-panel y=1901 inset=0 residual=1901
2026-08-27 23:35:51.828 NuvioTV[87386:12640420] [HomeScrollProbe] title row=app.xperience.21e577a3-adc1-47c4-a75b-34493a8dab94:series:recs_series_for_you margin=-50 slide=50 net=0
2026-08-27 23:35:51.828 NuvioTV[87386:12640420] [HomeScrollProbe] title row=app.xperience.21e577a3-adc1-47c4-a75b-34493a8dab94:movie:recs_because_movies margin=504 slide=0 net=504
2026-08-27 23:35:51.844 NuvioTV[87386:12640420] [HomeScrollProbe] pinned-panel y=1896 inset=0 residual=1896
2026-08-27 23:35:51.844 NuvioTV[87386:12640420] [HomeScrollProbe] title row=app.xperience.21e577a3-adc1-47c4-a75b-34493a8dab94:series:recs_series_for_you margin=-46 slide=46 net=0
2026-08-27 23:35:51.844 NuvioTV[87386:12640420] [HomeScrollProbe] title row=app.xperience.21e577a3-adc1-47c4-a75b-34493a8dab94:movie:recs_because_movies margin=508 slide=0 net=508
2026-08-27 23:35:51.860 NuvioTV[87386:12640420] [HomeScrollProbe] pinned-panel y=1891 inset=0 residual=1891
2026-08-27 23:35:51.860 NuvioTV[87386:12640420] [HomeScrollProbe] title row=app.xperience.21e577a3-adc1-47c4-a75b-34493a8dab94:series:recs_series_for_you margin=-40 slide=40 net=0
2026-08-27 23:35:51.861 NuvioTV[87386:12640420] [HomeScrollProbe] title row=app.xperience.21e577a3-adc1-47c4-a75b-34493a8dab94:movie:recs_because_movies margin=514 slide=0 net=514
2026-08-27 23:35:51.877 NuvioTV[87386:12640420] [HomeScrollProbe] pinned-panel y=1887 inset=0 residual=1887
2026-08-27 23:35:51.877 NuvioTV[87386:12640420] [HomeScrollProbe] title row=app.xperience.21e577a3-adc1-47c4-a75b-34493a8dab94:series:recs_series_for_you margin=-36 slide=36 net=0
2026-08-27 23:35:51.877 NuvioTV[87386:12640420] [HomeScrollProbe] title row=app.xperience.21e577a3-adc1-47c4-a75b-34493a8dab94:movie:recs_because_movies margin=518 slide=0 net=518
2026-08-27 23:35:51.894 NuvioTV[87386:12640420] [HomeScrollProbe] pinned-panel y=1884 inset=0 residual=1884
2026-08-27 23:35:51.894 NuvioTV[87386:12640420] [HomeScrollProbe] title row=app.xperience.21e577a3-adc1-47c4-a75b-34493a8dab94:series:recs_series_for_you margin=-34 slide=34 net=0
2026-08-27 23:35:51.894 NuvioTV[87386:12640420] [HomeScrollProbe] title row=app.xperience.21e577a3-adc1-47c4-a75b-34493a8dab94:movie:recs_because_movies margin=520 slide=0 net=520
2026-08-27 23:35:51.911 NuvioTV[87386:12640420] [HomeScrollProbe] pinned-panel y=1880 inset=0 residual=1880
2026-08-27 23:35:51.911 NuvioTV[87386:12640420] [HomeScrollProbe] title row=app.xperience.21e577a3-adc1-47c4-a75b-34493a8dab94:series:recs_series_for_you margin=-30 slide=30 net=0
2026-08-27 23:35:51.911 NuvioTV[87386:12640420] [HomeScrollProbe] title row=app.xperience.21e577a3-adc1-47c4-a75b-34493a8dab94:movie:recs_because_movies margin=524 slide=0 net=524
2026-08-27 23:35:51.927 NuvioTV[87386:12640420] [HomeScrollProbe] pinned-panel y=1877 inset=0 residual=1877
2026-08-27 23:35:51.928 NuvioTV[87386:12640420] [HomeScrollProbe] title row=app.xperience.21e577a3-adc1-47c4-a75b-34493a8dab94:series:recs_series_for_you margin=-26 slide=26 net=0
2026-08-27 23:35:51.928 NuvioTV[87386:12640420] [HomeScrollProbe] title row=app.xperience.21e577a3-adc1-47c4-a75b-34493a8dab94:movie:recs_because_movies margin=528 slide=0 net=528
2026-08-27 23:35:51.944 NuvioTV[87386:12640420] [HomeScrollProbe] pinned-panel y=1875 inset=0 residual=1875
2026-08-27 23:35:51.944 NuvioTV[87386:12640420] [HomeScrollProbe] title row=app.xperience.21e577a3-adc1-47c4-a75b-34493a8dab94:series:recs_series_for_you margin=-24 slide=24 net=0
2026-08-27 23:35:51.944 NuvioTV[87386:12640420] [HomeScrollProbe] title row=app.xperience.21e577a3-adc1-47c4-a75b-34493a8dab94:movie:recs_because_movies margin=530 slide=0 net=530
2026-08-27 23:35:51.961 NuvioTV[87386:12640420] [HomeScrollProbe] pinned-panel y=1872 inset=0 residual=1872
2026-08-27 23:35:51.961 NuvioTV[87386:12640420] [HomeScrollProbe] title row=app.xperience.21e577a3-adc1-47c4-a75b-34493a8dab94:series:recs_series_for_you margin=-22 slide=22 net=0
2026-08-27 23:35:51.961 NuvioTV[87386:12640420] [HomeScrollProbe] title row=app.xperience.21e577a3-adc1-47c4-a75b-34493a8dab94:movie:recs_because_movies margin=532 slide=0 net=532
2026-08-27 23:35:51.977 NuvioTV[87386:12640420] [HomeScrollProbe] pinned-panel y=1870 inset=0 residual=1870
2026-08-27 23:35:51.977 NuvioTV[87386:12640420] [HomeScrollProbe] title row=app.xperience.21e577a3-adc1-47c4-a75b-34493a8dab94:series:recs_series_for_you margin=-20 slide=20 net=0
2026-08-27 23:35:51.977 NuvioTV[87386:12640420] [HomeScrollProbe] title row=app.xperience.21e577a3-adc1-47c4-a75b-34493a8dab94:movie:recs_because_movies margin=534 slide=0 net=534
2026-08-27 23:35:51.993 NuvioTV[87386:12640420] [HomeScrollProbe] pinned-panel y=1868 inset=0 residual=1868
2026-08-27 23:35:51.993 NuvioTV[87386:12640420] [HomeScrollProbe] title row=app.xperience.21e577a3-adc1-47c4-a75b-34493a8dab94:series:recs_series_for_you margin=-18 slide=18 net=0
2026-08-27 23:35:51.993 NuvioTV[87386:12640420] [HomeScrollProbe] title row=app.xperience.21e577a3-adc1-47c4-a75b-34493a8dab94:movie:recs_because_movies margin=536 slide=0 net=536
2026-08-27 23:35:52.010 NuvioTV[87386:12640420] [HomeScrollProbe] pinned-panel y=1866 inset=0 residual=1866
2026-08-27 23:35:52.010 NuvioTV[87386:12640420] [HomeScrollProbe] title row=app.xperience.21e577a3-adc1-47c4-a75b-34493a8dab94:series:recs_series_for_you margin=-16 slide=16 net=0
2026-08-27 23:35:52.010 NuvioTV[87386:12640420] [HomeScrollProbe] title row=app.xperience.21e577a3-adc1-47c4-a75b-34493a8dab94:movie:recs_because_movies margin=538 slide=0 net=538
2026-08-27 23:35:52.026 NuvioTV[87386:12640420] [HomeScrollProbe] pinned-panel y=1865 inset=0 residual=1865
2026-08-27 23:35:52.026 NuvioTV[87386:12640420] [HomeScrollProbe] title row=app.xperience.21e577a3-adc1-47c4-a75b-34493a8dab94:series:recs_series_for_you margin=-14 slide=14 net=0
2026-08-27 23:35:52.026 NuvioTV[87386:12640420] [HomeScrollProbe] title row=app.xperience.21e577a3-adc1-47c4-a75b-34493a8dab94:movie:recs_because_movies margin=540 slide=0 net=540
2026-08-27 23:35:52.043 NuvioTV[87386:12640420] [HomeScrollProbe] pinned-panel y=1863 inset=0 residual=1863
2026-08-27 23:35:52.043 NuvioTV[87386:12640420] [HomeScrollProbe] title row=app.xperience.21e577a3-adc1-47c4-a75b-34493a8dab94:series:recs_series_for_you margin=-12 slide=12 net=0
2026-08-27 23:35:52.043 NuvioTV[87386:12640420] [HomeScrollProbe] title row=app.xperience.21e577a3-adc1-47c4-a75b-34493a8dab94:movie:recs_because_movies margin=542 slide=0 net=542
2026-08-27 23:35:52.060 NuvioTV[87386:12640420] [HomeScrollProbe] pinned-panel y=1862 inset=0 residual=1862
2026-08-27 23:35:52.078 NuvioTV[87386:12640420] [HomeScrollProbe] pinned-panel y=1861 inset=0 residual=1861
2026-08-27 23:35:52.078 NuvioTV[87386:12640420] [HomeScrollProbe] title row=app.xperience.21e577a3-adc1-47c4-a75b-34493a8dab94:series:recs_series_for_you margin=-10 slide=10 net=0
2026-08-27 23:35:52.078 NuvioTV[87386:12640420] [HomeScrollProbe] title row=app.xperience.21e577a3-adc1-47c4-a75b-34493a8dab94:movie:recs_because_movies margin=544 slide=0 net=544
2026-08-27 23:35:52.095 NuvioTV[87386:12640420] [HomeScrollProbe] pinned-panel y=1860 inset=0 residual=1860
2026-08-27 23:35:52.111 NuvioTV[87386:12640420] [HomeScrollProbe] pinned-panel y=1859 inset=0 residual=1859
2026-08-27 23:35:52.111 NuvioTV[87386:12640420] [HomeScrollProbe] title row=app.xperience.21e577a3-adc1-47c4-a75b-34493a8dab94:series:recs_series_for_you margin=-8 slide=8 net=0
2026-08-27 23:35:52.111 NuvioTV[87386:12640420] [HomeScrollProbe] title row=app.xperience.21e577a3-adc1-47c4-a75b-34493a8dab94:movie:recs_because_movies margin=546 slide=0 net=546
2026-08-27 23:35:52.127 NuvioTV[87386:12640420] [HomeScrollProbe] pinned-panel y=1858 inset=0 residual=1858
2026-08-27 23:35:52.144 NuvioTV[87386:12640420] [HomeScrollProbe] pinned-panel y=1857 inset=0 residual=1857
2026-08-27 23:35:52.144 NuvioTV[87386:12640420] [HomeScrollProbe] title row=app.xperience.21e577a3-adc1-47c4-a75b-34493a8dab94:series:recs_series_for_you margin=-6 slide=6 net=0
2026-08-27 23:35:52.144 NuvioTV[87386:12640420] [HomeScrollProbe] title row=app.xperience.21e577a3-adc1-47c4-a75b-34493a8dab94:movie:recs_because_movies margin=548 slide=0 net=548
2026-08-27 23:35:52.177 NuvioTV[87386:12640420] [HomeScrollProbe] pinned-panel y=1856 inset=0 residual=1856
2026-08-27 23:35:52.194 NuvioTV[87386:12640420] [HomeScrollProbe] pinned-panel y=1855 inset=0 residual=1855
2026-08-27 23:35:52.194 NuvioTV[87386:12640420] [HomeScrollProbe] title row=app.xperience.21e577a3-adc1-47c4-a75b-34493a8dab94:series:recs_series_for_you margin=-4 slide=4 net=0
2026-08-27 23:35:52.194 NuvioTV[87386:12640420] [HomeScrollProbe] title row=app.xperience.21e577a3-adc1-47c4-a75b-34493a8dab94:movie:recs_because_movies margin=550 slide=0 net=550
2026-08-27 23:35:52.227 NuvioTV[87386:12640420] [HomeScrollProbe] pinned-panel y=1854 inset=0 residual=1854
2026-08-27 23:35:52.277 NuvioTV[87386:12640420] [HomeScrollProbe] pinned-panel y=1853 inset=0 residual=1853
2026-08-27 23:35:52.278 NuvioTV[87386:12640420] [HomeScrollProbe] title row=app.xperience.21e577a3-adc1-47c4-a75b-34493a8dab94:series:recs_series_for_you margin=-2 slide=2 net=0
2026-08-27 23:35:52.278 NuvioTV[87386:12640420] [HomeScrollProbe] title row=app.xperience.21e577a3-adc1-47c4-a75b-34493a8dab94:movie:recs_because_movies margin=552 slide=0 net=552
2026-08-27 23:35:52.344 NuvioTV[87386:12640420] [HomeScrollProbe] pinned-panel y=1852 inset=0 residual=1852
2026-08-27 23:35:52.462 NuvioTV[87386:12640420] [HomeScrollProbe] pinned-panel y=1851 inset=0 residual=1851
2026-08-27 23:35:52.462 NuvioTV[87386:12640420] [HomeScrollProbe] title row=app.xperience.21e577a3-adc1-47c4-a75b-34493a8dab94:series:recs_series_for_you margin=0 slide=0 net=0
2026-08-27 23:35:52.462 NuvioTV[87386:12640420] [HomeScrollProbe] title row=app.xperience.21e577a3-adc1-47c4-a75b-34493a8dab94:movie:recs_because_movies margin=554 slide=0 net=554
2026-08-27 23:35:52.863 NuvioTV[87386:12640420] [HomeScrollProbe] REST pinned-panel y=1851 inset=0 residual=1851
2026-08-27 23:35:52.980 NuvioTV[87386:12640420] [HomeScrollProbe] pinned-panel y=1841 inset=0 residual=1841
2026-08-27 23:35:52.980 NuvioTV[87386:12640420] [HomeScrollProbe] title row=app.xperience.21e577a3-adc1-47c4-a75b-34493a8dab94:series:recs_series_for_you margin=10 slide=0 net=10
2026-08-27 23:35:52.980 NuvioTV[87386:12640420] [HomeScrollProbe] title row=app.xperience.21e577a3-adc1-47c4-a75b-34493a8dab94:movie:recs_because_movies margin=564 slide=0 net=564
2026-08-27 23:35:52.996 NuvioTV[87386:12640420] [HomeScrollProbe] pinned-panel y=1821 inset=0 residual=1821
2026-08-27 23:35:52.996 NuvioTV[87386:12640420] [HomeScrollProbe] title row=app.xperience.21e577a3-adc1-47c4-a75b-34493a8dab94:series:recs_series_for_you margin=30 slide=0 net=30
2026-08-27 23:35:52.996 NuvioTV[87386:12640420] [HomeScrollProbe] title row=app.xperience.21e577a3-adc1-47c4-a75b-34493a8dab94:movie:recs_because_movies margin=584 slide=0 net=584
2026-08-27 23:35:53.012 NuvioTV[87386:12640420] [HomeScrollProbe] pinned-panel y=1791 inset=0 residual=1791
2026-08-27 23:35:53.012 NuvioTV[87386:12640420] [HomeScrollProbe] title row=app.xperience.21e577a3-adc1-47c4-a75b-34493a8dab94:series:recs_series_for_you margin=60 slide=0 net=60
2026-08-27 23:35:53.012 NuvioTV[87386:12640420] [HomeScrollProbe] title row=app.xperience.21e577a3-adc1-47c4-a75b-34493a8dab94:movie:recs_movies_for_you margin=-494 slide=72 net=-422
2026-08-27 23:35:53.031 NuvioTV[87386:12640420] [HomeScrollProbe] pinned-panel y=1751 inset=0 residual=1751
2026-08-27 23:35:53.031 NuvioTV[87386:12640420] [HomeScrollProbe] title row=app.xperience.21e577a3-adc1-47c4-a75b-34493a8dab94:series:recs_series_for_you margin=100 slide=0 net=100
2026-08-27 23:35:53.031 NuvioTV[87386:12640420] [HomeScrollProbe] title row=app.xperience.21e577a3-adc1-47c4-a75b-34493a8dab94:movie:recs_movies_for_you margin=-454 slide=72 net=-382
2026-08-27 23:35:53.047 NuvioTV[87386:12640420] [HomeScrollProbe] pinned-panel y=1702 inset=0 residual=1702
2026-08-27 23:35:53.048 NuvioTV[87386:12640420] [HomeScrollProbe] title row=app.xperience.21e577a3-adc1-47c4-a75b-34493a8dab94:series:recs_series_for_you margin=148 slide=0 net=148
2026-08-27 23:35:53.048 NuvioTV[87386:12640420] [HomeScrollProbe] title row=app.xperience.21e577a3-adc1-47c4-a75b-34493a8dab94:movie:recs_movies_for_you margin=-406 slide=72 net=-334
2026-08-27 23:35:53.063 NuvioTV[87386:12640420] [HomeScrollProbe] pinned-panel y=1664 inset=0 residual=1664
2026-08-27 23:35:53.063 NuvioTV[87386:12640420] [HomeScrollProbe] title row=app.xperience.21e577a3-adc1-47c4-a75b-34493a8dab94:series:recs_series_for_you margin=186 slide=0 net=186
2026-08-27 23:35:53.063 NuvioTV[87386:12640420] [HomeScrollProbe] title row=app.xperience.21e577a3-adc1-47c4-a75b-34493a8dab94:movie:recs_movies_for_you margin=-368 slide=72 net=-296
2026-08-27 23:35:53.080 NuvioTV[87386:12640420] [HomeScrollProbe] pinned-panel y=1625 inset=0 residual=1625
2026-08-27 23:35:53.081 NuvioTV[87386:12640420] [HomeScrollProbe] title row=app.xperience.21e577a3-adc1-47c4-a75b-34493a8dab94:series:recs_series_for_you margin=226 slide=0 net=226
2026-08-27 23:35:53.081 NuvioTV[87386:12640420] [HomeScrollProbe] title row=app.xperience.21e577a3-adc1-47c4-a75b-34493a8dab94:movie:recs_movies_for_you margin=-328 slide=72 net=-256
2026-08-27 23:35:53.097 NuvioTV[87386:12640420] [HomeScrollProbe] pinned-panel y=1592 inset=0 residual=1592
2026-08-27 23:35:53.097 NuvioTV[87386:12640420] [HomeScrollProbe] title row=app.xperience.21e577a3-adc1-47c4-a75b-34493a8dab94:series:recs_series_for_you margin=258 slide=0 net=258
2026-08-27 23:35:53.097 NuvioTV[87386:12640420] [HomeScrollProbe] title row=app.xperience.21e577a3-adc1-47c4-a75b-34493a8dab94:movie:recs_movies_for_you margin=-296 slide=72 net=-224
2026-08-27 23:35:53.113 NuvioTV[87386:12640420] [HomeScrollProbe] pinned-panel y=1562 inset=0 residual=1562
2026-08-27 23:35:53.114 NuvioTV[87386:12640420] [HomeScrollProbe] title row=app.xperience.21e577a3-adc1-47c4-a75b-34493a8dab94:series:recs_series_for_you margin=288 slide=0 net=288
2026-08-27 23:35:53.114 NuvioTV[87386:12640420] [HomeScrollProbe] title row=app.xperience.21e577a3-adc1-47c4-a75b-34493a8dab94:movie:recs_movies_for_you margin=-266 slide=72 net=-194
2026-08-27 23:35:53.129 NuvioTV[87386:12640420] [HomeScrollProbe] pinned-panel y=1536 inset=0 residual=1536
2026-08-27 23:35:53.130 NuvioTV[87386:12640420] [HomeScrollProbe] title row=app.xperience.21e577a3-adc1-47c4-a75b-34493a8dab94:series:recs_series_for_you margin=316 slide=0 net=316
2026-08-27 23:35:53.130 NuvioTV[87386:12640420] [HomeScrollProbe] title row=app.xperience.21e577a3-adc1-47c4-a75b-34493a8dab94:movie:recs_movies_for_you margin=-238 slide=72 net=-166
2026-08-27 23:35:53.145 NuvioTV[87386:12640420] [HomeScrollProbe] pinned-panel y=1515 inset=0 residual=1515
2026-08-27 23:35:53.145 NuvioTV[87386:12640420] [HomeScrollProbe] title row=app.xperience.21e577a3-adc1-47c4-a75b-34493a8dab94:series:recs_series_for_you margin=336 slide=0 net=336
2026-08-27 23:35:53.145 NuvioTV[87386:12640420] [HomeScrollProbe] title row=app.xperience.21e577a3-adc1-47c4-a75b-34493a8dab94:movie:recs_movies_for_you margin=-218 slide=72 net=-146
2026-08-27 23:35:53.161 NuvioTV[87386:12640420] [HomeScrollProbe] pinned-panel y=1493 inset=0 residual=1493
2026-08-27 23:35:53.161 NuvioTV[87386:12640420] [HomeScrollProbe] title row=app.xperience.21e577a3-adc1-47c4-a75b-34493a8dab94:series:recs_series_for_you margin=358 slide=0 net=358
2026-08-27 23:35:53.161 NuvioTV[87386:12640420] [HomeScrollProbe] title row=app.xperience.21e577a3-adc1-47c4-a75b-34493a8dab94:movie:recs_movies_for_you margin=-196 slide=72 net=-124
2026-08-27 23:35:53.178 NuvioTV[87386:12640420] [HomeScrollProbe] pinned-panel y=1473 inset=0 residual=1473
2026-08-27 23:35:53.178 NuvioTV[87386:12640420] [HomeScrollProbe] title row=app.xperience.21e577a3-adc1-47c4-a75b-34493a8dab94:series:recs_series_for_you margin=378 slide=0 net=378
2026-08-27 23:35:53.178 NuvioTV[87386:12640420] [HomeScrollProbe] title row=app.xperience.21e577a3-adc1-47c4-a75b-34493a8dab94:movie:recs_movies_for_you margin=-176 slide=72 net=-104
2026-08-27 23:35:53.194 NuvioTV[87386:12640420] [HomeScrollProbe] pinned-panel y=1455 inset=0 residual=1455
2026-08-27 23:35:53.194 NuvioTV[87386:12640420] [HomeScrollProbe] title row=app.xperience.21e577a3-adc1-47c4-a75b-34493a8dab94:series:recs_series_for_you margin=396 slide=0 net=396
2026-08-27 23:35:53.194 NuvioTV[87386:12640420] [HomeScrollProbe] title row=app.xperience.21e577a3-adc1-47c4-a75b-34493a8dab94:movie:recs_movies_for_you margin=-158 slide=72 net=-86
2026-08-27 23:35:53.211 NuvioTV[87386:12640420] [HomeScrollProbe] pinned-panel y=1439 inset=0 residual=1439
2026-08-27 23:35:53.211 NuvioTV[87386:12640420] [HomeScrollProbe] title row=app.xperience.21e577a3-adc1-47c4-a75b-34493a8dab94:series:recs_series_for_you margin=412 slide=0 net=412
2026-08-27 23:35:53.211 NuvioTV[87386:12640420] [HomeScrollProbe] title row=app.xperience.21e577a3-adc1-47c4-a75b-34493a8dab94:movie:recs_movies_for_you margin=-142 slide=72 net=-70
2026-08-27 23:35:53.227 NuvioTV[87386:12640420] [HomeScrollProbe] pinned-panel y=1425 inset=0 residual=1425
2026-08-27 23:35:53.228 NuvioTV[87386:12640420] [HomeScrollProbe] title row=app.xperience.21e577a3-adc1-47c4-a75b-34493a8dab94:series:recs_series_for_you margin=426 slide=0 net=426
2026-08-27 23:35:53.228 NuvioTV[87386:12640420] [HomeScrollProbe] title row=app.xperience.21e577a3-adc1-47c4-a75b-34493a8dab94:movie:recs_movies_for_you margin=-128 slide=72 net=-56
2026-08-27 23:35:53.244 NuvioTV[87386:12640420] [HomeScrollProbe] pinned-panel y=1412 inset=0 residual=1412
2026-08-27 23:35:53.244 NuvioTV[87386:12640420] [HomeScrollProbe] title row=app.xperience.21e577a3-adc1-47c4-a75b-34493a8dab94:series:recs_series_for_you margin=438 slide=0 net=438
2026-08-27 23:35:53.244 NuvioTV[87386:12640420] [HomeScrollProbe] title row=app.xperience.21e577a3-adc1-47c4-a75b-34493a8dab94:movie:recs_movies_for_you margin=-116 slide=72 net=-44
2026-08-27 23:35:53.269 NuvioTV[87386:12640420] [HomeScrollProbe] pinned-panel y=1395 inset=0 residual=1395
2026-08-27 23:35:53.269 NuvioTV[87386:12640420] [HomeScrollProbe] title row=app.xperience.21e577a3-adc1-47c4-a75b-34493a8dab94:series:recs_series_for_you margin=456 slide=0 net=456
2026-08-27 23:35:53.269 NuvioTV[87386:12640420] [HomeScrollProbe] title row=app.xperience.21e577a3-adc1-47c4-a75b-34493a8dab94:movie:recs_movies_for_you margin=-98 slide=72 net=-26
2026-08-27 23:35:53.293 NuvioTV[87386:12640420] [HomeScrollProbe] pinned-panel y=1380 inset=0 residual=1380
2026-08-27 23:35:53.293 NuvioTV[87386:12640420] [HomeScrollProbe] title row=app.xperience.21e577a3-adc1-47c4-a75b-34493a8dab94:series:recs_series_for_you margin=470 slide=0 net=470
2026-08-27 23:35:53.293 NuvioTV[87386:12640420] [HomeScrollProbe] title row=app.xperience.21e577a3-adc1-47c4-a75b-34493a8dab94:movie:recs_movies_for_you margin=-84 slide=72 net=-12
2026-08-27 23:35:53.310 NuvioTV[87386:12640420] [HomeScrollProbe] pinned-panel y=1372 inset=0 residual=1372
2026-08-27 23:35:53.311 NuvioTV[87386:12640420] [HomeScrollProbe] title row=app.xperience.21e577a3-adc1-47c4-a75b-34493a8dab94:series:recs_series_for_you margin=480 slide=0 net=480
2026-08-27 23:35:53.311 NuvioTV[87386:12640420] [HomeScrollProbe] title row=app.xperience.21e577a3-adc1-47c4-a75b-34493a8dab94:movie:recs_movies_for_you margin=-74 slide=72 net=-2
2026-08-27 23:35:53.327 NuvioTV[87386:12640420] [HomeScrollProbe] pinned-panel y=1364 inset=0 residual=1364
2026-08-27 23:35:53.327 NuvioTV[87386:12640420] [HomeScrollProbe] title row=app.xperience.21e577a3-adc1-47c4-a75b-34493a8dab94:series:recs_series_for_you margin=486 slide=0 net=486
2026-08-27 23:35:53.327 NuvioTV[87386:12640420] [HomeScrollProbe] title row=app.xperience.21e577a3-adc1-47c4-a75b-34493a8dab94:movie:recs_movies_for_you margin=-68 slide=68 net=0
2026-08-27 23:35:53.344 NuvioTV[87386:12640420] [HomeScrollProbe] pinned-panel y=1358 inset=0 residual=1358
2026-08-27 23:35:53.344 NuvioTV[87386:12640420] [HomeScrollProbe] title row=app.xperience.21e577a3-adc1-47c4-a75b-34493a8dab94:series:recs_series_for_you margin=494 slide=0 net=494
2026-08-27 23:35:53.344 NuvioTV[87386:12640420] [HomeScrollProbe] title row=app.xperience.21e577a3-adc1-47c4-a75b-34493a8dab94:movie:recs_movies_for_you margin=-60 slide=60 net=0
2026-08-27 23:35:53.360 NuvioTV[87386:12640420] [HomeScrollProbe] pinned-panel y=1352 inset=0 residual=1352
2026-08-27 23:35:53.361 NuvioTV[87386:12640420] [HomeScrollProbe] title row=app.xperience.21e577a3-adc1-47c4-a75b-34493a8dab94:series:recs_series_for_you margin=500 slide=0 net=500
2026-08-27 23:35:53.361 NuvioTV[87386:12640420] [HomeScrollProbe] title row=app.xperience.21e577a3-adc1-47c4-a75b-34493a8dab94:movie:recs_movies_for_you margin=-54 slide=54 net=0
2026-08-27 23:35:53.377 NuvioTV[87386:12640420] [HomeScrollProbe] pinned-panel y=1346 inset=0 residual=1346
2026-08-27 23:35:53.377 NuvioTV[87386:12640420] [HomeScrollProbe] title row=app.xperience.21e577a3-adc1-47c4-a75b-34493a8dab94:series:recs_series_for_you margin=504 slide=0 net=504
2026-08-27 23:35:53.378 NuvioTV[87386:12640420] [HomeScrollProbe] title row=app.xperience.21e577a3-adc1-47c4-a75b-34493a8dab94:movie:recs_movies_for_you margin=-50 slide=50 net=0
2026-08-27 23:35:53.394 NuvioTV[87386:12640420] [HomeScrollProbe] pinned-panel y=1341 inset=0 residual=1341
2026-08-27 23:35:53.394 NuvioTV[87386:12640420] [HomeScrollProbe] title row=app.xperience.21e577a3-adc1-47c4-a75b-34493a8dab94:series:recs_series_for_you margin=510 slide=0 net=510
2026-08-27 23:35:53.394 NuvioTV[87386:12640420] [HomeScrollProbe] title row=app.xperience.21e577a3-adc1-47c4-a75b-34493a8dab94:movie:recs_movies_for_you margin=-44 slide=44 net=0
2026-08-27 23:35:53.411 NuvioTV[87386:12640420] [HomeScrollProbe] pinned-panel y=1337 inset=0 residual=1337
2026-08-27 23:35:53.411 NuvioTV[87386:12640420] [HomeScrollProbe] title row=app.xperience.21e577a3-adc1-47c4-a75b-34493a8dab94:series:recs_series_for_you margin=514 slide=0 net=514
2026-08-27 23:35:53.411 NuvioTV[87386:12640420] [HomeScrollProbe] title row=app.xperience.21e577a3-adc1-47c4-a75b-34493a8dab94:movie:recs_movies_for_you margin=-40 slide=40 net=0
2026-08-27 23:35:53.427 NuvioTV[87386:12640420] [HomeScrollProbe] pinned-panel y=1333 inset=0 residual=1333
2026-08-27 23:35:53.427 NuvioTV[87386:12640420] [HomeScrollProbe] title row=app.xperience.21e577a3-adc1-47c4-a75b-34493a8dab94:series:recs_series_for_you margin=518 slide=0 net=518
2026-08-27 23:35:53.428 NuvioTV[87386:12640420] [HomeScrollProbe] title row=app.xperience.21e577a3-adc1-47c4-a75b-34493a8dab94:movie:recs_movies_for_you margin=-36 slide=36 net=0
2026-08-27 23:35:53.444 NuvioTV[87386:12640420] [HomeScrollProbe] pinned-panel y=1329 inset=0 residual=1329
2026-08-27 23:35:53.445 NuvioTV[87386:12640420] [HomeScrollProbe] title row=app.xperience.21e577a3-adc1-47c4-a75b-34493a8dab94:series:recs_series_for_you margin=522 slide=0 net=522
2026-08-27 23:35:53.445 NuvioTV[87386:12640420] [HomeScrollProbe] title row=app.xperience.21e577a3-adc1-47c4-a75b-34493a8dab94:movie:recs_movies_for_you margin=-32 slide=32 net=0
2026-08-27 23:35:53.461 NuvioTV[87386:12640420] [HomeScrollProbe] pinned-panel y=1326 inset=0 residual=1326
2026-08-27 23:35:53.461 NuvioTV[87386:12640420] [HomeScrollProbe] title row=app.xperience.21e577a3-adc1-47c4-a75b-34493a8dab94:series:recs_series_for_you margin=526 slide=0 net=526
2026-08-27 23:35:53.461 NuvioTV[87386:12640420] [HomeScrollProbe] title row=app.xperience.21e577a3-adc1-47c4-a75b-34493a8dab94:movie:recs_movies_for_you margin=-28 slide=28 net=0
2026-08-27 23:35:53.477 NuvioTV[87386:12640420] [HomeScrollProbe] pinned-panel y=1323 inset=0 residual=1323
2026-08-27 23:35:53.478 NuvioTV[87386:12640420] [HomeScrollProbe] title row=app.xperience.21e577a3-adc1-47c4-a75b-34493a8dab94:series:recs_series_for_you margin=528 slide=0 net=528
2026-08-27 23:35:53.478 NuvioTV[87386:12640420] [HomeScrollProbe] title row=app.xperience.21e577a3-adc1-47c4-a75b-34493a8dab94:movie:recs_movies_for_you margin=-26 slide=26 net=0
2026-08-27 23:35:53.494 NuvioTV[87386:12640420] [HomeScrollProbe] pinned-panel y=1320 inset=0 residual=1320
2026-08-27 23:35:53.494 NuvioTV[87386:12640420] [HomeScrollProbe] title row=app.xperience.21e577a3-adc1-47c4-a75b-34493a8dab94:series:recs_series_for_you margin=530 slide=0 net=530
2026-08-27 23:35:53.494 NuvioTV[87386:12640420] [HomeScrollProbe] title row=app.xperience.21e577a3-adc1-47c4-a75b-34493a8dab94:movie:recs_movies_for_you margin=-24 slide=24 net=0
2026-08-27 23:35:53.511 NuvioTV[87386:12640420] [HomeScrollProbe] pinned-panel y=1318 inset=0 residual=1318
2026-08-27 23:35:53.511 NuvioTV[87386:12640420] [HomeScrollProbe] title row=app.xperience.21e577a3-adc1-47c4-a75b-34493a8dab94:series:recs_series_for_you margin=532 slide=0 net=532
2026-08-27 23:35:53.511 NuvioTV[87386:12640420] [HomeScrollProbe] title row=app.xperience.21e577a3-adc1-47c4-a75b-34493a8dab94:movie:recs_movies_for_you margin=-22 slide=22 net=0
2026-08-27 23:35:53.527 NuvioTV[87386:12640420] [HomeScrollProbe] pinned-panel y=1316 inset=0 residual=1316
2026-08-27 23:35:53.527 NuvioTV[87386:12640420] [HomeScrollProbe] title row=app.xperience.21e577a3-adc1-47c4-a75b-34493a8dab94:series:recs_series_for_you margin=536 slide=0 net=536
2026-08-27 23:35:53.527 NuvioTV[87386:12640420] [HomeScrollProbe] title row=app.xperience.21e577a3-adc1-47c4-a75b-34493a8dab94:movie:recs_movies_for_you margin=-18 slide=18 net=0
2026-08-27 23:35:53.544 NuvioTV[87386:12640420] [HomeScrollProbe] pinned-panel y=1314 inset=0 residual=1314
2026-08-27 23:35:53.544 NuvioTV[87386:12640420] [HomeScrollProbe] title row=app.xperience.21e577a3-adc1-47c4-a75b-34493a8dab94:series:recs_series_for_you margin=538 slide=0 net=538
2026-08-27 23:35:53.544 NuvioTV[87386:12640420] [HomeScrollProbe] title row=app.xperience.21e577a3-adc1-47c4-a75b-34493a8dab94:movie:recs_movies_for_you margin=-16 slide=16 net=0
2026-08-27 23:35:53.561 NuvioTV[87386:12640420] [HomeScrollProbe] pinned-panel y=1312 inset=0 residual=1312
2026-08-27 23:35:53.576 NuvioTV[87386:12641604] [TrailerExtract] client=android_vr NO streamingData (playability=LOGIN_REQUIRED reason=Sign in to confirm you’re not a bot)
2026-08-27 23:35:53.577 NuvioTV[87386:12640420] [HomeScrollProbe] pinned-panel y=1311 inset=0 residual=1311
2026-08-27 23:35:53.578 NuvioTV[87386:12640420] [HomeScrollProbe] title row=app.xperience.21e577a3-adc1-47c4-a75b-34493a8dab94:series:recs_series_for_you margin=540 slide=0 net=540
2026-08-27 23:35:53.578 NuvioTV[87386:12640420] [HomeScrollProbe] title row=app.xperience.21e577a3-adc1-47c4-a75b-34493a8dab94:movie:recs_movies_for_you margin=-14 slide=14 net=0
2026-08-27 23:35:53.594 NuvioTV[87386:12640420] [HomeScrollProbe] pinned-panel y=1309 inset=0 residual=1309
2026-08-27 23:35:53.594 NuvioTV[87386:12640420] [HomeScrollProbe] title row=app.xperience.21e577a3-adc1-47c4-a75b-34493a8dab94:series:recs_series_for_you margin=542 slide=0 net=542
2026-08-27 23:35:53.594 NuvioTV[87386:12640420] [HomeScrollProbe] title row=app.xperience.21e577a3-adc1-47c4-a75b-34493a8dab94:movie:recs_movies_for_you margin=-12 slide=12 net=0
2026-08-27 23:35:53.611 NuvioTV[87386:12640420] [HomeScrollProbe] pinned-panel y=1308 inset=0 residual=1308
2026-08-27 23:35:53.627 NuvioTV[87386:12640420] [HomeScrollProbe] pinned-panel y=1307 inset=0 residual=1307
2026-08-27 23:35:53.628 NuvioTV[87386:12640420] [HomeScrollProbe] title row=app.xperience.21e577a3-adc1-47c4-a75b-34493a8dab94:series:recs_series_for_you margin=544 slide=0 net=544
2026-08-27 23:35:53.628 NuvioTV[87386:12640420] [HomeScrollProbe] title row=app.xperience.21e577a3-adc1-47c4-a75b-34493a8dab94:movie:recs_movies_for_you margin=-10 slide=10 net=0
2026-08-27 23:35:53.645 NuvioTV[87386:12640420] [HomeScrollProbe] pinned-panel y=1306 inset=0 residual=1306
2026-08-27 23:35:53.661 NuvioTV[87386:12640420] [HomeScrollProbe] pinned-panel y=1305 inset=0 residual=1305
2026-08-27 23:35:53.661 NuvioTV[87386:12640420] [HomeScrollProbe] title row=app.xperience.21e577a3-adc1-47c4-a75b-34493a8dab94:series:recs_series_for_you margin=546 slide=0 net=546
2026-08-27 23:35:53.661 NuvioTV[87386:12640420] [HomeScrollProbe] title row=app.xperience.21e577a3-adc1-47c4-a75b-34493a8dab94:movie:recs_movies_for_you margin=-8 slide=8 net=0
2026-08-27 23:35:53.678 NuvioTV[87386:12640420] [HomeScrollProbe] pinned-panel y=1304 inset=0 residual=1304
2026-08-27 23:35:53.694 NuvioTV[87386:12640420] [HomeScrollProbe] title row=app.xperience.21e577a3-adc1-47c4-a75b-34493a8dab94:series:recs_series_for_you margin=548 slide=0 net=548
2026-08-27 23:35:53.694 NuvioTV[87386:12640420] [HomeScrollProbe] title row=app.xperience.21e577a3-adc1-47c4-a75b-34493a8dab94:movie:recs_movies_for_you margin=-6 slide=6 net=0
2026-08-27 23:35:53.711 NuvioTV[87386:12640420] [HomeScrollProbe] pinned-panel y=1303 inset=0 residual=1303
2026-08-27 23:35:53.727 NuvioTV[87386:12641599] [TrailerExtract] client=android video=QsjSIwQr7yw hls=false formats=1 adaptive=31 sdKeys=expiresInSeconds,formats,adaptiveFormats,serverAbrStreamingUrl,metadataFormats
2026-08-27 23:35:53.727 NuvioTV[87386:12640420] [HomeScrollProbe] pinned-panel y=1302 inset=0 residual=1302
2026-08-27 23:35:53.744 NuvioTV[87386:12640420] [HomeScrollProbe] title row=app.xperience.21e577a3-adc1-47c4-a75b-34493a8dab94:series:recs_series_for_you margin=550 slide=0 net=550
2026-08-27 23:35:53.744 NuvioTV[87386:12640420] [HomeScrollProbe] title row=app.xperience.21e577a3-adc1-47c4-a75b-34493a8dab94:movie:recs_movies_for_you margin=-4 slide=4 net=0
2026-08-27 23:35:53.760 NuvioTV[87386:12640420] [HomeScrollProbe] pinned-panel y=1301 inset=0 residual=1301
2026-08-27 23:35:53.793 NuvioTV[87386:12640420] [HomeScrollProbe] pinned-panel y=1300 inset=0 residual=1300
2026-08-27 23:35:53.827 NuvioTV[87386:12640420] [HomeScrollProbe] title row=app.xperience.21e577a3-adc1-47c4-a75b-34493a8dab94:series:recs_series_for_you margin=552 slide=0 net=552
2026-08-27 23:35:53.827 NuvioTV[87386:12640420] [HomeScrollProbe] title row=app.xperience.21e577a3-adc1-47c4-a75b-34493a8dab94:movie:recs_movies_for_you margin=-2 slide=2 net=0
2026-08-27 23:35:53.837 NuvioTV[87386:12641599] [TrailerExtract] client=ios video=QsjSIwQr7yw hls=false formats=0 adaptive=28 sdKeys=expiresInSeconds,adaptiveFormats,probeUrl,aspectRatio,serverAbrStreamingUrl,metadataFormats
2026-08-27 23:35:53.839 NuvioTV[87386:12641599] [TrailerExtract] selection: manifest=none progressive=360 (manifests collected=0)
2026-08-27 23:35:53.839 NuvioTV[87386:12641599] [TrailerExtract] repack candidates: avcVideo=1080p avc1.640028 (android) m4aAudio=mp4a.40.2 (android)
2026-08-27 23:35:53.861 NuvioTV[87386:12640420] [HomeScrollProbe] pinned-panel y=1299 inset=0 residual=1299
2026-08-27 23:35:53.927 NuvioTV[87386:12640420] [HomeScrollProbe] pinned-panel y=1298 inset=0 residual=1298
2026-08-27 23:35:53.993 NuvioTV[87386:12640420] [HomeScrollProbe] title row=app.xperience.21e577a3-adc1-47c4-a75b-34493a8dab94:series:recs_series_for_you margin=554 slide=0 net=554
2026-08-27 23:35:53.994 NuvioTV[87386:12640420] [HomeScrollProbe] title row=app.xperience.21e577a3-adc1-47c4-a75b-34493a8dab94:movie:recs_movies_for_you margin=0 slide=0 net=0
2026-08-27 23:35:54.110 NuvioTV[87386:12640420] [HomeScrollProbe] pinned-panel y=1297 inset=0 residual=1297
2026-08-27 23:35:54.515 NuvioTV[87386:12640420] [HomeScrollProbe] REST pinned-panel y=1297 inset=0 residual=1297
2026-08-27 23:35:54.564 NuvioTV[87386:12640420] [HomeScrollProbe] pinned-panel y=1287 inset=0 residual=1287
2026-08-27 23:35:54.564 NuvioTV[87386:12640420] [HomeScrollProbe] title row=app.xperience.21e577a3-adc1-47c4-a75b-34493a8dab94:series:recs_series_for_you margin=564 slide=0 net=564
2026-08-27 23:35:54.564 NuvioTV[87386:12640420] [HomeScrollProbe] title row=app.xperience.21e577a3-adc1-47c4-a75b-34493a8dab94:movie:recs_movies_for_you margin=10 slide=0 net=10
2026-08-27 23:35:54.568 NuvioTV[87386:12641599] [TrailerExtract] repack decision: avc=1080p vs progressive=360p -> ELIGIBLE
2026-08-27 23:35:54.581 NuvioTV[87386:12640420] [HomeScrollProbe] pinned-panel y=1267 inset=0 residual=1267
2026-08-27 23:35:54.581 NuvioTV[87386:12640420] [HomeScrollProbe] title row=app.xperience.21e577a3-adc1-47c4-a75b-34493a8dab94:series:recs_series_for_you margin=584 slide=0 net=584
2026-08-27 23:35:54.581 NuvioTV[87386:12640420] [HomeScrollProbe] title row=app.xperience.21e577a3-adc1-47c4-a75b-34493a8dab94:movie:recs_movies_for_you margin=30 slide=0 net=30
2026-08-27 23:35:54.616 NuvioTV[87386:12640420] [HomeScrollProbe] pinned-panel y=1237 inset=0 residual=1237
2026-08-27 23:35:54.616 NuvioTV[87386:12640420] [HomeScrollProbe] title row=58eddeb3-875e-47be-b94c-9e71577dcc88 margin=-328 slide=72 net=-256
2026-08-27 23:35:54.616 NuvioTV[87386:12640420] [HomeScrollProbe] title row=app.xperience.21e577a3-adc1-47c4-a75b-34493a8dab94:movie:recs_movies_for_you margin=60 slide=0 net=60
2026-08-27 23:35:54.648 NuvioTV[87386:12640420] [HomeScrollProbe] pinned-panel y=1197 inset=0 residual=1197
2026-08-27 23:35:54.648 NuvioTV[87386:12640420] [HomeScrollProbe] title row=58eddeb3-875e-47be-b94c-9e71577dcc88 margin=-288 slide=72 net=-216
2026-08-27 23:35:54.648 NuvioTV[87386:12640420] [HomeScrollProbe] title row=app.xperience.21e577a3-adc1-47c4-a75b-34493a8dab94:movie:recs_movies_for_you margin=100 slide=0 net=100
2026-08-27 23:35:54.680 NuvioTV[87386:12640420] [HomeScrollProbe] pinned-panel y=1147 inset=0 residual=1147
2026-08-27 23:35:54.680 NuvioTV[87386:12640420] [HomeScrollProbe] title row=58eddeb3-875e-47be-b94c-9e71577dcc88 margin=-238 slide=72 net=-166
2026-08-27 23:35:54.680 NuvioTV[87386:12640420] [HomeScrollProbe] title row=app.xperience.21e577a3-adc1-47c4-a75b-34493a8dab94:movie:recs_movies_for_you margin=150 slide=0 net=150
2026-08-27 23:35:54.697 NuvioTV[87386:12640420] [HomeScrollProbe] pinned-panel y=1111 inset=0 residual=1111
2026-08-27 23:35:54.697 NuvioTV[87386:12640420] [HomeScrollProbe] title row=58eddeb3-875e-47be-b94c-9e71577dcc88 margin=-202 slide=72 net=-130
2026-08-27 23:35:54.697 NuvioTV[87386:12640420] [HomeScrollProbe] title row=app.xperience.21e577a3-adc1-47c4-a75b-34493a8dab94:movie:recs_movies_for_you margin=186 slide=0 net=186
2026-08-27 23:35:54.712 NuvioTV[87386:12640420] [HomeScrollProbe] pinned-panel y=1082 inset=0 residual=1082
2026-08-27 23:35:54.712 NuvioTV[87386:12640420] [HomeScrollProbe] title row=58eddeb3-875e-47be-b94c-9e71577dcc88 margin=-172 slide=72 net=-100
2026-08-27 23:35:54.712 NuvioTV[87386:12640420] [HomeScrollProbe] title row=app.xperience.21e577a3-adc1-47c4-a75b-34493a8dab94:movie:recs_movies_for_you margin=216 slide=0 net=216
2026-08-27 23:35:54.728 NuvioTV[87386:12640420] [HomeScrollProbe] pinned-panel y=1054 inset=0 residual=1054
2026-08-27 23:35:54.728 NuvioTV[87386:12640420] [HomeScrollProbe] title row=58eddeb3-875e-47be-b94c-9e71577dcc88 margin=-144 slide=72 net=-72
2026-08-27 23:35:54.728 NuvioTV[87386:12640420] [HomeScrollProbe] title row=app.xperience.21e577a3-adc1-47c4-a75b-34493a8dab94:movie:recs_movies_for_you margin=244 slide=0 net=244
2026-08-27 23:35:54.744 NuvioTV[87386:12640420] [HomeScrollProbe] pinned-panel y=1027 inset=0 residual=1027
2026-08-27 23:35:54.744 NuvioTV[87386:12640420] [HomeScrollProbe] title row=58eddeb3-875e-47be-b94c-9e71577dcc88 margin=-118 slide=72 net=-46
2026-08-27 23:35:54.744 NuvioTV[87386:12640420] [HomeScrollProbe] title row=app.xperience.21e577a3-adc1-47c4-a75b-34493a8dab94:movie:recs_movies_for_you margin=270 slide=0 net=270
2026-08-27 23:35:54.777 NuvioTV[87386:12640420] [HomeScrollProbe] pinned-panel y=990 inset=0 residual=990
2026-08-27 23:35:54.777 NuvioTV[87386:12640420] [HomeScrollProbe] title row=58eddeb3-875e-47be-b94c-9e71577dcc88 margin=-80 slide=72 net=-8
2026-08-27 23:35:54.777 NuvioTV[87386:12640420] [HomeScrollProbe] title row=app.xperience.21e577a3-adc1-47c4-a75b-34493a8dab94:movie:recs_movies_for_you margin=308 slide=0 net=308
2026-08-27 23:35:54.794 NuvioTV[87386:12640420] [HomeScrollProbe] pinned-panel y=969 inset=0 residual=969
2026-08-27 23:35:54.794 NuvioTV[87386:12640420] [HomeScrollProbe] title row=58eddeb3-875e-47be-b94c-9e71577dcc88 margin=-60 slide=60 net=0
2026-08-27 23:35:54.794 NuvioTV[87386:12640420] [HomeScrollProbe] title row=app.xperience.21e577a3-adc1-47c4-a75b-34493a8dab94:movie:recs_movies_for_you margin=328 slide=0 net=328
2026-08-27 23:35:54.810 NuvioTV[87386:12640420] [HomeScrollProbe] pinned-panel y=951 inset=0 residual=951
2026-08-27 23:35:54.810 NuvioTV[87386:12640420] [HomeScrollProbe] title row=58eddeb3-875e-47be-b94c-9e71577dcc88 margin=-42 slide=42 net=0
2026-08-27 23:35:54.810 NuvioTV[87386:12640420] [HomeScrollProbe] title row=app.xperience.21e577a3-adc1-47c4-a75b-34493a8dab94:movie:recs_movies_for_you margin=346 slide=0 net=346
2026-08-27 23:35:54.827 NuvioTV[87386:12640420] [HomeScrollProbe] pinned-panel y=934 inset=0 residual=934
2026-08-27 23:35:54.828 NuvioTV[87386:12640420] [HomeScrollProbe] title row=58eddeb3-875e-47be-b94c-9e71577dcc88 margin=-24 slide=24 net=0
2026-08-27 23:35:54.828 NuvioTV[87386:12640420] [HomeScrollProbe] title row=app.xperience.21e577a3-adc1-47c4-a75b-34493a8dab94:movie:recs_movies_for_you margin=364 slide=0 net=364
2026-08-27 23:35:54.844 NuvioTV[87386:12640420] [HomeScrollProbe] pinned-panel y=919 inset=0 residual=919
2026-08-27 23:35:54.844 NuvioTV[87386:12640420] [HomeScrollProbe] title row=58eddeb3-875e-47be-b94c-9e71577dcc88 margin=-10 slide=10 net=0
2026-08-27 23:35:54.844 NuvioTV[87386:12640420] [HomeScrollProbe] title row=app.xperience.21e577a3-adc1-47c4-a75b-34493a8dab94:movie:recs_movies_for_you margin=378 slide=0 net=378
2026-08-27 23:35:54.860 NuvioTV[87386:12640420] [HomeScrollProbe] pinned-panel y=905 inset=0 residual=905
2026-08-27 23:35:54.861 NuvioTV[87386:12640420] [HomeScrollProbe] title row=58eddeb3-875e-47be-b94c-9e71577dcc88 margin=4 slide=0 net=4
2026-08-27 23:35:54.861 NuvioTV[87386:12640420] [HomeScrollProbe] title row=app.xperience.21e577a3-adc1-47c4-a75b-34493a8dab94:movie:recs_movies_for_you margin=392 slide=0 net=392
2026-08-27 23:35:54.888 NuvioTV[87386:12640420] [HomeScrollProbe] pinned-panel y=886 inset=0 residual=886
2026-08-27 23:35:54.888 NuvioTV[87386:12640420] [HomeScrollProbe] title row=58eddeb3-875e-47be-b94c-9e71577dcc88 margin=24 slide=0 net=24
2026-08-27 23:35:54.888 NuvioTV[87386:12640420] [HomeScrollProbe] title row=app.xperience.21e577a3-adc1-47c4-a75b-34493a8dab94:movie:recs_movies_for_you margin=412 slide=0 net=412
2026-08-27 23:35:54.893 NuvioTV[87386:12640420] [HomeScrollProbe] pinned-panel y=882 inset=0 residual=882
2026-08-27 23:35:54.894 NuvioTV[87386:12640420] [HomeScrollProbe] title row=58eddeb3-875e-47be-b94c-9e71577dcc88 margin=28 slide=0 net=28
2026-08-27 23:35:54.894 NuvioTV[87386:12640420] [HomeScrollProbe] title row=app.xperience.21e577a3-adc1-47c4-a75b-34493a8dab94:movie:recs_movies_for_you margin=416 slide=0 net=416
2026-08-27 23:35:54.911 NuvioTV[87386:12640420] [HomeScrollProbe] pinned-panel y=873 inset=0 residual=873
2026-08-27 23:35:54.911 NuvioTV[87386:12640420] [HomeScrollProbe] title row=58eddeb3-875e-47be-b94c-9e71577dcc88 margin=36 slide=0 net=36
2026-08-27 23:35:54.911 NuvioTV[87386:12640420] [HomeScrollProbe] title row=app.xperience.21e577a3-adc1-47c4-a75b-34493a8dab94:movie:recs_movies_for_you margin=424 slide=0 net=424
2026-08-27 23:35:54.928 NuvioTV[87386:12640420] [HomeScrollProbe] pinned-panel y=864 inset=0 residual=864
2026-08-27 23:35:54.928 NuvioTV[87386:12640420] [HomeScrollProbe] title row=58eddeb3-875e-47be-b94c-9e71577dcc88 margin=46 slide=0 net=46
2026-08-27 23:35:54.928 NuvioTV[87386:12640420] [HomeScrollProbe] title row=app.xperience.21e577a3-adc1-47c4-a75b-34493a8dab94:movie:recs_movies_for_you margin=434 slide=0 net=434
2026-08-27 23:35:54.944 NuvioTV[87386:12640420] [HomeScrollProbe] pinned-panel y=856 inset=0 residual=856
2026-08-27 23:35:54.945 NuvioTV[87386:12640420] [HomeScrollProbe] title row=upcoming margin=-374 slide=72 net=-302
2026-08-27 23:35:54.945 NuvioTV[87386:12640420] [HomeScrollProbe] title row=58eddeb3-875e-47be-b94c-9e71577dcc88 margin=54 slide=0 net=54
2026-08-27 23:35:54.945 NuvioTV[87386:12640420] [HomeScrollProbe] title row=app.xperience.21e577a3-adc1-47c4-a75b-34493a8dab94:movie:recs_movies_for_you margin=442 slide=0 net=442
2026-08-27 23:35:54.977 NuvioTV[87386:12640420] [HomeScrollProbe] pinned-panel y=842 inset=0 residual=842
2026-08-27 23:35:54.977 NuvioTV[87386:12640420] [HomeScrollProbe] title row=upcoming margin=-360 slide=72 net=-288
2026-08-27 23:35:54.977 NuvioTV[87386:12640420] [HomeScrollProbe] title row=58eddeb3-875e-47be-b94c-9e71577dcc88 margin=68 slide=0 net=68
2026-08-27 23:35:54.977 NuvioTV[87386:12640420] [HomeScrollProbe] title row=app.xperience.21e577a3-adc1-47c4-a75b-34493a8dab94:movie:recs_movies_for_you margin=456 slide=0 net=456
2026-08-27 23:35:54.994 NuvioTV[87386:12640420] [HomeScrollProbe] pinned-panel y=836 inset=0 residual=836
2026-08-27 23:35:54.994 NuvioTV[87386:12640420] [HomeScrollProbe] title row=upcoming margin=-354 slide=72 net=-282
2026-08-27 23:35:54.994 NuvioTV[87386:12640420] [HomeScrollProbe] title row=58eddeb3-875e-47be-b94c-9e71577dcc88 margin=74 slide=0 net=74
2026-08-27 23:35:54.994 NuvioTV[87386:12640420] [HomeScrollProbe] title row=app.xperience.21e577a3-adc1-47c4-a75b-34493a8dab94:movie:recs_movies_for_you margin=462 slide=0 net=462
2026-08-27 23:35:55.011 NuvioTV[87386:12640420] [HomeScrollProbe] pinned-panel y=831 inset=0 residual=831
2026-08-27 23:35:55.011 NuvioTV[87386:12640420] [HomeScrollProbe] title row=upcoming margin=-348 slide=72 net=-276
2026-08-27 23:35:55.011 NuvioTV[87386:12640420] [HomeScrollProbe] title row=58eddeb3-875e-47be-b94c-9e71577dcc88 margin=78 slide=0 net=78
2026-08-27 23:35:55.011 NuvioTV[87386:12640420] [HomeScrollProbe] title row=app.xperience.21e577a3-adc1-47c4-a75b-34493a8dab94:movie:recs_movies_for_you margin=466 slide=0 net=466
2026-08-27 23:35:55.028 NuvioTV[87386:12640420] [HomeScrollProbe] pinned-panel y=826 inset=0 residual=826
2026-08-27 23:35:55.028 NuvioTV[87386:12640420] [HomeScrollProbe] title row=upcoming margin=-344 slide=72 net=-272
2026-08-27 23:35:55.028 NuvioTV[87386:12640420] [HomeScrollProbe] title row=58eddeb3-875e-47be-b94c-9e71577dcc88 margin=84 slide=0 net=84
2026-08-27 23:35:55.028 NuvioTV[87386:12640420] [HomeScrollProbe] title row=app.xperience.21e577a3-adc1-47c4-a75b-34493a8dab94:movie:recs_movies_for_you margin=472 slide=0 net=472
2026-08-27 23:35:55.044 NuvioTV[87386:12640420] [HomeScrollProbe] pinned-panel y=822 inset=0 residual=822
2026-08-27 23:35:55.044 NuvioTV[87386:12640420] [HomeScrollProbe] title row=upcoming margin=-340 slide=72 net=-268
2026-08-27 23:35:55.044 NuvioTV[87386:12640420] [HomeScrollProbe] title row=58eddeb3-875e-47be-b94c-9e71577dcc88 margin=88 slide=0 net=88
2026-08-27 23:35:55.044 NuvioTV[87386:12640420] [HomeScrollProbe] title row=app.xperience.21e577a3-adc1-47c4-a75b-34493a8dab94:movie:recs_movies_for_you margin=476 slide=0 net=476
2026-08-27 23:35:55.060 NuvioTV[87386:12640420] [HomeScrollProbe] pinned-panel y=818 inset=0 residual=818
2026-08-27 23:35:55.060 NuvioTV[87386:12640420] [HomeScrollProbe] title row=upcoming margin=-336 slide=72 net=-264
2026-08-27 23:35:55.061 NuvioTV[87386:12640420] [HomeScrollProbe] title row=58eddeb3-875e-47be-b94c-9e71577dcc88 margin=92 slide=0 net=92
2026-08-27 23:35:55.061 NuvioTV[87386:12640420] [HomeScrollProbe] title row=app.xperience.21e577a3-adc1-47c4-a75b-34493a8dab94:movie:recs_movies_for_you margin=480 slide=0 net=480
2026-08-27 23:35:55.073 NuvioTV[87386:12641064] [TrailerRepack] serving 1920x1080 avc1+mp4a (32+17 segments) at http://127.0.0.1:8230/17b4acce706c6c38c058da4e62f49b3a/master.m3u8
2026-08-27 23:35:55.078 NuvioTV[87386:12640420] [HomeScrollProbe] pinned-panel y=815 inset=0 residual=815
2026-08-27 23:35:55.078 NuvioTV[87386:12640420] [HomeScrollProbe] title row=upcoming margin=-332 slide=72 net=-260
2026-08-27 23:35:55.078 NuvioTV[87386:12640420] [HomeScrollProbe] title row=58eddeb3-875e-47be-b94c-9e71577dcc88 margin=94 slide=0 net=94
2026-08-27 23:35:55.078 NuvioTV[87386:12640420] [HomeScrollProbe] title row=app.xperience.21e577a3-adc1-47c4-a75b-34493a8dab94:movie:recs_movies_for_you margin=482 slide=0 net=482
2026-08-27 23:35:55.094 NuvioTV[87386:12640420] [HomeScrollProbe] pinned-panel y=812 inset=0 residual=812
2026-08-27 23:35:55.094 NuvioTV[87386:12640420] [HomeScrollProbe] title row=upcoming margin=-330 slide=72 net=-258
2026-08-27 23:35:55.094 NuvioTV[87386:12640420] [HomeScrollProbe] title row=58eddeb3-875e-47be-b94c-9e71577dcc88 margin=98 slide=0 net=98
2026-08-27 23:35:55.094 NuvioTV[87386:12640420] [HomeScrollProbe] title row=app.xperience.21e577a3-adc1-47c4-a75b-34493a8dab94:movie:recs_movies_for_you margin=486 slide=0 net=486
2026-08-27 23:35:55.111 NuvioTV[87386:12640420] [HomeScrollProbe] pinned-panel y=809 inset=0 residual=809
2026-08-27 23:35:55.111 NuvioTV[87386:12640420] [HomeScrollProbe] title row=upcoming margin=-326 slide=72 net=-254
2026-08-27 23:35:55.111 NuvioTV[87386:12640420] [HomeScrollProbe] title row=58eddeb3-875e-47be-b94c-9e71577dcc88 margin=100 slide=0 net=100
2026-08-27 23:35:55.111 NuvioTV[87386:12640420] [HomeScrollProbe] title row=app.xperience.21e577a3-adc1-47c4-a75b-34493a8dab94:movie:recs_movies_for_you margin=488 slide=0 net=488
2026-08-27 23:35:55.128 NuvioTV[87386:12640420] [HomeScrollProbe] pinned-panel y=807 inset=0 residual=807
2026-08-27 23:35:55.128 NuvioTV[87386:12640420] [HomeScrollProbe] title row=upcoming margin=-324 slide=72 net=-252
2026-08-27 23:35:55.128 NuvioTV[87386:12640420] [HomeScrollProbe] title row=58eddeb3-875e-47be-b94c-9e71577dcc88 margin=102 slide=0 net=102
2026-08-27 23:35:55.128 NuvioTV[87386:12640420] [HomeScrollProbe] title row=app.xperience.21e577a3-adc1-47c4-a75b-34493a8dab94:movie:recs_movies_for_you margin=490 slide=0 net=490
2026-08-27 23:35:55.145 NuvioTV[87386:12640420] [HomeScrollProbe] pinned-panel y=805 inset=0 residual=805
2026-08-27 23:35:55.145 NuvioTV[87386:12640420] [HomeScrollProbe] title row=upcoming margin=-322 slide=72 net=-250
2026-08-27 23:35:55.145 NuvioTV[87386:12640420] [HomeScrollProbe] title row=58eddeb3-875e-47be-b94c-9e71577dcc88 margin=104 slide=0 net=104
2026-08-27 23:35:55.145 NuvioTV[87386:12640420] [HomeScrollProbe] title row=app.xperience.21e577a3-adc1-47c4-a75b-34493a8dab94:movie:recs_movies_for_you margin=492 slide=0 net=492
2026-08-27 23:35:55.162 NuvioTV[87386:12640420] [HomeScrollProbe] pinned-panel y=803 inset=0 residual=803
2026-08-27 23:35:55.162 NuvioTV[87386:12640420] [HomeScrollProbe] title row=upcoming margin=-320 slide=72 net=-248
2026-08-27 23:35:55.162 NuvioTV[87386:12640420] [HomeScrollProbe] title row=58eddeb3-875e-47be-b94c-9e71577dcc88 margin=106 slide=0 net=106
2026-08-27 23:35:55.162 NuvioTV[87386:12640420] [HomeScrollProbe] title row=app.xperience.21e577a3-adc1-47c4-a75b-34493a8dab94:movie:recs_movies_for_you margin=494 slide=0 net=494
2026-08-27 23:35:55.178 NuvioTV[87386:12640420] [HomeScrollProbe] pinned-panel y=801 inset=0 residual=801
2026-08-27 23:35:55.178 NuvioTV[87386:12640420] [HomeScrollProbe] title row=upcoming margin=-318 slide=72 net=-246
2026-08-27 23:35:55.178 NuvioTV[87386:12640420] [HomeScrollProbe] title row=58eddeb3-875e-47be-b94c-9e71577dcc88 margin=108 slide=0 net=108
2026-08-27 23:35:55.178 NuvioTV[87386:12640420] [HomeScrollProbe] title row=app.xperience.21e577a3-adc1-47c4-a75b-34493a8dab94:movie:recs_movies_for_you margin=496 slide=0 net=496
2026-08-27 23:35:55.194 NuvioTV[87386:12640420] [HomeScrollProbe] pinned-panel y=799 inset=0 residual=799
2026-08-27 23:35:55.194 NuvioTV[87386:12640420] [HomeScrollProbe] title row=upcoming margin=-316 slide=72 net=-244
2026-08-27 23:35:55.195 NuvioTV[87386:12640420] [HomeScrollProbe] title row=58eddeb3-875e-47be-b94c-9e71577dcc88 margin=110 slide=0 net=110
2026-08-27 23:35:55.195 NuvioTV[87386:12640420] [HomeScrollProbe] title row=app.xperience.21e577a3-adc1-47c4-a75b-34493a8dab94:movie:recs_movies_for_you margin=498 slide=0 net=498
2026-08-27 23:35:55.211 NuvioTV[87386:12640420] [HomeScrollProbe] pinned-panel y=798 inset=0 residual=798
2026-08-27 23:35:55.211 NuvioTV[87386:12640420] [HomeScrollProbe] title row=58eddeb3-875e-47be-b94c-9e71577dcc88 margin=112 slide=0 net=112
2026-08-27 23:35:55.211 NuvioTV[87386:12640420] [HomeScrollProbe] title row=app.xperience.21e577a3-adc1-47c4-a75b-34493a8dab94:movie:recs_movies_for_you margin=500 slide=0 net=500
2026-08-27 23:35:55.227 NuvioTV[87386:12640420] [HomeScrollProbe] pinned-panel y=796 inset=0 residual=796
2026-08-27 23:35:55.227 NuvioTV[87386:12640420] [HomeScrollProbe] title row=upcoming margin=-314 slide=72 net=-242
2026-08-27 23:35:55.227 NuvioTV[87386:12640420] [HomeScrollProbe] title row=58eddeb3-875e-47be-b94c-9e71577dcc88 margin=114 slide=0 net=114
2026-08-27 23:35:55.227 NuvioTV[87386:12640420] [HomeScrollProbe] title row=app.xperience.21e577a3-adc1-47c4-a75b-34493a8dab94:movie:recs_movies_for_you margin=502 slide=0 net=502
2026-08-27 23:35:55.243 NuvioTV[87386:12640420] [HomeScrollProbe] pinned-panel y=795 inset=0 residual=795
2026-08-27 23:35:55.244 NuvioTV[87386:12640420] [HomeScrollProbe] title row=upcoming margin=-312 slide=72 net=-240
2026-08-27 23:35:55.261 NuvioTV[87386:12640420] [HomeScrollProbe] pinned-panel y=794 inset=0 residual=794
2026-08-27 23:35:55.261 NuvioTV[87386:12640420] [HomeScrollProbe] title row=58eddeb3-875e-47be-b94c-9e71577dcc88 margin=116 slide=0 net=116
2026-08-27 23:35:55.261 NuvioTV[87386:12640420] [HomeScrollProbe] title row=app.xperience.21e577a3-adc1-47c4-a75b-34493a8dab94:movie:recs_movies_for_you margin=504 slide=0 net=504
2026-08-27 23:35:55.277 NuvioTV[87386:12640420] [HomeScrollProbe] pinned-panel y=793 inset=0 residual=793
2026-08-27 23:35:55.277 NuvioTV[87386:12640420] [HomeScrollProbe] title row=upcoming margin=-310 slide=72 net=-238
2026-08-27 23:35:55.294 NuvioTV[87386:12640420] [HomeScrollProbe] pinned-panel y=792 inset=0 residual=792
2026-08-27 23:35:55.294 NuvioTV[87386:12640420] [HomeScrollProbe] title row=58eddeb3-875e-47be-b94c-9e71577dcc88 margin=118 slide=0 net=118
2026-08-27 23:35:55.294 NuvioTV[87386:12640420] [HomeScrollProbe] title row=app.xperience.21e577a3-adc1-47c4-a75b-34493a8dab94:movie:recs_movies_for_you margin=506 slide=0 net=506
2026-08-27 23:35:55.327 NuvioTV[87386:12640420] [HomeScrollProbe] pinned-panel y=791 inset=0 residual=791
2026-08-27 23:35:55.327 NuvioTV[87386:12640420] [HomeScrollProbe] title row=upcoming margin=-308 slide=72 net=-236
2026-08-27 23:35:55.344 NuvioTV[87386:12640420] [HomeScrollProbe] pinned-panel y=790 inset=0 residual=790
2026-08-27 23:35:55.344 NuvioTV[87386:12640420] [HomeScrollProbe] title row=58eddeb3-875e-47be-b94c-9e71577dcc88 margin=120 slide=0 net=120
2026-08-27 23:35:55.344 NuvioTV[87386:12640420] [HomeScrollProbe] title row=app.xperience.21e577a3-adc1-47c4-a75b-34493a8dab94:movie:recs_movies_for_you margin=508 slide=0 net=508
2026-08-27 23:35:55.377 NuvioTV[87386:12640420] [HomeScrollProbe] pinned-panel y=789 inset=0 residual=789
2026-08-27 23:35:55.377 NuvioTV[87386:12640420] [HomeScrollProbe] title row=upcoming margin=-306 slide=72 net=-234
2026-08-27 23:35:55.410 NuvioTV[87386:12640420] [HomeScrollProbe] pinned-panel y=788 inset=0 residual=788
2026-08-27 23:35:55.410 NuvioTV[87386:12640420] [HomeScrollProbe] title row=58eddeb3-875e-47be-b94c-9e71577dcc88 margin=122 slide=0 net=122
2026-08-27 23:35:55.410 NuvioTV[87386:12640420] [HomeScrollProbe] title row=app.xperience.21e577a3-adc1-47c4-a75b-34493a8dab94:movie:recs_movies_for_you margin=510 slide=0 net=510
2026-08-27 23:35:55.460 NuvioTV[87386:12640420] [HomeScrollProbe] pinned-panel y=787 inset=0 residual=787
2026-08-27 23:35:55.460 NuvioTV[87386:12640420] [HomeScrollProbe] title row=upcoming margin=-304 slide=72 net=-232
2026-08-27 23:35:55.528 NuvioTV[87386:12640420] [HomeScrollProbe] pinned-panel y=786 inset=0 residual=786
2026-08-27 23:35:55.528 NuvioTV[87386:12640420] [HomeScrollProbe] title row=58eddeb3-875e-47be-b94c-9e71577dcc88 margin=124 slide=0 net=124
2026-08-27 23:35:55.528 NuvioTV[87386:12640420] [HomeScrollProbe] title row=app.xperience.21e577a3-adc1-47c4-a75b-34493a8dab94:movie:recs_movies_for_you margin=512 slide=0 net=512
2026-08-27 23:35:55.662 NuvioTV[87386:12640420] [HomeScrollProbe] pinned-panel y=785 inset=0 residual=785
2026-08-27 23:35:55.662 NuvioTV[87386:12640420] [HomeScrollProbe] title row=upcoming margin=-302 slide=72 net=-230
2026-08-27 23:35:56.082 NuvioTV[87386:12640420] [HomeScrollProbe] REST pinned-panel y=785 inset=0 residual=785
2026-08-27 23:35:56.121 NuvioTV[87386:12640420] [HomeScrollProbe] pinned-panel y=775 inset=0 residual=775
2026-08-27 23:35:56.121 NuvioTV[87386:12640420] [HomeScrollProbe] title row=upcoming margin=-292 slide=72 net=-220
2026-08-27 23:35:56.121 NuvioTV[87386:12640420] [HomeScrollProbe] title row=58eddeb3-875e-47be-b94c-9e71577dcc88 margin=134 slide=0 net=134
2026-08-27 23:35:56.121 NuvioTV[87386:12640420] [HomeScrollProbe] title row=app.xperience.21e577a3-adc1-47c4-a75b-34493a8dab94:movie:recs_movies_for_you margin=522 slide=0 net=522
2026-08-27 23:35:56.128 NuvioTV[87386:12640420] [HomeScrollProbe] pinned-panel y=759 inset=0 residual=759
2026-08-27 23:35:56.128 NuvioTV[87386:12640420] [HomeScrollProbe] title row=upcoming margin=-276 slide=72 net=-204
2026-08-27 23:35:56.128 NuvioTV[87386:12640420] [HomeScrollProbe] title row=58eddeb3-875e-47be-b94c-9e71577dcc88 margin=150 slide=0 net=150
2026-08-27 23:35:56.128 NuvioTV[87386:12640420] [HomeScrollProbe] title row=app.xperience.21e577a3-adc1-47c4-a75b-34493a8dab94:movie:recs_movies_for_you margin=538 slide=0 net=538
2026-08-27 23:35:56.145 NuvioTV[87386:12640420] [HomeScrollProbe] pinned-panel y=733 inset=0 residual=733
2026-08-27 23:35:56.145 NuvioTV[87386:12640420] [HomeScrollProbe] title row=upcoming margin=-250 slide=72 net=-178
2026-08-27 23:35:56.145 NuvioTV[87386:12640420] [HomeScrollProbe] title row=58eddeb3-875e-47be-b94c-9e71577dcc88 margin=176 slide=0 net=176
2026-08-27 23:35:56.145 NuvioTV[87386:12640420] [HomeScrollProbe] title row=app.xperience.21e577a3-adc1-47c4-a75b-34493a8dab94:movie:recs_movies_for_you margin=564 slide=0 net=564
2026-08-27 23:35:56.161 NuvioTV[87386:12640420] [HomeScrollProbe] pinned-panel y=698 inset=0 residual=698
2026-08-27 23:35:56.161 NuvioTV[87386:12640420] [HomeScrollProbe] title row=upcoming margin=-216 slide=72 net=-144
2026-08-27 23:35:56.161 NuvioTV[87386:12640420] [HomeScrollProbe] title row=58eddeb3-875e-47be-b94c-9e71577dcc88 margin=212 slide=0 net=212
2026-08-27 23:35:56.161 NuvioTV[87386:12640420] [HomeScrollProbe] title row=app.xperience.21e577a3-adc1-47c4-a75b-34493a8dab94:movie:recs_movies_for_you margin=600 slide=0 net=600
2026-08-27 23:35:56.177 NuvioTV[87386:12640420] [HomeScrollProbe] pinned-panel y=665 inset=0 residual=665
2026-08-27 23:35:56.177 NuvioTV[87386:12640420] [HomeScrollProbe] title row=58eddeb3-875e-47be-b94c-9e71577dcc88 margin=244 slide=0 net=244
2026-08-27 23:35:56.177 NuvioTV[87386:12640420] [HomeScrollProbe] title row=upcoming margin=-182 slide=72 net=-110
2026-08-27 23:35:56.194 NuvioTV[87386:12640420] [HomeScrollProbe] pinned-panel y=635 inset=0 residual=635
2026-08-27 23:35:56.194 NuvioTV[87386:12640420] [HomeScrollProbe] title row=58eddeb3-875e-47be-b94c-9e71577dcc88 margin=274 slide=0 net=274
2026-08-27 23:35:56.194 NuvioTV[87386:12640420] [HomeScrollProbe] title row=upcoming margin=-152 slide=72 net=-80
2026-08-27 23:35:56.211 NuvioTV[87386:12640420] [HomeScrollProbe] pinned-panel y=609 inset=0 residual=609
2026-08-27 23:35:56.211 NuvioTV[87386:12640420] [HomeScrollProbe] title row=58eddeb3-875e-47be-b94c-9e71577dcc88 margin=300 slide=0 net=300
2026-08-27 23:35:56.211 NuvioTV[87386:12640420] [HomeScrollProbe] title row=upcoming margin=-126 slide=72 net=-54
2026-08-27 23:35:56.227 NuvioTV[87386:12640420] [HomeScrollProbe] pinned-panel y=585 inset=0 residual=585
2026-08-27 23:35:56.227 NuvioTV[87386:12640420] [HomeScrollProbe] title row=58eddeb3-875e-47be-b94c-9e71577dcc88 margin=324 slide=0 net=324
2026-08-27 23:35:56.227 NuvioTV[87386:12640420] [HomeScrollProbe] title row=upcoming margin=-102 slide=72 net=-30
2026-08-27 23:35:56.243 NuvioTV[87386:12640420] [HomeScrollProbe] pinned-panel y=564 inset=0 residual=564
2026-08-27 23:35:56.243 NuvioTV[87386:12640420] [HomeScrollProbe] title row=58eddeb3-875e-47be-b94c-9e71577dcc88 margin=346 slide=0 net=346
2026-08-27 23:35:56.243 NuvioTV[87386:12640420] [HomeScrollProbe] title row=upcoming margin=-82 slide=72 net=-10
2026-08-27 23:35:56.260 NuvioTV[87386:12640420] [HomeScrollProbe] pinned-panel y=544 inset=0 residual=544
2026-08-27 23:35:56.260 NuvioTV[87386:12640420] [HomeScrollProbe] title row=58eddeb3-875e-47be-b94c-9e71577dcc88 margin=366 slide=0 net=366
2026-08-27 23:35:56.260 NuvioTV[87386:12640420] [HomeScrollProbe] title row=upcoming margin=-62 slide=62 net=0
2026-08-27 23:35:56.277 NuvioTV[87386:12640420] [HomeScrollProbe] pinned-panel y=527 inset=0 residual=527
2026-08-27 23:35:56.277 NuvioTV[87386:12640420] [HomeScrollProbe] title row=58eddeb3-875e-47be-b94c-9e71577dcc88 margin=382 slide=0 net=382
2026-08-27 23:35:56.277 NuvioTV[87386:12640420] [HomeScrollProbe] title row=upcoming margin=-44 slide=44 net=0
2026-08-27 23:35:56.294 NuvioTV[87386:12640420] [HomeScrollProbe] pinned-panel y=511 inset=0 residual=511
2026-08-27 23:35:56.294 NuvioTV[87386:12640420] [HomeScrollProbe] title row=58eddeb3-875e-47be-b94c-9e71577dcc88 margin=398 slide=0 net=398
2026-08-27 23:35:56.294 NuvioTV[87386:12640420] [HomeScrollProbe] title row=upcoming margin=-28 slide=28 net=0
2026-08-27 23:35:56.310 NuvioTV[87386:12640420] [HomeScrollProbe] pinned-panel y=497 inset=0 residual=497
2026-08-27 23:35:56.310 NuvioTV[87386:12640420] [HomeScrollProbe] title row=58eddeb3-875e-47be-b94c-9e71577dcc88 margin=412 slide=0 net=412
2026-08-27 23:35:56.310 NuvioTV[87386:12640420] [HomeScrollProbe] title row=upcoming margin=-14 slide=14 net=0
2026-08-27 23:35:56.327 NuvioTV[87386:12640420] [HomeScrollProbe] pinned-panel y=485 inset=0 residual=485
2026-08-27 23:35:56.327 NuvioTV[87386:12640420] [HomeScrollProbe] title row=58eddeb3-875e-47be-b94c-9e71577dcc88 margin=424 slide=0 net=424
2026-08-27 23:35:56.327 NuvioTV[87386:12640420] [HomeScrollProbe] title row=upcoming margin=-2 slide=2 net=0
2026-08-27 23:35:56.360 NuvioTV[87386:12640420] [HomeScrollProbe] pinned-panel y=462 inset=0 residual=462
2026-08-27 23:35:56.360 NuvioTV[87386:12640420] [HomeScrollProbe] title row=58eddeb3-875e-47be-b94c-9e71577dcc88 margin=448 slide=0 net=448
2026-08-27 23:35:56.360 NuvioTV[87386:12640420] [HomeScrollProbe] title row=upcoming margin=20 slide=0 net=20
2026-08-27 23:35:56.393 NuvioTV[87386:12640420] [HomeScrollProbe] pinned-panel y=445 inset=0 residual=445
2026-08-27 23:35:56.393 NuvioTV[87386:12640420] [HomeScrollProbe] title row=58eddeb3-875e-47be-b94c-9e71577dcc88 margin=464 slide=0 net=464
2026-08-27 23:35:56.394 NuvioTV[87386:12640420] [HomeScrollProbe] title row=upcoming margin=38 slide=0 net=38
2026-08-27 23:35:56.410 NuvioTV[87386:12640420] [HomeScrollProbe] pinned-panel y=437 inset=0 residual=437
2026-08-27 23:35:56.410 NuvioTV[87386:12640420] [HomeScrollProbe] title row=58eddeb3-875e-47be-b94c-9e71577dcc88 margin=472 slide=0 net=472
2026-08-27 23:35:56.410 NuvioTV[87386:12640420] [HomeScrollProbe] title row=upcoming margin=46 slide=0 net=46
2026-08-27 23:35:56.428 NuvioTV[87386:12640420] [HomeScrollProbe] pinned-panel y=431 inset=0 residual=431
2026-08-27 23:35:56.428 NuvioTV[87386:12640420] [HomeScrollProbe] title row=continue-watching margin=-374 slide=72 net=-302
2026-08-27 23:35:56.428 NuvioTV[87386:12640420] [HomeScrollProbe] title row=58eddeb3-875e-47be-b94c-9e71577dcc88 margin=478 slide=0 net=478
2026-08-27 23:35:56.428 NuvioTV[87386:12640420] [HomeScrollProbe] title row=upcoming margin=52 slide=0 net=52
2026-08-27 23:35:56.443 NuvioTV[87386:12640420] [HomeScrollProbe] pinned-panel y=425 inset=0 residual=425
2026-08-27 23:35:56.444 NuvioTV[87386:12640420] [HomeScrollProbe] title row=continue-watching margin=-368 slide=72 net=-296
2026-08-27 23:35:56.444 NuvioTV[87386:12640420] [HomeScrollProbe] title row=58eddeb3-875e-47be-b94c-9e71577dcc88 margin=484 slide=0 net=484
2026-08-27 23:35:56.444 NuvioTV[87386:12640420] [HomeScrollProbe] title row=upcoming margin=58 slide=0 net=58
2026-08-27 23:35:56.460 NuvioTV[87386:12640420] [HomeScrollProbe] pinned-panel y=419 inset=0 residual=419
2026-08-27 23:35:56.460 NuvioTV[87386:12640420] [HomeScrollProbe] title row=continue-watching margin=-364 slide=72 net=-292
2026-08-27 23:35:56.460 NuvioTV[87386:12640420] [HomeScrollProbe] title row=58eddeb3-875e-47be-b94c-9e71577dcc88 margin=490 slide=0 net=490
2026-08-27 23:35:56.460 NuvioTV[87386:12640420] [HomeScrollProbe] title row=upcoming margin=64 slide=0 net=64
2026-08-27 23:35:56.477 NuvioTV[87386:12640420] [HomeScrollProbe] pinned-panel y=414 inset=0 residual=414
2026-08-27 23:35:56.477 NuvioTV[87386:12640420] [HomeScrollProbe] title row=continue-watching margin=-358 slide=72 net=-286
2026-08-27 23:35:56.477 NuvioTV[87386:12640420] [HomeScrollProbe] title row=58eddeb3-875e-47be-b94c-9e71577dcc88 margin=496 slide=0 net=496
2026-08-27 23:35:56.477 NuvioTV[87386:12640420] [HomeScrollProbe] title row=upcoming margin=68 slide=0 net=68
2026-08-27 23:35:56.493 NuvioTV[87386:12640420] [HomeScrollProbe] pinned-panel y=410 inset=0 residual=410
2026-08-27 23:35:56.493 NuvioTV[87386:12640420] [HomeScrollProbe] title row=continue-watching margin=-354 slide=72 net=-282
2026-08-27 23:35:56.493 NuvioTV[87386:12640420] [HomeScrollProbe] title row=58eddeb3-875e-47be-b94c-9e71577dcc88 margin=500 slide=0 net=500
2026-08-27 23:35:56.493 NuvioTV[87386:12640420] [HomeScrollProbe] title row=upcoming margin=72 slide=0 net=72
2026-08-27 23:35:56.510 NuvioTV[87386:12640420] [HomeScrollProbe] pinned-panel y=406 inset=0 residual=406
2026-08-27 23:35:56.510 NuvioTV[87386:12640420] [HomeScrollProbe] title row=continue-watching margin=-350 slide=72 net=-278
2026-08-27 23:35:56.510 NuvioTV[87386:12640420] [HomeScrollProbe] title row=58eddeb3-875e-47be-b94c-9e71577dcc88 margin=504 slide=0 net=504
2026-08-27 23:35:56.510 NuvioTV[87386:12640420] [HomeScrollProbe] title row=upcoming margin=76 slide=0 net=76
2026-08-27 23:35:56.526 NuvioTV[87386:12640420] [HomeScrollProbe] pinned-panel y=403 inset=0 residual=403
2026-08-27 23:35:56.526 NuvioTV[87386:12640420] [HomeScrollProbe] title row=continue-watching margin=-346 slide=72 net=-274
2026-08-27 23:35:56.526 NuvioTV[87386:12640420] [HomeScrollProbe] title row=58eddeb3-875e-47be-b94c-9e71577dcc88 margin=506 slide=0 net=506
2026-08-27 23:35:56.527 NuvioTV[87386:12640420] [HomeScrollProbe] title row=upcoming margin=80 slide=0 net=80
2026-08-27 23:35:56.544 NuvioTV[87386:12640420] [HomeScrollProbe] pinned-panel y=400 inset=0 residual=400
2026-08-27 23:35:56.544 NuvioTV[87386:12640420] [HomeScrollProbe] title row=continue-watching margin=-344 slide=72 net=-272
2026-08-27 23:35:56.544 NuvioTV[87386:12640420] [HomeScrollProbe] title row=58eddeb3-875e-47be-b94c-9e71577dcc88 margin=510 slide=0 net=510
2026-08-27 23:35:56.544 NuvioTV[87386:12640420] [HomeScrollProbe] title row=upcoming margin=84 slide=0 net=84
2026-08-27 23:35:56.561 NuvioTV[87386:12640420] [HomeScrollProbe] pinned-panel y=397 inset=0 residual=397
2026-08-27 23:35:56.561 NuvioTV[87386:12640420] [HomeScrollProbe] title row=continue-watching margin=-340 slide=72 net=-268
2026-08-27 23:35:56.561 NuvioTV[87386:12640420] [HomeScrollProbe] title row=58eddeb3-875e-47be-b94c-9e71577dcc88 margin=512 slide=0 net=512
2026-08-27 23:35:56.561 NuvioTV[87386:12640420] [HomeScrollProbe] title row=upcoming margin=86 slide=0 net=86
2026-08-27 23:35:56.577 NuvioTV[87386:12640420] [HomeScrollProbe] pinned-panel y=394 inset=0 residual=394
2026-08-27 23:35:56.577 NuvioTV[87386:12640420] [HomeScrollProbe] title row=continue-watching margin=-338 slide=72 net=-266
2026-08-27 23:35:56.577 NuvioTV[87386:12640420] [HomeScrollProbe] title row=58eddeb3-875e-47be-b94c-9e71577dcc88 margin=516 slide=0 net=516
2026-08-27 23:35:56.578 NuvioTV[87386:12640420] [HomeScrollProbe] title row=upcoming margin=88 slide=0 net=88
2026-08-27 23:35:56.594 NuvioTV[87386:12640420] [HomeScrollProbe] pinned-panel y=392 inset=0 residual=392
2026-08-27 23:35:56.594 NuvioTV[87386:12640420] [HomeScrollProbe] title row=continue-watching margin=-336 slide=72 net=-264
2026-08-27 23:35:56.594 NuvioTV[87386:12640420] [HomeScrollProbe] title row=58eddeb3-875e-47be-b94c-9e71577dcc88 margin=518 slide=0 net=518
2026-08-27 23:35:56.594 NuvioTV[87386:12640420] [HomeScrollProbe] title row=upcoming margin=92 slide=0 net=92
2026-08-27 23:35:56.611 NuvioTV[87386:12640420] [HomeScrollProbe] pinned-panel y=390 inset=0 residual=390
2026-08-27 23:35:56.611 NuvioTV[87386:12640420] [HomeScrollProbe] title row=continue-watching margin=-334 slide=72 net=-262
2026-08-27 23:35:56.611 NuvioTV[87386:12640420] [HomeScrollProbe] title row=58eddeb3-875e-47be-b94c-9e71577dcc88 margin=520 slide=0 net=520
2026-08-27 23:35:56.611 NuvioTV[87386:12640420] [HomeScrollProbe] title row=upcoming margin=94 slide=0 net=94
2026-08-27 23:35:56.628 NuvioTV[87386:12640420] [HomeScrollProbe] pinned-panel y=388 inset=0 residual=388
2026-08-27 23:35:56.628 NuvioTV[87386:12640420] [HomeScrollProbe] title row=continue-watching margin=-332 slide=72 net=-260
2026-08-27 23:35:56.628 NuvioTV[87386:12640420] [HomeScrollProbe] title row=58eddeb3-875e-47be-b94c-9e71577dcc88 margin=522 slide=0 net=522
2026-08-27 23:35:56.645 NuvioTV[87386:12640420] [HomeScrollProbe] pinned-panel y=386 inset=0 residual=386
2026-08-27 23:35:56.645 NuvioTV[87386:12640420] [HomeScrollProbe] title row=continue-watching margin=-330 slide=72 net=-258
2026-08-27 23:35:56.645 NuvioTV[87386:12640420] [HomeScrollProbe] title row=58eddeb3-875e-47be-b94c-9e71577dcc88 margin=524 slide=0 net=524
2026-08-27 23:35:56.645 NuvioTV[87386:12640420] [HomeScrollProbe] title row=upcoming margin=96 slide=0 net=96
2026-08-27 23:35:56.661 NuvioTV[87386:12640420] [HomeScrollProbe] pinned-panel y=385 inset=0 residual=385
2026-08-27 23:35:56.661 NuvioTV[87386:12640420] [HomeScrollProbe] title row=continue-watching margin=-328 slide=72 net=-256
2026-08-27 23:35:56.661 NuvioTV[87386:12640420] [HomeScrollProbe] title row=upcoming margin=98 slide=0 net=98
2026-08-27 23:35:56.678 NuvioTV[87386:12640420] [HomeScrollProbe] pinned-panel y=384 inset=0 residual=384
2026-08-27 23:35:56.678 NuvioTV[87386:12640420] [HomeScrollProbe] title row=58eddeb3-875e-47be-b94c-9e71577dcc88 margin=526 slide=0 net=526
2026-08-27 23:35:56.678 NuvioTV[87386:12640420] [HomeScrollProbe] title row=upcoming margin=100 slide=0 net=100
2026-08-27 23:35:56.694 NuvioTV[87386:12640420] [HomeScrollProbe] pinned-panel y=382 inset=0 residual=382
2026-08-27 23:35:56.694 NuvioTV[87386:12640420] [HomeScrollProbe] title row=continue-watching margin=-326 slide=72 net=-254
2026-08-27 23:35:56.694 NuvioTV[87386:12640420] [HomeScrollProbe] title row=58eddeb3-875e-47be-b94c-9e71577dcc88 margin=528 slide=0 net=528
2026-08-27 23:35:56.711 NuvioTV[87386:12640420] [HomeScrollProbe] pinned-panel y=381 inset=0 residual=381
2026-08-27 23:35:56.711 NuvioTV[87386:12640420] [HomeScrollProbe] title row=upcoming margin=102 slide=0 net=102
2026-08-27 23:35:56.727 NuvioTV[87386:12640420] [HomeScrollProbe] pinned-panel y=380 inset=0 residual=380
2026-08-27 23:35:56.727 NuvioTV[87386:12640420] [HomeScrollProbe] title row=continue-watching margin=-324 slide=72 net=-252
2026-08-27 23:35:56.727 NuvioTV[87386:12640420] [HomeScrollProbe] title row=58eddeb3-875e-47be-b94c-9e71577dcc88 margin=530 slide=0 net=530
2026-08-27 23:35:56.744 NuvioTV[87386:12640420] [HomeScrollProbe] pinned-panel y=379 inset=0 residual=379
2026-08-27 23:35:56.744 NuvioTV[87386:12640420] [HomeScrollProbe] title row=upcoming margin=104 slide=0 net=104
2026-08-27 23:35:56.761 NuvioTV[87386:12640420] [HomeScrollProbe] title row=continue-watching margin=-322 slide=72 net=-250
2026-08-27 23:35:56.777 NuvioTV[87386:12640420] [HomeScrollProbe] pinned-panel y=378 inset=0 residual=378
2026-08-27 23:35:56.777 NuvioTV[87386:12640420] [HomeScrollProbe] title row=58eddeb3-875e-47be-b94c-9e71577dcc88 margin=532 slide=0 net=532
2026-08-27 23:35:56.777 NuvioTV[87386:12640420] [HomeScrollProbe] title row=upcoming margin=106 slide=0 net=106
2026-08-27 23:35:56.794 NuvioTV[87386:12640420] [HomeScrollProbe] pinned-panel y=377 inset=0 residual=377
2026-08-27 23:35:56.811 NuvioTV[87386:12640420] [HomeScrollProbe] title row=continue-watching margin=-320 slide=72 net=-248
2026-08-27 23:35:56.827 NuvioTV[87386:12640420] [HomeScrollProbe] pinned-panel y=376 inset=0 residual=376
2026-08-27 23:35:56.827 NuvioTV[87386:12640420] [HomeScrollProbe] title row=58eddeb3-875e-47be-b94c-9e71577dcc88 margin=534 slide=0 net=534
2026-08-27 23:35:56.844 NuvioTV[87386:12640420] [HomeScrollProbe] title row=upcoming margin=108 slide=0 net=108
2026-08-27 23:35:56.860 NuvioTV[87386:12640420] [HomeScrollProbe] pinned-panel y=375 inset=0 residual=375
2026-08-27 23:35:56.877 NuvioTV[87386:12640420] [HomeScrollProbe] title row=continue-watching margin=-318 slide=72 net=-246
2026-08-27 23:35:56.910 NuvioTV[87386:12640420] [HomeScrollProbe] pinned-panel y=374 inset=0 residual=374
2026-08-27 23:35:56.911 NuvioTV[87386:12640420] [HomeScrollProbe] title row=58eddeb3-875e-47be-b94c-9e71577dcc88 margin=536 slide=0 net=536
2026-08-27 23:35:56.927 NuvioTV[87386:12640420] [HomeScrollProbe] title row=upcoming margin=110 slide=0 net=110
2026-08-27 23:35:56.960 NuvioTV[87386:12640420] [HomeScrollProbe] pinned-panel y=373 inset=0 residual=373
2026-08-27 23:35:57.010 NuvioTV[87386:12640420] [HomeScrollProbe] title row=continue-watching margin=-316 slide=72 net=-244
2026-08-27 23:35:57.077 NuvioTV[87386:12640420] [HomeScrollProbe] pinned-panel y=372 inset=0 residual=372
2026-08-27 23:35:57.077 NuvioTV[87386:12640420] [HomeScrollProbe] title row=58eddeb3-875e-47be-b94c-9e71577dcc88 margin=538 slide=0 net=538
2026-08-27 23:35:57.195 NuvioTV[87386:12640420] [HomeScrollProbe] title row=upcoming margin=112 slide=0 net=112
2026-08-27 23:35:57.497 NuvioTV[87386:12640420] [HomeScrollProbe] REST pinned-panel y=372 inset=0 residual=372
2026-08-27 23:35:57.730 NuvioTV[87386:12640420] [HomeScrollProbe] pinned-panel y=362 inset=0 residual=362
2026-08-27 23:35:57.730 NuvioTV[87386:12640420] [HomeScrollProbe] title row=continue-watching margin=-306 slide=72 net=-234
2026-08-27 23:35:57.730 NuvioTV[87386:12640420] [HomeScrollProbe] title row=58eddeb3-875e-47be-b94c-9e71577dcc88 margin=548 slide=0 net=548
2026-08-27 23:35:57.730 NuvioTV[87386:12640420] [HomeScrollProbe] title row=upcoming margin=122 slide=0 net=122
2026-08-27 23:35:57.747 NuvioTV[87386:12640420] [HomeScrollProbe] pinned-panel y=342 inset=0 residual=342
2026-08-27 23:35:57.747 NuvioTV[87386:12640420] [HomeScrollProbe] title row=continue-watching margin=-286 slide=72 net=-214
2026-08-27 23:35:57.747 NuvioTV[87386:12640420] [HomeScrollProbe] title row=58eddeb3-875e-47be-b94c-9e71577dcc88 margin=568 slide=0 net=568
2026-08-27 23:35:57.747 NuvioTV[87386:12640420] [HomeScrollProbe] title row=upcoming margin=142 slide=0 net=142
2026-08-27 23:35:57.765 NuvioTV[87386:12640420] [HomeScrollProbe] pinned-panel y=312 inset=0 residual=312
2026-08-27 23:35:57.765 NuvioTV[87386:12640420] [HomeScrollProbe] title row=continue-watching margin=-256 slide=72 net=-184
2026-08-27 23:35:57.765 NuvioTV[87386:12640420] [HomeScrollProbe] title row=58eddeb3-875e-47be-b94c-9e71577dcc88 margin=598 slide=0 net=598
2026-08-27 23:35:57.765 NuvioTV[87386:12640420] [HomeScrollProbe] title row=upcoming margin=172 slide=0 net=172
2026-08-27 23:35:57.780 NuvioTV[87386:12640420] [HomeScrollProbe] pinned-panel y=282 inset=0 residual=282
2026-08-27 23:35:57.780 NuvioTV[87386:12640420] [HomeScrollProbe] title row=continue-watching margin=-226 slide=72 net=-154
2026-08-27 23:35:57.780 NuvioTV[87386:12640420] [HomeScrollProbe] title row=upcoming margin=200 slide=0 net=200
2026-08-27 23:35:57.794 NuvioTV[87386:12640420] [HomeScrollProbe] pinned-panel y=257 inset=0 residual=257
2026-08-27 23:35:57.794 NuvioTV[87386:12640420] [HomeScrollProbe] title row=continue-watching margin=-202 slide=72 net=-130
2026-08-27 23:35:57.794 NuvioTV[87386:12640420] [HomeScrollProbe] title row=upcoming margin=226 slide=0 net=226
2026-08-27 23:35:57.811 NuvioTV[87386:12640420] [HomeScrollProbe] pinned-panel y=230 inset=0 residual=230
2026-08-27 23:35:57.811 NuvioTV[87386:12640420] [HomeScrollProbe] title row=continue-watching margin=-174 slide=72 net=-102
2026-08-27 23:35:57.811 NuvioTV[87386:12640420] [HomeScrollProbe] title row=upcoming margin=254 slide=0 net=254
2026-08-27 23:35:57.828 NuvioTV[87386:12640420] [HomeScrollProbe] pinned-panel y=207 inset=0 residual=207
2026-08-27 23:35:57.828 NuvioTV[87386:12640420] [HomeScrollProbe] title row=continue-watching margin=-150 slide=72 net=-78
2026-08-27 23:35:57.828 NuvioTV[87386:12640420] [HomeScrollProbe] title row=upcoming margin=276 slide=0 net=276
2026-08-27 23:35:57.844 NuvioTV[87386:12640420] [HomeScrollProbe] pinned-panel y=187 inset=0 residual=187
2026-08-27 23:35:57.844 NuvioTV[87386:12640420] [HomeScrollProbe] title row=continue-watching margin=-132 slide=72 net=-60
2026-08-27 23:35:57.844 NuvioTV[87386:12640420] [HomeScrollProbe] title row=upcoming margin=296 slide=0 net=296
2026-08-27 23:35:57.860 NuvioTV[87386:12640420] [HomeScrollProbe] pinned-panel y=169 inset=0 residual=169
2026-08-27 23:35:57.860 NuvioTV[87386:12640420] [HomeScrollProbe] title row=continue-watching margin=-112 slide=72 net=-40
2026-08-27 23:35:57.860 NuvioTV[87386:12640420] [HomeScrollProbe] title row=upcoming margin=314 slide=0 net=314
2026-08-27 23:35:57.877 NuvioTV[87386:12640420] [HomeScrollProbe] pinned-panel y=152 inset=0 residual=152
2026-08-27 23:35:57.877 NuvioTV[87386:12640420] [HomeScrollProbe] title row=continue-watching margin=-96 slide=72 net=-24
2026-08-27 23:35:57.877 NuvioTV[87386:12640420] [HomeScrollProbe] title row=upcoming margin=332 slide=0 net=332
2026-08-27 23:35:57.894 NuvioTV[87386:12640420] [HomeScrollProbe] pinned-panel y=136 inset=0 residual=136
2026-08-27 23:35:57.894 NuvioTV[87386:12640420] [HomeScrollProbe] title row=continue-watching margin=-80 slide=72 net=-8
2026-08-27 23:35:57.894 NuvioTV[87386:12640420] [HomeScrollProbe] title row=upcoming margin=346 slide=0 net=346
2026-08-27 23:35:57.910 NuvioTV[87386:12640420] [HomeScrollProbe] pinned-panel y=123 inset=0 residual=123
2026-08-27 23:35:57.910 NuvioTV[87386:12640420] [HomeScrollProbe] title row=continue-watching margin=-66 slide=66 net=0
2026-08-27 23:35:57.911 NuvioTV[87386:12640420] [HomeScrollProbe] title row=upcoming margin=360 slide=0 net=360
2026-08-27 23:35:57.935 NuvioTV[87386:12640420] [HomeScrollProbe] pinned-panel y=104 inset=0 residual=104
2026-08-27 23:35:57.935 NuvioTV[87386:12640420] [HomeScrollProbe] title row=continue-watching margin=-48 slide=48 net=0
2026-08-27 23:35:57.935 NuvioTV[87386:12640420] [HomeScrollProbe] title row=upcoming margin=378 slide=0 net=378
2026-08-27 23:35:57.948 NuvioTV[87386:12640420] [HomeScrollProbe] pinned-panel y=95 inset=0 residual=95
2026-08-27 23:35:57.948 NuvioTV[87386:12640420] [HomeScrollProbe] title row=continue-watching margin=-40 slide=40 net=0
2026-08-27 23:35:57.948 NuvioTV[87386:12640420] [HomeScrollProbe] title row=upcoming margin=388 slide=0 net=388
2026-08-27 23:35:57.977 NuvioTV[87386:12640420] [HomeScrollProbe] pinned-panel y=80 inset=0 residual=80
2026-08-27 23:35:57.977 NuvioTV[87386:12640420] [HomeScrollProbe] title row=continue-watching margin=-24 slide=24 net=0
2026-08-27 23:35:57.977 NuvioTV[87386:12640420] [HomeScrollProbe] title row=upcoming margin=404 slide=0 net=404
2026-08-27 23:35:57.993 NuvioTV[87386:12640420] [HomeScrollProbe] pinned-panel y=72 inset=0 residual=72
2026-08-27 23:35:57.993 NuvioTV[87386:12640420] [HomeScrollProbe] title row=continue-watching margin=-16 slide=16 net=0
2026-08-27 23:35:57.994 NuvioTV[87386:12640420] [HomeScrollProbe] title row=upcoming margin=412 slide=0 net=412
2026-08-27 23:35:58.010 NuvioTV[87386:12640420] [HomeScrollProbe] pinned-panel y=65 inset=0 residual=65
2026-08-27 23:35:58.010 NuvioTV[87386:12640420] [HomeScrollProbe] title row=continue-watching margin=-8 slide=8 net=0
2026-08-27 23:35:58.010 NuvioTV[87386:12640420] [HomeScrollProbe] title row=upcoming margin=418 slide=0 net=418
2026-08-27 23:35:58.026 NuvioTV[87386:12640420] [HomeScrollProbe] pinned-panel y=58 inset=0 residual=58
2026-08-27 23:35:58.027 NuvioTV[87386:12640420] [HomeScrollProbe] title row=continue-watching margin=-2 slide=2 net=0
2026-08-27 23:35:58.027 NuvioTV[87386:12640420] [HomeScrollProbe] title row=upcoming margin=424 slide=0 net=424
2026-08-27 23:35:58.043 NuvioTV[87386:12640420] [HomeScrollProbe] pinned-panel y=52 inset=0 residual=52
2026-08-27 23:35:58.043 NuvioTV[87386:12640420] [HomeScrollProbe] title row=continue-watching margin=4 slide=0 net=4
2026-08-27 23:35:58.043 NuvioTV[87386:12640420] [HomeScrollProbe] title row=upcoming margin=430 slide=0 net=430
2026-08-27 23:35:58.060 NuvioTV[87386:12640420] [HomeScrollProbe] pinned-panel y=47 inset=0 residual=47
2026-08-27 23:35:58.060 NuvioTV[87386:12640420] [HomeScrollProbe] title row=continue-watching margin=10 slide=0 net=10
2026-08-27 23:35:58.060 NuvioTV[87386:12640420] [HomeScrollProbe] title row=upcoming margin=436 slide=0 net=436
2026-08-27 23:35:58.077 NuvioTV[87386:12640420] [HomeScrollProbe] pinned-panel y=42 inset=0 residual=42
2026-08-27 23:35:58.077 NuvioTV[87386:12640420] [HomeScrollProbe] title row=continue-watching margin=14 slide=0 net=14
2026-08-27 23:35:58.077 NuvioTV[87386:12640420] [HomeScrollProbe] title row=upcoming margin=440 slide=0 net=440
2026-08-27 23:35:58.093 NuvioTV[87386:12640420] [HomeScrollProbe] pinned-panel y=38 inset=0 residual=38
2026-08-27 23:35:58.093 NuvioTV[87386:12640420] [HomeScrollProbe] title row=continue-watching margin=18 slide=0 net=18
2026-08-27 23:35:58.093 NuvioTV[87386:12640420] [HomeScrollProbe] title row=upcoming margin=444 slide=0 net=444
2026-08-27 23:35:58.110 NuvioTV[87386:12640420] [HomeScrollProbe] pinned-panel y=34 inset=0 residual=34
2026-08-27 23:35:58.110 NuvioTV[87386:12640420] [HomeScrollProbe] title row=continue-watching margin=22 slide=0 net=22
2026-08-27 23:35:58.110 NuvioTV[87386:12640420] [HomeScrollProbe] title row=upcoming margin=448 slide=0 net=448
2026-08-27 23:35:58.127 NuvioTV[87386:12640420] [HomeScrollProbe] pinned-panel y=31 inset=0 residual=31
2026-08-27 23:35:58.127 NuvioTV[87386:12640420] [HomeScrollProbe] title row=continue-watching margin=26 slide=0 net=26
2026-08-27 23:35:58.127 NuvioTV[87386:12640420] [HomeScrollProbe] title row=upcoming margin=452 slide=0 net=452
2026-08-27 23:35:58.143 NuvioTV[87386:12640420] [HomeScrollProbe] pinned-panel y=28 inset=0 residual=28
2026-08-27 23:35:58.143 NuvioTV[87386:12640420] [HomeScrollProbe] title row=continue-watching margin=28 slide=0 net=28
2026-08-27 23:35:58.143 NuvioTV[87386:12640420] [HomeScrollProbe] title row=upcoming margin=456 slide=0 net=456
2026-08-27 23:35:58.160 NuvioTV[87386:12640420] [HomeScrollProbe] pinned-panel y=25 inset=0 residual=25
2026-08-27 23:35:58.160 NuvioTV[87386:12640420] [HomeScrollProbe] title row=continue-watching margin=32 slide=0 net=32
2026-08-27 23:35:58.160 NuvioTV[87386:12640420] [HomeScrollProbe] title row=upcoming margin=458 slide=0 net=458
2026-08-27 23:35:58.177 NuvioTV[87386:12640420] [HomeScrollProbe] pinned-panel y=23 inset=0 residual=23
2026-08-27 23:35:58.177 NuvioTV[87386:12640420] [HomeScrollProbe] title row=continue-watching margin=34 slide=0 net=34
2026-08-27 23:35:58.177 NuvioTV[87386:12640420] [HomeScrollProbe] title row=upcoming margin=460 slide=0 net=460
2026-08-27 23:35:58.194 NuvioTV[87386:12640420] [HomeScrollProbe] pinned-panel y=20 inset=0 residual=20
2026-08-27 23:35:58.194 NuvioTV[87386:12640420] [HomeScrollProbe] title row=continue-watching margin=36 slide=0 net=36
2026-08-27 23:35:58.194 NuvioTV[87386:12640420] [HomeScrollProbe] title row=upcoming margin=462 slide=0 net=462
2026-08-27 23:35:58.210 NuvioTV[87386:12640420] [HomeScrollProbe] pinned-panel y=18 inset=0 residual=18
2026-08-27 23:35:58.210 NuvioTV[87386:12640420] [HomeScrollProbe] title row=continue-watching margin=38 slide=0 net=38
2026-08-27 23:35:58.211 NuvioTV[87386:12640420] [HomeScrollProbe] title row=upcoming margin=464 slide=0 net=464
2026-08-27 23:35:58.227 NuvioTV[87386:12640420] [HomeScrollProbe] pinned-panel y=16 inset=0 residual=16
2026-08-27 23:35:58.227 NuvioTV[87386:12640420] [HomeScrollProbe] title row=continue-watching margin=40 slide=0 net=40
2026-08-27 23:35:58.227 NuvioTV[87386:12640420] [HomeScrollProbe] title row=upcoming margin=466 slide=0 net=466
2026-08-27 23:35:58.244 NuvioTV[87386:12640420] [HomeScrollProbe] pinned-panel y=15 inset=0 residual=15
2026-08-27 23:35:58.244 NuvioTV[87386:12640420] [HomeScrollProbe] title row=continue-watching margin=42 slide=0 net=42
2026-08-27 23:35:58.244 NuvioTV[87386:12640420] [HomeScrollProbe] title row=upcoming margin=468 slide=0 net=468
2026-08-27 23:35:58.260 NuvioTV[87386:12640420] [HomeScrollProbe] pinned-panel y=13 inset=0 residual=13
2026-08-27 23:35:58.261 NuvioTV[87386:12640420] [HomeScrollProbe] title row=continue-watching margin=44 slide=0 net=44
2026-08-27 23:35:58.261 NuvioTV[87386:12640420] [HomeScrollProbe] title row=upcoming margin=470 slide=0 net=470
2026-08-27 23:35:58.277 NuvioTV[87386:12640420] [HomeScrollProbe] pinned-panel y=12 inset=0 residual=12
2026-08-27 23:35:58.294 NuvioTV[87386:12640420] [HomeScrollProbe] pinned-panel y=11 inset=0 residual=11
2026-08-27 23:35:58.294 NuvioTV[87386:12640420] [HomeScrollProbe] title row=continue-watching margin=46 slide=0 net=46
2026-08-27 23:35:58.294 NuvioTV[87386:12640420] [HomeScrollProbe] title row=upcoming margin=472 slide=0 net=472
2026-08-27 23:35:58.310 NuvioTV[87386:12640420] [HomeScrollProbe] pinned-panel y=10 inset=0 residual=10
2026-08-27 23:35:58.310 NuvioTV[87386:12640420] [HomeScrollProbe] title row=upcoming margin=474 slide=0 net=474
2026-08-27 23:35:58.327 NuvioTV[87386:12640420] [HomeScrollProbe] pinned-panel y=9 inset=0 residual=9
2026-08-27 23:35:58.327 NuvioTV[87386:12640420] [HomeScrollProbe] title row=continue-watching margin=48 slide=0 net=48
2026-08-27 23:35:58.343 NuvioTV[87386:12640420] [HomeScrollProbe] pinned-panel y=8 inset=0 residual=8
2026-08-27 23:35:58.344 NuvioTV[87386:12640420] [HomeScrollProbe] title row=upcoming margin=476 slide=0 net=476
2026-08-27 23:35:58.361 NuvioTV[87386:12640420] [HomeScrollProbe] pinned-panel y=7 inset=0 residual=7
2026-08-27 23:35:58.361 NuvioTV[87386:12640420] [HomeScrollProbe] title row=continue-watching margin=50 slide=0 net=50
2026-08-27 23:35:58.364 NuvioTV[87386:12641086] [TrailerExtract] client=android_vr NO streamingData (playability=LOGIN_REQUIRED reason=Sign in to confirm you’re not a bot)
2026-08-27 23:35:58.394 NuvioTV[87386:12640420] [HomeScrollProbe] pinned-panel y=6 inset=0 residual=6
2026-08-27 23:35:58.394 NuvioTV[87386:12640420] [HomeScrollProbe] title row=upcoming margin=478 slide=0 net=478
2026-08-27 23:35:58.410 NuvioTV[87386:12640420] [HomeScrollProbe] pinned-panel y=5 inset=0 residual=5
2026-08-27 23:35:58.410 NuvioTV[87386:12640420] [HomeScrollProbe] title row=continue-watching margin=52 slide=0 net=52
2026-08-27 23:35:58.444 NuvioTV[87386:12640420] [HomeScrollProbe] pinned-panel y=4 inset=0 residual=4
2026-08-27 23:35:58.461 NuvioTV[87386:12640420] [HomeScrollProbe] title row=upcoming margin=480 slide=0 net=480
2026-08-27 23:35:58.493 NuvioTV[87386:12641064] [TrailerExtract] client=android video=0dclNQV71-k hls=false formats=1 adaptive=31 sdKeys=expiresInSeconds,formats,adaptiveFormats,serverAbrStreamingUrl,metadataFormats
2026-08-27 23:35:58.494 NuvioTV[87386:12640420] [HomeScrollProbe] pinned-panel y=3 inset=0 residual=3
2026-08-27 23:35:58.494 NuvioTV[87386:12640420] [HomeScrollProbe] title row=continue-watching margin=54 slide=0 net=54
2026-08-27 23:35:58.544 NuvioTV[87386:12640420] [HomeScrollProbe] pinned-panel y=2 inset=0 residual=2
2026-08-27 23:35:58.594 NuvioTV[87386:12640420] [HomeScrollProbe] title row=upcoming margin=482 slide=0 net=482
2026-08-27 23:35:58.645 NuvioTV[87386:12640420] [HomeScrollProbe] pinned-panel y=1 inset=0 residual=1
2026-08-27 23:35:58.645 NuvioTV[87386:12640420] [HomeScrollProbe] title row=continue-watching margin=56 slide=0 net=56
2026-08-27 23:35:58.688 NuvioTV[87386:12641749] [TrailerExtract] client=ios video=0dclNQV71-k hls=false formats=0 adaptive=28 sdKeys=expiresInSeconds,adaptiveFormats,aspectRatio,serverAbrStreamingUrl,metadataFormats
2026-08-27 23:35:58.691 NuvioTV[87386:12641749] [TrailerExtract] selection: manifest=none progressive=360 (manifests collected=0)
2026-08-27 23:35:58.692 NuvioTV[87386:12641749] [TrailerExtract] repack candidates: avcVideo=1080p avc1.640028 (android) m4aAudio=mp4a.40.2 (android)
2026-08-27 23:35:58.794 NuvioTV[87386:12640420] [HomeScrollProbe] pinned-panel y=0 inset=0 residual=0
2026-08-27 23:35:59.213 NuvioTV[87386:12640420] [HomeScrollProbe] REST pinned-panel y=0 inset=0 residual=0
2026-08-27 23:35:59.966 NuvioTV[87386:12641606] [TrailerExtract] repack decision: avc=1080p vs progressive=360p -> ELIGIBLE
2026-08-27 23:36:00.535 NuvioTV[87386:12642471] [TrailerRepack] serving 1920x1080 avc1+mp4a (22+12 segments) at http://127.0.0.1:8230/b5e16b7ced57da66dbdf9b1eaea3a36f/master.m3u8
com.nuvio.media.NuvioTV: 87386
